-- phpMyAdmin SQL Dump
-- version 5.2.1
-- https://www.phpmyadmin.net/
--
-- Host: localhost:3306
-- Generation Time: Jul 17, 2025 at 02:00 PM
-- Server version: 10.3.39-MariaDB
-- PHP Version: 8.1.33

SET SQL_MODE = "NO_AUTO_VALUE_ON_ZERO";
START TRANSACTION;
SET time_zone = "+00:00";


/*!40101 SET @OLD_CHARACTER_SET_CLIENT=@@CHARACTER_SET_CLIENT */;
/*!40101 SET @OLD_CHARACTER_SET_RESULTS=@@CHARACTER_SET_RESULTS */;
/*!40101 SET @OLD_COLLATION_CONNECTION=@@COLLATION_CONNECTION */;
/*!40101 SET NAMES utf8mb4 */;

--
-- Database: `ayedacad_eva`
--

-- --------------------------------------------------------

--
-- Table structure for table `cache`
--

CREATE TABLE `cache` (
  `key` varchar(255) NOT NULL,
  `value` mediumtext NOT NULL,
  `expiration` int(11) NOT NULL
) ENGINE=InnoDB DEFAULT CHARSET=utf8mb4 COLLATE=utf8mb4_unicode_ci;

-- --------------------------------------------------------

--
-- Table structure for table `cache_locks`
--

CREATE TABLE `cache_locks` (
  `key` varchar(255) NOT NULL,
  `owner` varchar(255) NOT NULL,
  `expiration` int(11) NOT NULL
) ENGINE=InnoDB DEFAULT CHARSET=utf8mb4 COLLATE=utf8mb4_unicode_ci;

-- --------------------------------------------------------

--
-- Table structure for table `departments`
--

CREATE TABLE `departments` (
  `id` bigint(20) UNSIGNED NOT NULL,
  `name` varchar(255) NOT NULL,
  `created_at` timestamp NULL DEFAULT NULL,
  `updated_at` timestamp NULL DEFAULT NULL
) ENGINE=InnoDB DEFAULT CHARSET=utf8mb4 COLLATE=utf8mb4_unicode_ci;

--
-- Dumping data for table `departments`
--

INSERT INTO `departments` (`id`, `name`, `created_at`, `updated_at`) VALUES
(5, 'ูุณู ุงููููุน', '2025-05-10 15:06:42', '2025-05-10 15:06:42'),
(6, 'ูุณู ุงูุชุตููู ูุงููููุชุงุฌ', '2025-05-10 15:17:11', '2025-05-10 15:17:11'),
(7, 'ูุณู ุงููุบุฉ ุงูุฅูุฌููุฒูุฉ', '2025-05-10 15:17:22', '2025-05-10 15:17:22'),
(8, 'ูุณู ุงูุชุณููู (Marketing)', '2025-05-10 15:17:26', '2025-05-10 15:17:26'),
(9, 'ุงููุณู ุงูุทุจู', '2025-05-10 15:17:28', '2025-05-10 15:17:28'),
(10, 'ูุณู ุงูุฏุนู ุงูููู ูุงูุชุณุฌูู', '2025-05-10 15:17:46', '2025-05-18 11:31:37'),
(11, 'ูุณู ููุงุณ', '2025-05-10 15:18:31', '2025-05-10 15:18:31'),
(14, 'ูุณู ุงููุดุชุฑูุงุช', '2025-05-10 15:18:52', '2025-05-10 15:18:52');

-- --------------------------------------------------------

--
-- Table structure for table `employee_evaluations`
--

CREATE TABLE `employee_evaluations` (
  `id` bigint(20) UNSIGNED NOT NULL,
  `employee_id` bigint(20) UNSIGNED NOT NULL,
  `department_id` bigint(20) UNSIGNED NOT NULL,
  `assigned_by` bigint(20) UNSIGNED NOT NULL,
  `month` varchar(255) NOT NULL,
  `overall_rating` decimal(5,2) DEFAULT NULL,
  `status` tinyint(4) NOT NULL DEFAULT 0,
  `notices` text DEFAULT NULL,
  `recommendations` text DEFAULT NULL,
  `created_at` timestamp NULL DEFAULT NULL,
  `updated_at` timestamp NULL DEFAULT NULL
) ENGINE=InnoDB DEFAULT CHARSET=utf8mb4 COLLATE=utf8mb4_unicode_ci;

--
-- Dumping data for table `employee_evaluations`
--

INSERT INTO `employee_evaluations` (`id`, `employee_id`, `department_id`, `assigned_by`, `month`, `overall_rating`, `status`, `notices`, `recommendations`, `created_at`, `updated_at`) VALUES
(33, 26, 10, 1, '2025-05', 90.00, 2, 'ุนุฏู ูุชุงุจุนุฉ ุงูุชุดุงุช ุงูุฎุงุต ุจุฏูุฑุฉ ุงููุชุณ ุญูุซ ุชู ุงูุชุดุงู ุนุฏู ุฌูุฏุฉ ูุซูุฑ ูู ุงููุญุงุฏุซุงุช', 'ูุชุงุจุนุฉ ุฌูุฏุฉ ูุญุงุฏุซุงุช ูู ุงูุฏูุฑุงุช ุจุดูู ููุชุธู\nุงูุชุฎุทูุท ุงูููุธู ูุจู ุจุฏุงูุฉ ุงูููุชุฑ ููู ุดูุฑ ุนูู ุญุฏุฉ ูุงูุฌุงุฏ ุทุฑู ุฌุฏูุฏุฉ ูููุตูู ููุนููู ูุซู ุงูุงุนุชูุงุฏ ุนูู ุฏุงุชุง', '2025-05-14 13:19:48', '2025-05-29 15:31:24'),
(34, 27, 7, 1, '2025-05', 88.18, 2, NULL, 'ููุตู ุจุชุฏุฑูุจ ุงููุณู ุนูู ุงุณุชุฑุงุชูุฌูุงุช ุญุฏูุซุฉ ููุชุนููู ุงูุงููุชุฑููู\r\nููุตู ุจูุชุงุจุนุฉ ูููุฉ ููุฏูุฑุงุช ุงูุชู ุชุจุฏุง ุญุฏูุซุง ูู ุญูุซ ุงููุญุชูู ูุทุฑู ุงูุชุฏุฑูุณ', '2025-05-14 13:35:24', '2025-05-31 17:11:50'),
(36, 28, 9, 1, '2025-05', 84.55, 2, NULL, NULL, '2025-05-26 18:05:42', '2025-05-29 15:26:59'),
(37, 54, 7, 27, '2025-05', 90.00, 2, NULL, NULL, '2025-05-26 18:57:46', '2025-05-31 17:11:50'),
(38, 55, 7, 27, '2025-05', 90.00, 2, NULL, NULL, '2025-05-26 19:01:32', '2025-05-31 17:11:50'),
(39, 56, 7, 27, '2025-05', 93.00, 2, 'ุงูุชุนุงูู ูุน ุดูุช ุงูุจุฑุงููุช ู ุงูุชูุงุตู ูุน ุงูุทูุงุจ ุจุงุญุชุฑุงููุฉ \r\nุชุคุฏู ุงูููุงู ุจุณุฑุนุฉ ู ุฌูุฏุฉ ุนุงููุฉ', NULL, '2025-05-26 19:03:19', '2025-05-31 17:11:50'),
(40, 57, 7, 27, '2025-05', 91.00, 2, 'ูุฏู ุงููุงุฑ ุฌุฏูุฏุฉ ูุชุทููุฑ ุฎุทุฉ ุงููุฐุงูุฑุฉ ูููุณุชุดุงุฑ ุงูุชุฏุฑูุจู', NULL, '2025-05-26 19:08:55', '2025-05-31 17:11:50'),
(41, 58, 7, 27, '2025-05', 90.00, 2, 'ูุฏูุช ูุฌููุฏ ุฑุงุฆุน ูู ูุญุงุถุฑุงุช ุงููุฑุงุฌุนู ูุน ุฏูุชูุฑ ุนุงูุฏ', NULL, '2025-05-26 19:10:12', '2025-05-31 17:11:50'),
(42, 69, 7, 27, '2025-05', 90.00, 2, NULL, NULL, '2025-05-26 19:16:18', '2025-05-31 17:11:50'),
(43, 63, 6, 24, '2025-05', 95.27, 2, NULL, NULL, '2025-05-26 23:44:56', '2025-05-31 17:19:57'),
(44, 64, 6, 24, '2025-05', 86.00, 2, NULL, NULL, '2025-05-26 23:46:57', '2025-05-31 17:19:57'),
(45, 65, 6, 24, '2025-05', 92.00, 2, NULL, NULL, '2025-05-26 23:48:23', '2025-05-31 17:19:57'),
(46, 66, 6, 24, '2025-05', 70.00, 2, NULL, NULL, '2025-05-26 23:50:53', '2025-05-31 17:19:57'),
(47, 67, 6, 24, '2025-05', 85.00, 2, NULL, NULL, '2025-05-26 23:52:46', '2025-05-31 17:19:57'),
(48, 68, 6, 24, '2025-05', 94.00, 2, NULL, NULL, '2025-05-26 23:53:24', '2025-05-31 17:19:57'),
(49, 62, 5, 23, '2025-05', 94.13, 2, 'ุงุฏุงุก ุฑุงุฆุน ููุชููุฒ ุนูู ูุฏุงุฑ ุงูุดูุฑ\nูุน ูุงูู ุงูุชูุฏูุฑ ูุงูุงูุชูุงู โฅ๏ธ', 'ูก- ูุง ูุฌุจ ุงูุฑุฌูุน ูุฑุฆูุณ ุงููุณู ูู ูู ุงูููุงู ุจุนุถูุง ูููู ุญููุง ุงู ุงูุนูู ุนูููุง ูู ุฎูุงูู.', '2025-05-27 02:29:22', '2025-05-31 17:12:20'),
(50, 61, 5, 23, '2025-05', 89.38, 2, 'ุงุฏุงุก ูููุฒ ุฎูุงู ุงูุดูุฑ \r\nููุชุธุฑ ุงูุฃูุถู ๐ธ', 'ูก- ูุง ูุฌุจ ุงูุฑุฌูุน ูุฑุฆูุณ ุงููุณู ูู ูู ุงูููุงู ุจุนุถูุง ูููู ุญููุง ุงู ุงูุนูู ุนูููุง ูู ุฎูุงูู.', '2025-05-27 02:33:18', '2025-05-31 17:12:20'),
(51, 75, 5, 23, '2025-05', 88.00, 2, '-ูุฏูู ุงูุฃูุถู.\n-ุชู ูุฑุงุนุงุฉ ูุชุฑุฉ ุงูุฃุฎุชุจุงุฑุงุช.\n- ุจุนุถ ุงูููุงู ูุง ุชุณุชูุฌุจ ุงุทุงูุฉ ุงูุญุฏูุซ ุจุฏูุง ูู ุงูุนูู ุนูู ุชูููุฐูุง.\nููุชุธุฑ ุงูุฃูุถู ๐๐ป', 'ูก- ูุง ูุฌุจ ุงูุฑุฌูุน ูุฑุฆูุณ ุงููุณู ูู ูู ุงูููุงู ุจุนุถูุง ูููู ุญููุง ุงู ุงูุนูู ุนูููุง ูู ุฎูุงูู.\r\nูข- ุงุชุจุงุน ุชุนูููุงุช ุฑุฆูุณ ุงููุณู ูู ุชูููุฐ ุจุนุถ ุงูููุงู ูุทุฑููุฉ ุงูุชุนุงูู ุงุซูุงุก ููุช ุงูุนูู.', '2025-05-27 03:10:06', '2025-05-31 17:12:20'),
(52, 29, 10, 26, '2025-05', 82.50, 2, NULL, 'ุจุฑุฌุงุก ุญุถูุฑ ุงูุชุฏุฑูุจุงุช ูู ุงูุงููุงุช ุงููุญุฏุฏุฉ / ุงูุงูุชุฒุงู ุจุดุบู ุงูุฏุนู ุงูููู ูุซู ุงุนุงุฏุฉ ููู ุงูุชูุงุตู ู ุงุฑุณุงู ุงููููุน ููุนููู ุจุนุฏ ุงูุงุดุชุฑุงู // ุนุฏู ุงูุชุฃุฎูุฑ ูู ุงูุฑุฏูุฏ', '2025-05-27 10:46:51', '2025-05-29 15:31:24'),
(53, 30, 10, 26, '2025-05', 91.25, 2, NULL, 'ุงููุฑุงุฌุนุฉ ุงูุฌูุฏุฉ ูุดุบู ุงูุฏุนู ุงูููู ูุซู ุงููุชุฃูุฏ ูู ุงูุชุญูููุงุช ุนูู ุงู ุจูู ููู ูุชู ุนูู ูู ูุงุชูุฑุฉ ุจุดูู ุตุญูุญ / ุงุถุงูู ุงูุนููู ุจููุณ ุงูุฏูุฑุฉ ุงููุฎุชุงุฑุฉ', '2025-05-27 11:02:54', '2025-05-29 15:31:24'),
(54, 31, 10, 26, '2025-05', 93.33, 2, NULL, 'ุงุฏุงุก ููุชุงุฒ ููุท ุฑุฌุงุก ุญุถูุฑ ุงูุชุฏุฑูุจ ูู ุงูููุช ุงููุญุฏุฏ', '2025-05-27 13:34:28', '2025-05-29 15:31:24'),
(55, 71, 10, 26, '2025-05', 95.42, 2, NULL, NULL, '2025-05-27 13:37:52', '2025-05-29 15:31:24'),
(56, 73, 10, 26, '2025-05', 0.00, 2, 'ุนุฏู ุญุถูุฑ ุงูุดูุฑ ูุงูู', NULL, '2025-05-27 13:40:14', '2025-05-29 15:31:24'),
(57, 40, 10, 26, '2025-05', 78.33, 2, NULL, 'ุฑุฌุงุก ุงูุงูุชุจุงู ูููุงู ูุณู ุงูุฏุนู ูุงูู ูู ุงูุตุงูุงุช ูุชุญููู ุนูู ุจููู ูุฎุชููู ููุง ูุชุฑุชุจ ุนูู ุงุฏุงุก ุจุนุฏ ุงูููุงุชูุฑ ุจุงูุดูู ุงูุตุญูุญ //ููุตุงู ุงูุชุงุฌุงุช// ูุชูุถูุญ ุงูููุญูุธู ุนูุฏ ุงูุชุญููู ูู ุฏูุฑุฉ ู ุฏูุฑุฉ', '2025-05-27 13:55:45', '2025-05-29 15:31:24'),
(58, 70, 10, 26, '2025-05', 91.25, 2, NULL, 'ุฑุฌุงุก ุงูุชุฏุฑุฌ ูู ุงูุชุนูู ุงูุซุฑ ุนูุฏ ุญุงูุงุช ุงูุจุฑูุฏูุงุณุช ูุฑุจุทูุง ุจุงwork folw// ุงูุชุนุฑู ุงูุซุฑ ุนูู ูููุฒุงุช ุฑูุณุจููุฏ', '2025-05-27 13:59:16', '2025-05-29 15:31:24'),
(59, 74, 10, 26, '2025-05', 90.08, 2, NULL, 'ุงูุงูุชูุงู ุจูุถุน ุงูุชุงุฌุงุช // ุนุฏู ุงุบูุงู ุงูุดุงุช ุจุฏูู ุงูุฑุฏ ุนูู ุงูุนููู', '2025-05-27 14:12:44', '2025-05-29 15:31:24'),
(60, 41, 10, 26, '2025-05', 93.42, 2, NULL, 'ุงุฏุงุก ููู ุงูููุชุงุฒ ุฏุงุฆูุง ุงูุงุณุชูุฑุงุฑูุฉ ุนูู ูุฐุง ุงููุณุชูู // ุจุงูู ุงูุชุงุฌ ููุท ูุงุนุงุฏุฉ ุงูุชูุงุตู', '2025-05-27 14:37:21', '2025-05-29 15:31:24'),
(61, 42, 10, 26, '2025-05', 88.50, 2, NULL, 'ูุฑุงุฌุนู ููุงู ูุฑูู ุงูุฏุนู ูุซู ุงููุจูุบ ุงููุณุฏุฏ ูุงูุจูู ุงููุญูู ุนููู ูู ู ูุชู ุนูู ูุงุชูุฑุฉ ุฎุทุฃ ููุง ููุฌุฏ ุชุนุฏูู // ุงูุชุงุฌุงุช', '2025-05-27 14:40:16', '2025-05-29 15:31:24'),
(62, 52, 10, 26, '2025-05', 91.50, 2, NULL, 'ููุตุงู ุงูุชุงุฌุงุช // ุงูุชุนููู ุจููููุช ูู ุงูุดุงุช // ุชุงุฎูุฑ ูู ุงูุฑุฏูุฏ', '2025-05-27 15:21:14', '2025-05-29 15:31:24'),
(63, 36, 10, 26, '2025-05', 85.50, 2, NULL, 'ุงูุชุฑููุฒ ุงูุซุฑ ุนูู ูุชุงุจู ุงููุนูููุงุช // ูุชุงุจู ุงูุงุณุนุงุฑ ุงููุณุฏุฏ ูุงูุจูู ุตุญูุญ // ุชูููู ุงูููุญูุธุงุช', '2025-05-27 15:27:28', '2025-05-29 15:31:24'),
(64, 32, 10, 26, '2025-05', 89.17, 2, NULL, 'ุงูุชุงุฌุงุช // ุงูููููุช ุจ ุงุณู ุงูุฏูุฑุฉ // ุงูุงุณุชูุฑุงุฑูุฉ ุนูู ููุณ ุงูุงุฏุงุก', '2025-05-27 15:33:42', '2025-05-29 15:31:24'),
(65, 35, 10, 26, '2025-05', 87.33, 2, NULL, 'ุงูุชุฃูุฏ ูู ุงูุฑุฏูุฏ ุนูู ูู ุงูุฑุณุงุฆู ุงููุนููุฉ ูู// ุงูุงูุชุจุงู ูููุนุฏ ุงุฎุชุจุงุฑ ุงูุนููู ูู ูุชู ุงุถุงูุชู ูู ุงูุฏูุฑุฉ ุงูููุงุณุจุฉ //ุงูุชุงุฌุงุช // ุงุฑุณุงู ุฑูููููุงุช ููุนููุงุก', '2025-05-27 15:40:39', '2025-05-29 15:31:24'),
(66, 39, 10, 26, '2025-05', 90.67, 2, NULL, 'ุงูุชุงุฌุงุช //', '2025-05-27 15:51:52', '2025-05-29 15:31:24'),
(67, 37, 10, 26, '2025-05', 89.58, 2, NULL, 'ุถุฑูุฑุฉ ูุชุงุจู ุงูุงู ุงูุชูุงุตู // ุงูุชุงุฌุงุช //ุฏูุฑุฉ ุงูุญูุงุฉ', '2025-05-27 16:03:00', '2025-05-29 15:31:24'),
(68, 38, 10, 26, '2025-05', 89.58, 2, NULL, 'ุงูุชุฑููุฒ ุนูู ุงุฑูุงู ุงูุญุณุงุจุงุช /ุงูุชุงุฌุงุช / ุงุบูุงู ุงูุดุงุช /ุงูุงุณุชูุฑุงุฑ ุนูู ููุณ ุงูุงุฏุงุก', '2025-05-27 16:07:53', '2025-05-29 15:31:24'),
(69, 34, 10, 26, '2025-05', 88.33, 2, NULL, 'ุงูุชุงุฌุงุช /ุถุฑูุฑุฉ ูุถุน ููููุช ูู ุงูุดุงุช /ุฏูุฑุฉ ุงูุญูุงุฉ /ุงูุชุฃูุฏ ูู ุงูุชูุนูู ุงูุตุญูุญ ููุนููู', '2025-05-27 16:15:56', '2025-05-29 15:31:24'),
(70, 33, 10, 26, '2025-05', 89.58, 2, NULL, 'ุถุฑูุฑุฉ ูุชุงุจู ููุนุฏ ุงูุชูุงุตู /ุงูุชุงุฌุงุช / ุฏูุฑุฉ ุงูุญูุงุฉ', '2025-05-27 16:24:42', '2025-05-29 15:31:24'),
(71, 76, 11, 1, '2025-05', 86.88, 2, 'ุงูุชุงุฎูุฑ ูู ุชุณููู ููุงุทุน ุงูููุฏููุงุช ููุณู ุงููุงุฑููุชููุฌ\r\nุงูุชุงุฎูุฑ ูู ุชุญุฏูุฏ ููุนุฏ ุงูุฏูุฑุงุช', 'ูุชู ุงูุชุฎุทูุท ุงุญูุงูุง ุจุดูู ุบูุฑ ููุธู ุญูุซ ูู ูุชู ุงูุงุนูุงู ุนู ุฏูุฑุฉ ุงูุชุญุตููู ูุฌุฒุก ุงุณุงุณู ูููุญู ููู ูุชู ุงูุชูุงุตู ุจุดูู ุฌูุฏ ูุน ูุฏูุฑ ุงูุชุณููู ูุงููุฏูุฑ ุงูุชูููุฐู\r\nุฑุฌุงุก ุงูุชุฎุทูุท ุงููุณุจู ุญูุซ ูุชู ุงูุฌุงุฏ ุทุฑู ุงูุซุฑ ูุงุนููุฉ ูููุตูู ููุนููู\r\nุชูุซูู ุงูุงุนูุงูุงุช ุนูู ูููุงุช ุงูุชูุฌุฑุงู  ูุงููุงุณูุฌุฑ ูุซู ุงููุชููุฒูู ูู ุงููุฏุฑุงุช', '2025-05-27 17:06:12', '2025-05-29 15:32:28'),
(72, 78, 11, 76, '2025-05', 80.00, 2, '1- ูุนูู ุจุฏูุงู ูุงูู ูู ุงูุจูุช ููุฐูู ุงููุงุช ุจูููู ููุดุบู ุฌุฏูู ูุตุนุจ ุงููุตูู ูู', '1- ุงูุงุนุฏุงุฏ ุงูุฌูุฏ ูุงููุงูู ูุฏูุฑุฉ itc \r\n2- ุณุฑุนุฉ ุงูุงุณุชุฌุงุจุฉ ูุฑุฆูุณ ุงููุณู \r\n3- ุงูุงูุชุฒุงู ุจุฑูุน ุงุณุฆุฉ ุงูููุงูุฌ ุงูุซุงูููุฉ ุนูู ุงูุฌุฑูุจุงุช', '2025-05-28 12:34:31', '2025-05-29 15:32:28'),
(73, 79, 11, 76, '2025-05', 89.50, 2, '1- ุงูุงุนุฏุงุฏ ูุงูุชูููุฐ ุงููุงูู( ูุญุชูู - ูุญุงุถุฑุงุช - ูุงุฌุจุงุช) ูุฏูุฑุฉ ุงูุจุฑุงููุช ูุชุฃุณูุณ ุงููุบุฉ ุงูุนุฑุจูุฉ \r\n2- ูุชุงุจุนุฉ ุฌุฑูุจ ุงููุฏุฑุฉ ุงููุนุฑููุฉ ุงููุณุฌูุฉ ูุงูุฑุฏ ุนูู ุงุณุฆูุฉ ุงููุดุชุฑููู \r\n3- ูุชุงุจุนุฉ ุฌุฑูุจุงุช ุฏูุฑุชู ูุฏุฑุงุช ุซุงููู ุฏ25 ู ุฏ26 ูุงูุฑุฏุนูู ุงุณุฆูุฉ ูุทูุงุจ ูุงูุชูุงุนู ุงูุฏุงุฆู ูุนูู\r\n4- ุงุนุทุงุก ูุญุงุถุฑุฉ ุชุญุฏูุฏ ุงููุณุชููููุบุฉ ุงูุนุฑุจูุฉ\r\n5- ุฑููุฒ ุงููุญุงุถุฑุงุช', '1- ุงูุงูุชุฒุงู ุจุฑูุน ุงุณุฆูุฉ ุงูููุงูุฌ ุนูู ุงูุฌุฑูุจุงุช\r\n2- ุงุนุฏุงุฏ ุฌุฏุงูู ูุฐุงูุฑุฉ ุฎุงุตู ูุทูุงุจ ุงูุฏูุฑุงุช \r\n3- ุฏุฑุงุณุฉ ูุญุชูู ุงูููุธู ููุฏุฑุงุช ุงูุฌุงูุนููู ุฌูุฏุง \r\n4- ุงูุชุญุฏูุซ ุงููุณุชูุฑ ูููุญุชูู ุงูุฎุงุต ุจุงูุฏูุฑุงุช', '2025-05-28 12:43:18', '2025-05-29 15:32:28'),
(74, 77, 11, 76, '2025-05', 93.00, 2, '1-ูุชุงุจุฉ ูุชูุณูู  ูููุงุช ุชุณุฑูุจุงุช ุงูููููุงุก ูุงูููุฒูุงุก (ุชุญุตููู)\n2- ุงูุชูุงุตู ูุน ุงููุดุชุฑููู ุงูุณุงุจููู ูู ุฏูุฑุฉ ุงุฑุงูููitc\n3- ุงุถุงูุฉ 6 ุงุฎุชุจุงุฑุงุช ูู ุงููุณู ุงูููู ุนูู ุงููููุน ูุน ูุชุงุจุชูู ูุฑุฏ  (ุจูู ุงูุงุณุฆูุฉ ) ูู ุฏูุฑุฉ ูุฏุฑุงุช ุงูุฌุงูุนููู\n4- ุงุถุงูุฉ 5 ุงุฎุชุจุงุฑุงุช ูู ุงููุณู ุงูููุธู ุนูู ุงููููุน ูุน ูุชุงุจุชูู ูุฑุฏ  (ุจูู ุงูุงุณุฆูุฉ ) ูู ุฏูุฑุฉ ูุฏุฑุงุช ุงูุฌุงูุนููู\n5- ุงูุชูุงุตู ูุน ุทูุจุฉ ุงูุชุญุตููู (ูุฑุชูู ) \n6- ุงูุชูุงุตู ูุน ุทูุงุจ ูุฏุฑุงุช ุซุงููู ุงูุฏูุนุฉ 26 ุจุนุฏ ูุฑูุฑ ุงุณุจูุนูู ูู ุงูุฏูุฑุฉ \n7- ุชูุณูู ููู ูุบู ุนุฑุจูุฉ ูุฏูุฑุฉ ุงูุจุฑุงููุช\n8- ุงูุจุญุซ ุนู ุฏุงุชุง ูู ุงูุฌุงูุนุฉ ุงูุณุนูุฏูุฉ ุงูุงููุชุฑูููุฉ', '1- ุงูุงูุชุฒุงู ุจุงูุฌููุณ ุนูู ุงูููุชุจ ูุนุฏู ุงูุชููู ุจูู ุงูุงูุณุงู', '2025-05-28 13:42:16', '2025-05-29 15:32:28'),
(75, 81, 11, 76, '2025-05', 97.00, 2, '1- ุงุนุฏุงุฏ 8 ุฌุฏุงูู ูุฐุงูุฑุฉ ุฎุงุตู ูุทูุงุจ ูู ุฏูุฑุงุช ูุฎุชููุฉ\r\n2- ูุฏ ุทูุงุจ ุงูุชุญุตููู ุจุงูุชุณุฑูุจุงุช ุนูู ุฌุฑูุจ ุงููุดุชุฑููู \r\n3- ุงุนุฏุงุฏ ูุญุงุถุฑุงุช ุงูุชุญุตููู ูุญู ุงูุชุณุฑูุจุงุช ุงููุชุฑุฉ ุงูุงููู \r\n4-ุชุฌููุน ุงุณุฆูุฉ ูุงุนุฏุงุฏ ุงุฎุชุจุงุฑุงุช ุงูุณุงู ูุฏุฑุงุช ุฌุงูุนููู ุนูู ุงููููุน\r\n5- ุงุฑุณุงู ุฑููุฒ ุฎุงุต ุจุงุนูุงู ุนู ูุฏุฑุงุช ุฌุงูุนููู \r\n6- ุชูุงุตู ุฏุงุฆู ูุน ุงููุดุชุฑููู ูุญู ุงููุดุงูู ูุงูุฑุฏ ุนูู ุงุณุชูุณุงุฑุงุชูู\r\n7- ุชุฏุฑูุจ ููุณู ุงูุฏุนู ุนู ุฏูุฑุฉ ุงูุชุญุตููู', '1- ุงูุงูุชุฒุงู ุจุฑูุน ุงุณุฆูุฉ ุงูููุงูุฌ ุนูู ุงูุฌุฑูุจุงุช\r\n2- ุฎุทุฉ ูุฏูุฑุชู ูุฏุฑุงุช ุงูุฌุงูุนููู ูุงููุฏุฑุฉ ุงููุนุฑููุฉ ูุฑูุน ุงูุงุนุฏุงุฏ', '2025-05-28 14:08:44', '2025-05-29 15:32:28'),
(76, 25, 8, 1, '2025-05', 93.64, 2, NULL, 'ูุชุงุจุนุฉ ูููุฉ ูุน ุงููุจุฑูุฌ ูุชุญุณูู ุชุฌุฑุจุฉ ุงูุนููู ุนูู ุงููููุน  ูุจุฏุง ุงูุฌูุฌุง ุงุฏุฒ \r\nุฑุฌุงุก ูุชุงุจุนุฉ ุงููู ููููุฏูุฑูุชูุฑุฒ  ูุฌูุฏุฉ ุงููุญุงุฏุซุงุช ูุชุญููู ูุณุจ ุชููููุงุช ุงูุชุฑ', '2025-05-28 14:34:33', '2025-05-31 17:54:21'),
(77, 80, 11, 76, '2025-05', 92.40, 2, '1- ุฑูุน 17 ุงุฎุชุจุงุฑ ุนูู ุงููููุน ูู ุฏูุฑุงุช ุงููุณู \r\n2- ูุชุงุจุฉ ููู ุชุณุฑูุจุงุช ุงูุชุญุตููู (ุฑูุงุถูุงุช )\r\n3- ุงูุจุฏุก ูู ููู 1500 ุณุคุงู ูููุณู ุงูููู (ูุฏุฑุงุช ุซุงููู )\r\n4- ุฑูุน ูููุฒุงุช ุนูู ุงูุชููุฌุฑุงู ููููุง \r\n5-ูุฑุงุฌุนุฉ ูุญุงุถุฑุงุช (ูุฏุฑุงุช ุงูุฌุงูุนููู - ูุฏุฑุฉ ูุนุฑููุฉ ) \r\n6- ุชุนุฏูู ุนูู ูููุงุช ุงููุทุน - ูุฏุฑุงุช ุฌุงูุนููู', 'ุจุฑุฌุงุก ุงูุงูุชุฒุงู ุจููุช ุงูุฏูุงู ูุงูุงุณุชุฌุงุจุฉ ูุชุนูููุงุช ุฑุฆูุณ ุงููุณู', '2025-05-28 15:10:38', '2025-05-29 15:32:28'),
(78, 43, 8, 25, '2025-05', 96.20, 2, 'ูุญูุฏ ุฃุญุฑุฒ ุชูุฏู ููุญูุธ ููุชููุฒ ูุฐุง ุงูุดูุฑ ุณูุงุก ุนูู ูุณุชูู ุชุตูููุงุช ุงูุณูุดูุงู ููุฏูุง ุฃู ุฃู ุงููููุฉ ุงูุจุตุฑูุฉ ูููุดุฑูุน ุงูุฌุฏูุฏ ุ ุฅุถุงูุฉ ุฅูู ุงูุชููุฒ ูู ุฃููุงุฑ ุงูููui .\r\nูุชูุชุน ุจุงูุชุฒุงู ุชุงู ูู ุงูููุงุนุฏ ูุดุฎุตูุฉ ูุงุฏุฆุฉ ูุฑูุฉ ุชุชุทูุน ุฏุงุฆูุง ููุชุบููุฑ ูุงูุชุทููุฑ . ูู ุงูุดูุฑ', NULL, '2025-05-28 21:10:21', '2025-05-31 17:54:21'),
(79, 44, 8, 25, '2025-05', 94.91, 2, 'ูู ุงูุดูุฑ ูุฃุดูุงู ุนูู ุชุทููุฑ ูุญุชูู ููุงุฉ ุงูุฃููุชุณ ูุชุฎุทู ุนุฏุฏ ุฃุนุถุงุก ุงูุฌุฑูุจ ุงูุงูู ุนุถู ุ ุฅุถุงูุฉ ุฅูู ุงูููุงู ุงููุณุงูุฏุฉ ูู ูุชุงุจุนุฉ ููุงุฉ ุงูุชููุฌุฑุงู ุงูุฑุฆูุณูุฉ ุทูุงู ูุฏุฉ ุงูุฏูุงู \nุจุงูุงุถุงูุฉ ุฅูู ูุฌููุฏูุง ูุน ุทูุงุจ ุฃูู ุชุฑุงู ูุทูุงุจ ุงูุฃููุชุณ .\nุฃูุถุง ูุชุงุจุงุชูุง ููููุงูุงุช ุฃุตุจุญุช ูุชููุฒุฉ ุนู ุฐู ูุจู ูุชุชูุงุฏู ุงูุชุนุฏููุงุช ูู ูู ูุฑุฉ ุนู ุณุงุจูุชูุง\nููุง ุฃุดูุฑ ูู ุงูุงูุชุฒุงู ุจุงูููุงุนูุฏ ูุงูุงูุชุธุงู ูู ุงูุญุถูุฑ ูุฐุง ุงูุดูุฑ', 'ุงูุงุณุชูุฑุงุฑ ูู ุงูุจูุงุก ุงูุญุณู ููุถุน ุฎุทุฉ ุงูููุงูุงุช ูุดูุฑ ููููู .', '2025-05-28 21:19:57', '2025-05-31 17:54:21'),
(80, 45, 8, 25, '2025-05', 93.50, 2, 'ุฏููุง ุชุชููุฒ ุจุงูุงูุชุฒุงู ุนูู ุงูุฌุงูุจ ุงูุดุฎุตู ูุงูุนููู ุณูุงุก ูู ุงูุญุถูุฑ ุฃู ูุงูุงูุตุฑุงู ุฃู ุชูููุฐ ุงูููุงู ูุงุชุจุงุน ุงูุชุนูููุงุช. ุชุนูู ูู ุฃูุซุฑ ูู ุงุชุฌุงู ูููุณ ูุฏููุง ุฃู ุชูุตูุฑ ูุฎู ูู ูุฐู ุงูุฌูุงูุจ', 'ุชูุฒูุน ุงูุฌุฏูู ุงูุฒููู ูููุดุฑ  ููุฏูุฑุงุช ููุง ูุนูุช ุณุงุจูุงู . ุงูุงุณุชูุฑุงุฑ ูู ุงูุนุทุงุก ูุงูุงูุชุฒุงู . ููุง ุฃูุตู ุจุชุฎุตูุต 4 ุณุงุนุงุช ุฃุณุจูุนูุงู ููุชุงุจุนุฉ ุญุณุงุจุงุช ุงูููุงูุณูู ูุชุญุฏูุฏ ุงูููุดูุฑุงุช ุงูููwinner ูุงูููุงูุดุฉ ูู ุงูุฃููุงุฑ ูุชูููุฐูุง .', '2025-05-29 10:40:54', '2025-05-31 17:54:21'),
(81, 46, 8, 25, '2025-05', 94.40, 2, 'ููู ุชุชููุฒ ุจุงูุงูุชุฒุงู ุนูู ุงูุฌุงูุจ ุงูุดุฎุตู ูุงูุนููู ูููุง ุนุฏุง ุงูุญุถูุฑ ุฃู ูุงูุงูุตุฑุงู ุฃุญูุงูุงู ููุง ุชูุชุฒู ุฌุฏุง ุจุชูููุฐ ุงูููุงู ูุงุชุจุงุน ุงูุชุนูููุงุช. ุชุนูู ูู ุฃูุซุฑ ูู ุงุชุฌุงู ูููุณ ูุฏููุง ุฃู ุชูุตูุฑ ูุฎู ูู ูุฐู ุงูุฌูุงูุจ', 'ุชูุฒูุน ุงูุฌุฏูู ุงูุฒููู ูููุดุฑ  ููุฏูุฑุงุช  . ุงูุงุณุชูุฑุงุฑ ูู ุงูุนุทุงุก ูุงูุงูุชุฒุงู . ููุง ุฃูุตู ุจุชุฎุตูุต 4 ุณุงุนุงุช ุฃุณุจูุนูุงู ููุชุงุจุนุฉ ุญุณุงุจุงุช ุงูููุงูุณูู ูุชุญุฏูุฏ ุงูููุดูุฑุงุช ุงูููwinner ูุงูููุงูุดุฉ ูู ุงูุฃููุงุฑ ูุชูููุฐูุง  .', '2025-05-29 10:55:02', '2025-05-31 17:54:21'),
(82, 47, 8, 25, '2025-05', 95.40, 2, 'ุขูุฉ ุชุชููุฒ ุจุงูุงูุชุฒุงู ูุงูุชูุงูู ูู ุงูุนูู ุ ุชุนุฏ ูู ููุธูู ุงูุทูุงุฑุฆ ูู ุฃุบูุจ ุงูุฃุญูุงู ุ ูู ุงูุดูุฑ ูุงูุชูุฏูุฑ ุนูู ุงูุชุงุฌ ุงููููุฉ ุงูุจุตุฑูุฉ ูุงููุฉ ููุดุฑูุน Loopin ูู ููุช ููุงุณู ูุจุงุญุชุฑุงููุฉ ุนุงููุฉ ุชุญุชุงุฌ ุงูููุงูุฃุฉ . ููุง ุชุชููุฒ ุจูุฏุฑุชูุง ุนูู ุชุนุฏูู ุฃุญุฌุงู ูุตูุบ ุงูุชุตูููุงุช ุงูููui ูููููุน ูุญู ูุฐู ุงูุฃุฒูุฉ ุจุงุณุชูุฑุงุฑ ุ ุชุชููุฒ ุจุฑูุญ ูุฎุชููุฉ ูู ุฅูุชุงุฌ ููุงุทุน ุงูููุฏูู  ุ \r\nุชุญุชุงุฌ ููุท ุฅูู ุฅุนุงุฏุฉ ุชูุดูุท  ุฑูุญ ูุตูู ุงูุณูุดูุงู ููุฏูุง ุญูุซ ุฃูู ุฃุจุนุฏ ุนู ูุฌุงููุง ุฅูู ุญุฏ ูุง ุฃู ุงุจุชูุงุฑ ุฃููุงุฑ ุฎุงุตุฉ ุจูุง', NULL, '2025-05-29 11:00:37', '2025-05-31 17:54:21'),
(83, 49, 8, 25, '2025-05', 95.90, 2, 'ูุฌูู ุชููุฒุช ูู ุชุตูููุงุชูุง ุงููุชุฑุฉ ุงูุฃุฎูุฑุฉ ุฌุฏุงู ูุฃุจูุช ุจูุงุก ุญุณูุงู ุฎุงุตุฉ ูู ุฅุนูุงูุงุช ุจุงูุงุช ุงูุตูู ุ ุฃุตุจุญุช ูุฏููุง ูุฏุฑุฉ ููุชุงุฒุฉ ูู ุงุณุชุฎุฏุงู ุงูุฐูุงุก ุงูุงุตุทูุงุนู ูู ุงูุชุตูููุงุช ูุชุทููุนู ูุงูุชุงุฌ ุฃูุถู ูุฎุฑุฌุงุช', 'ุงูุงุณุชูุฑุงุฑ ูู ุงูุงุจุชูุงุฑ ุ ูุชุนูู ุงูุชุงุฌ ููุฏูููุงุช ุงูููุดู ุฌุฑุงููู', '2025-05-29 11:03:39', '2025-05-31 17:54:21'),
(84, 50, 8, 25, '2025-05', 97.10, 2, 'ููุฑูุง ุชุชููุฒ ุจุญุณ ุฅุจุฏุงุนู ูู ุชุตูููุงุชูุง ูุฃููุงุฑูุง ูุฎุงุตุฉ ูู ุงุณุชุฎุฏุงู ูุชุทููุน ุงูููAI ูุฎุฏูุชูุง ูู ุงูุชุตูููุงุช ุ ุชุณุนู ุฏุงุฆูุง ููุชุทููุฑ ููุฏููุง ุฑูุญ ุนุงููุฉ ูู ุงูููุงูุณุฉ ูุงูุชุบุฐูุฉ ุงูุจุตุฑูุฉ ููุนุฑูุฉ ูู ุงูุทุฑู ุงูุชู ุชุฌุนููุง ุชูุชุฌ ุฃููุงุฑุง ุงุจุฏุงุนูุฉ ูุฎุชููุฉ', NULL, '2025-05-29 11:07:06', '2025-05-31 17:54:21'),
(85, 51, 8, 25, '2025-05', 93.60, 2, NULL, NULL, '2025-05-29 11:09:53', '2025-05-31 17:54:21'),
(86, 53, 8, 25, '2025-05', 90.82, 2, 'ุชูุชุนุช ูุฑูู ูุฐุง ุงูุดูุฑ ุจุฃุนูู ูุณุจุฉ ุชููููุงุช ุนูู ูุณุชูู ุงูุฒููุงุก . ูู ุงูุดูุฑ ูุงูุชูุฏูุฑ ุญูุซ ุชุนุฏู ุงูููconversion rate ููุง ูุณุจุฉ 32%', NULL, '2025-05-29 11:23:41', '2025-05-31 17:54:21'),
(87, 60, 8, 25, '2025-05', 92.55, 2, 'ูุชูุชุน ูุญูุฏ ูุซุงูู ุฃุนูู ูุณุจุฉ ุชูููู ูู ุงููุณู ุญูุซ ูุตูุช 21%', 'ุฃูุตู ุจูุฑุงุกุฉ ูุชุงุจ ุจูุงุน ุงูุฏูููุฉ ุงููุงุญุฏุฉ ูุงูุนูู ุนูู ุชุทููุฑ ุงูุฐุงุช ูู ุฌุฒุก ุชูููู ุงููุจูุนุงุช ูุฒูุงุฏุฉ ูุนุฏูุงุช ุงูุชุญููู', '2025-05-29 14:10:50', '2025-05-31 17:54:21'),
(88, 83, 8, 25, '2025-05', 89.18, 2, NULL, NULL, '2025-05-29 14:20:03', '2025-05-31 17:54:21'),
(89, 84, 8, 25, '2025-05', 96.30, 2, 'ูู ุงูุดูุฑ ููุตุทูู ูุชูุฏููู ูุนูููุงุช ููุณุงุนุฏุงุช ูู ุชุทููุฑ ุงูุชุตุงููู ุจุงุณุชุฎุฏุงู ุงูููAI ููุง ุฃุดูุฑ ูู ุงูุชุนุงูู ูุน ุงูููุงู ุงูุทุงุฑุฆุฉ ูุชุนุงููู ุงููุณุชูุฑ ูุน ุงูุฒููุงุก', NULL, '2025-05-29 14:23:33', '2025-05-31 17:54:21'),
(90, 85, 8, 25, '2025-05', 90.20, 2, NULL, NULL, '2025-05-29 14:25:24', '2025-05-31 17:54:21'),
(91, 24, 6, 1, '2025-05', 93.25, 2, NULL, NULL, '2025-05-31 17:29:23', '2025-05-31 17:54:12'),
(92, 75, 5, 23, '2025-06', 98.13, 2, NULL, NULL, '2025-06-19 14:28:22', '2025-07-01 03:26:53'),
(93, 62, 5, 23, '2025-06', 98.13, 2, NULL, NULL, '2025-06-19 14:29:08', '2025-07-01 03:26:53'),
(94, 61, 5, 23, '2025-06', 97.50, 2, NULL, NULL, '2025-06-19 14:30:09', '2025-07-01 03:26:53'),
(95, 78, 11, 76, '2025-06', 79.00, 2, 'ุบูุฑ ูุชุงุญ ูุนุธู ุงูููุช \r\nุบูุฑ ููุชู ุจูุนุธู ุงูุฌุฑูุจุงุช ุงูุฎุงุตู ุจุฏูุฑุงุช ุงูุทูุงุจ', 'ุณุฑุนุฉ ุงูุงุณุชุฌุงุจุฉ  ูุงูุฑุฏ ุนูู ุฑุฆูุณ ุงููุณู \r\n- ูุชุงุจุนุฉ ุงูุฌุฑูุจุงุช ุจุดูู ุฌูุฏ ูุฏูุฑู \r\n- ุงูุงูุชูุงู ุจุดูุช ุงูููุงู\r\n- ุงูุชุญุถูุฑ ุงูุฌูุฏ ููุฏูุฑุงุช ุงููุทููุจุฉ ููู \r\n- ุงูุงูุชูุงู ุจุชูุฏูู ูุญุชูู ุงุนูุงูู ูู ุงููุญุชูู ุงูุนููู ุงู ููุฏูู', '2025-06-23 18:43:07', '2025-07-01 03:27:02'),
(96, 80, 11, 76, '2025-06', 92.50, 2, NULL, '- ูุฑุงุฌุนุฉ ุงูุงุฎุชุจุงุฑุงุช ุจุนุฏ ุฑูุนูุง ุนูู ุงููููุน ูุงูุชุฃูุฏ ูู ุฎูููุง ูู ุงูุงุฎุทุงุก \r\n- ุงูุงูุชุฒุงู ุจููุช ุงูุฏูุงู ูุงูุงุณุชุฌุงุจุฉ ูุชุนูููุงุช ุฑุฆูุณ ุงููุณู', '2025-06-23 18:44:39', '2025-07-01 03:27:02'),
(97, 79, 11, 76, '2025-06', 91.00, 2, NULL, NULL, '2025-06-23 18:51:43', '2025-07-01 03:27:02'),
(98, 81, 11, 76, '2025-06', 97.00, 2, NULL, NULL, '2025-06-23 18:57:52', '2025-07-01 03:27:02'),
(99, 25, 8, 1, '2025-06', 95.45, 2, 'ุชู ุนูู ููุงุฉ ูุญูุงูุฉ ุงูููุฏููุงุช ูุนูู ุงูููุช ุนูู ุงูุญุฑุงุฌ', NULL, '2025-06-26 14:40:12', '2025-07-01 03:26:57'),
(100, 26, 10, 1, '2025-06', 94.55, 2, 'ูุงูุชู ุงุชุฎุงุฐ ุงุฌุฑุงุกุงุช ุฑุงุฏุนุฉ ุนูุฏ ุงุฑุชูุงุจ ุงุฎุทุงุก ูู ุงููุญุงุฏุซุงุช', NULL, '2025-06-26 14:44:09', '2025-07-01 03:27:00'),
(101, 76, 11, 1, '2025-06', 85.63, 2, NULL, NULL, '2025-06-26 14:48:21', '2025-07-01 03:27:02'),
(102, 28, 9, 1, '2025-06', 82.73, 2, NULL, NULL, '2025-06-26 15:01:12', '2025-07-01 03:26:59'),
(103, 27, 7, 1, '2025-06', 90.00, 2, NULL, NULL, '2025-06-26 15:42:44', '2025-07-01 03:26:56'),
(104, 68, 6, 24, '2025-06', 92.00, 2, NULL, NULL, '2025-06-28 20:41:34', '2025-07-01 03:26:55'),
(105, 64, 6, 24, '2025-06', 88.50, 2, NULL, NULL, '2025-06-28 20:44:35', '2025-07-01 03:26:55'),
(106, 65, 6, 24, '2025-06', 92.00, 2, NULL, NULL, '2025-06-28 20:46:01', '2025-07-01 03:26:55'),
(107, 66, 6, 24, '2025-06', 82.00, 2, NULL, NULL, '2025-06-28 20:46:53', '2025-07-01 03:26:55'),
(108, 67, 6, 24, '2025-06', 88.50, 2, NULL, NULL, '2025-06-28 20:48:04', '2025-07-01 03:26:55'),
(109, 63, 6, 24, '2025-06', 92.36, 2, NULL, NULL, '2025-06-28 20:52:06', '2025-07-01 03:26:55'),
(110, 41, 10, 26, '2025-06', 91.67, 2, NULL, NULL, '2025-06-29 12:15:48', '2025-07-01 03:27:00'),
(111, 71, 10, 26, '2025-06', 92.92, 2, NULL, NULL, '2025-06-29 12:17:25', '2025-07-01 03:27:00'),
(112, 70, 10, 26, '2025-06', 88.33, 2, NULL, NULL, '2025-06-29 12:19:22', '2025-07-01 03:27:00'),
(113, 42, 10, 26, '2025-06', 77.08, 2, 'ุชุนููู ุดุงุช ููุง ุฑุบู ุงูุชูุจูู ุนููู ุจุนุฏู ุนูู ุงุดุงุฑุงุช // ูุชุงุจู ุงููุณุฏุฏ ุจุงููุจูุบ ูุงูุนููู ูู ูุณุฏุฏ//ุนุฏู ุงุฎุชูุงุฑ ุชู ุงูุณุฏุงุฏ ุนูู ุงูุดูุช //ุนุฏู ูุชุงุจู ุดุฆ ูู ุงูููุญูุธุฉ ูู ูุชู ุชุนุฏูููุง// ุนุฏู ุญุถูุฑุฉ ูุฌูุนุชูู ูุชุชุงูููู', 'ุฑุฌุงุก ูุฑุงุฌุนู ููุงู ุงููุฑูู ุจุดูู ุฌูุฏุง ูุงู ูุงุฒุงูุช ุชูุน ูู ููุณ ุงูุงุฎุทุงุก ุงููุชูุฑุฑู ูู ุดูุฑ', '2025-06-29 12:24:28', '2025-07-01 03:27:00'),
(114, 77, 11, 76, '2025-06', 93.00, 2, NULL, 'ุงูุงูุชุฒุงู ุจุจุนุถ ุชูุฌููุงุช ุฑุฆูุณ ุงููุณู', '2025-06-29 12:33:55', '2025-07-01 03:27:02'),
(115, 29, 10, 26, '2025-06', 69.58, 2, 'ุฑูุถู ุงูุชุงู ูุนูู ุนูู ูููู ูู ุฑุฆูุณ ุงููุณู ููู ูุชู ุนููู ุจุนุฏู ุงุถุงูู ุงูุนููุงุก ูู ุงูุฌุฑูุจุงุช // ุงุนุทุงุก ุฎุตู ูุนููู ุจุฏูู ุงูุฑุฌูุน ู ุฑุฆูุณ ุงููุณู //ูุงุฒุงู ูู ุงุฎุทุงุก ุนูู ุงูุดูุช ูู ูุชุงุจู ุงููุณุฏุฏ  //ุชู ุณุฏุงุฏ ุงููุณุท ูู ูุจู ุนููู ูุนุฏู ุงุฎุชูุงุฑ ุชู ุงูุณุฏุงุฏ ุนูู ุงูุงุณุชูุงุฑุฉ ุงู 3 //ุนุฏู ุนูู ุงูุบุงุก ุงุดุชุฑุงู ุนูุฏ ุทูุจ ุงูุงุณุชุฑุฌุงุน //ุนุฏู ุงุฎุชูุงุฑ ุจุงูู ุงููุณุท ุนูู ุงูุดูุช //ุนุฏู ุงูุงุณุชุฌุงุจู ูุญุงูุงุช ุงูุทูุงุฑุฆ ูุฑุชูู .', 'ุจุฑุฌุงุก ูุฑุงุฌุนุฉ ููุงู ุงููุณู ุจุดูู ุฌูุฏุง ุจุงูุงุถุงูู ุงูู ุชูููุฐ ูุง ูุชุทูุจ ูู ุฎูุงู ุฑุฆูุณ ุงููุณู', '2025-06-29 12:44:01', '2025-07-01 03:27:00'),
(116, 34, 10, 26, '2025-06', 84.58, 2, 'ูุชุงุจู ุงููุณุฏุฏ 399 ุฑูุงู ูุนููู ูุณุฏุฏ ุจูุงุจุฉ ุจุฏู ูู 30 ุฑูุงู ุญู ุงูุชุญููู ุงููุฑู // ุนุฏู ุชุนุฏูู ุงุณู ุงูุจูู // ุนุฏู ุชุนุฏูู ุงุณู ุงูุฏูุฑุฉ //ุนุฏู ุชุนุฏูู ุจุงูู ุณุฏุงุฏ ุงููุณุท // ูู ุดุงุช ุนุฏู ุงูุชูุนูู ูู ููุชุงุจู ููุญูุธู ูุด ูุงููู ูุฑุบู ุงูุจุญุซ ุจุงูุงุณู ุชู ุงููุตูู ุงููู', 'ุงูุฑุฌุงุก ูุฑุงุฌุนู ููุงู ุงููุฑูู ุจุดูู ุฌูุฏุง ูุชูููู ุงูุงุฎุทุงุก ุงูููุฌูุฏู // ูุงูุญุถูุฑ ูู ุงูููุช ุงููุญุฏุฏ ูู', '2025-06-29 13:26:49', '2025-07-01 03:27:00'),
(117, 74, 10, 26, '2025-06', 89.17, 2, NULL, NULL, '2025-06-29 13:30:20', '2025-07-01 03:27:00'),
(118, 40, 10, 26, '2025-06', 85.17, 2, 'ุนุฏู ุนูู ุจุงูู ุงููุณุท ุนูู ุงูุดูุช // ุนุฏู ุนูู ุงูุบุงุก ุงุดุชุฑุงู ุนูุฏ ุนูู ุงุณุชุฑุฌุงุน ููุนููู // ูุชุงุจู ุงููุณุฏุฏ ุฎุทุฃ // ุนุฏู ุงุฑุณุงู ุงุณุชูุงุฑุฉ ุงููุฏุฑุณ ุงููุณุงุนุฏ ูุฏูุฑุฉ ุงูุงููุชุณ', 'ุฑุฌุงุก ูุฑุงุฌุนู ููุงู ุงููุณู ุจุดูู ุฌูุฏุง ูููุฒูุฏ ูู ุนุฏู ุงููููุน ูู ููุณ ุงูุงุฎุทุงุก', '2025-06-29 13:36:11', '2025-07-01 03:27:00'),
(119, 35, 10, 26, '2025-06', 80.42, 2, 'ุงูุญุถูุฑ ุงููุชุฃุฎุฑ ูู ุญุถูุฑ ุงูุดููุช ูุชู ุงูุชูุจูู ุงูุซุฑ ูู ูุฑุฉ ุดููู // ููุตุงู ูู ุงุฏุงุฑุฉ ุงูุญูุงุฑ ูููู ุงุญุชูุงุฌุงุช ุงูุนููู // ุนุฏู ุญุถูุฑ ุงูุชุฏุฑูุจุงุช', 'ุงุฏุงุฑุฉ ุงูุญูุงุฑ ุงูุฌูุฏ ูุน ุงูุนููู // ุงูุญุถูุฑ ุงูุชุฏุฑูุจุงุช ูู ุงูููุนุฏ ุงููุญุฏุฏ //ูุญุถูุฑ ุงูุดููุช ูู ุงูููุช ุงููุญุฏุฏ', '2025-06-29 14:01:26', '2025-07-01 03:27:00'),
(120, 32, 10, 26, '2025-06', 90.08, 2, NULL, NULL, '2025-06-29 14:39:35', '2025-07-01 03:27:00'),
(121, 37, 10, 26, '2025-06', 89.42, 2, 'ุงูุญุถูุฑ ูู ุงูููุช ุงููุญุฏุฏ ููุดููุช // ุงูุชุญุฑู ูุซูุฑุง ูู ุนูู ุงูุฌูุงุฒ', NULL, '2025-06-29 14:47:51', '2025-07-01 03:27:00'),
(122, 31, 10, 26, '2025-06', 90.67, 2, 'ุญุถูุฑ ุงูุดููุช ุจุนุฏ ููุนุงุฏู', 'ุงูุฑุฌุงุก ุงููุญุงูุธุฉ ุนูู ููุนุฏ ุงูุดููุช ูุงูุญุถูุฑ ูู ุงูููุนุฏ ุงููุญุฏุฏ', '2025-06-29 14:53:47', '2025-07-01 03:27:00'),
(123, 39, 10, 26, '2025-06', 90.83, 2, NULL, NULL, '2025-06-29 15:18:39', '2025-07-01 03:27:00'),
(124, 52, 10, 26, '2025-06', 90.83, 2, NULL, NULL, '2025-06-29 15:20:06', '2025-07-01 03:27:00'),
(125, 73, 10, 26, '2025-06', 91.00, 2, NULL, NULL, '2025-06-29 15:21:30', '2025-07-01 03:27:00'),
(126, 33, 10, 26, '2025-06', 90.50, 2, 'ูุญุงูุฑุฉ ุงูุนููู ( ุนููู ุทูุจ ุฎุตู ููุดุชุฑู ูุชู ุงูุฑุฏ ุนููู ูุงูู ุฎุตู ุจุฏูู ูุญุงูุฑุชู ูุจุฏูู ุนุฑุถ ุงูุญุงูู ุนููู', NULL, '2025-06-29 15:49:26', '2025-07-01 03:27:00'),
(127, 38, 10, 26, '2025-06', 91.08, 2, 'ูู ูุณูุงู ูุจุงูู ุงููุณุท ุนูู ุงูุดูุช // ูุชุนุฏูู ุงุณูุงุก ุงูุฏูุฑุงุช', NULL, '2025-06-29 16:10:59', '2025-07-01 03:27:00'),
(128, 60, 8, 25, '2025-06', 91.82, 2, NULL, NULL, '2025-06-30 15:50:21', '2025-07-01 03:26:57'),
(129, 47, 8, 25, '2025-06', 91.70, 2, NULL, NULL, '2025-06-30 15:58:00', '2025-07-01 03:26:57'),
(130, 44, 8, 25, '2025-06', 93.00, 2, NULL, NULL, '2025-06-30 15:59:28', '2025-07-01 03:26:57'),
(131, 30, 8, 25, '2025-06', 94.17, 2, NULL, NULL, '2025-06-30 16:02:05', '2025-07-01 03:26:57'),
(132, 51, 8, 25, '2025-06', 90.50, 2, NULL, NULL, '2025-06-30 16:09:05', '2025-07-01 03:26:57'),
(133, 45, 8, 25, '2025-06', 92.70, 2, NULL, NULL, '2025-06-30 16:10:27', '2025-07-01 03:26:57'),
(134, 48, 8, 25, '2025-06', 94.10, 2, NULL, NULL, '2025-06-30 16:12:18', '2025-07-01 03:26:57'),
(135, 83, 8, 25, '2025-06', 82.73, 2, NULL, NULL, '2025-06-30 16:14:17', '2025-07-01 03:26:57'),
(136, 43, 8, 25, '2025-06', 96.90, 2, 'ูู ุงูุดูุฑ ุนูู ูุงุชู ุชูุฏููู ูู ุงูููui , UX ูููููุน ุ ููุง ุฃุดูุฑ ูู ุงูุชููุฒ ูู ุงูุชุทููุฑ ูุงุณุชุฎุฏุงู ุจุฑุงูุฌ ุงูุฐูุงุก ุงูุงุตุทูุงุนู ูุตูุงุนุฉ ุงูููุฏูููุงุช ูุฑุณู ุดุฎุตูุงุช ูููุฒุฉ ููุดุงูุฏ ูุงููุฉ ูุณูุฑูุจุชุงุช', NULL, '2025-06-30 16:20:56', '2025-07-01 03:26:57'),
(137, 24, 8, 25, '2025-06', 91.92, 2, NULL, NULL, '2025-06-30 16:22:07', '2025-07-01 03:26:55'),
(138, 57, 7, 27, '2025-06', 95.00, 2, NULL, NULL, '2025-06-30 19:20:09', '2025-07-01 03:26:56'),
(139, 54, 7, 27, '2025-06', 95.00, 2, NULL, NULL, '2025-06-30 19:21:08', '2025-07-01 03:26:56'),
(140, 55, 7, 27, '2025-06', 95.00, 2, NULL, NULL, '2025-06-30 19:21:38', '2025-07-01 03:26:56'),
(141, 56, 7, 27, '2025-06', 95.00, 2, NULL, NULL, '2025-06-30 19:22:16', '2025-07-01 03:26:56'),
(142, 58, 7, 27, '2025-06', 95.00, 2, NULL, NULL, '2025-06-30 19:24:04', '2025-07-01 03:26:56'),
(143, 69, 7, 27, '2025-06', 95.00, 2, NULL, NULL, '2025-06-30 19:27:12', '2025-07-01 03:26:56'),
(144, 53, 8, 25, '2025-06', 92.73, 2, NULL, NULL, '2025-06-30 21:20:16', '2025-07-01 03:26:57'),
(145, 84, 8, 25, '2025-06', 95.20, 2, 'ูุตูู ุงูุทูุงุฑุฆ ( ูู ุงูุดูุฑ )', NULL, '2025-06-30 21:25:12', '2025-07-01 03:26:57'),
(146, 50, 8, 25, '2025-06', 95.20, 2, NULL, NULL, '2025-06-30 21:29:38', '2025-07-01 03:26:57'),
(147, 49, 8, 25, '2025-06', 94.70, 2, NULL, NULL, '2025-06-30 21:41:09', '2025-07-01 03:26:57'),
(148, 46, 8, 25, '2025-06', 93.30, 2, NULL, NULL, '2025-06-30 21:55:30', '2025-07-01 03:26:57'),
(149, 85, 8, 25, '2025-06', 88.60, 2, NULL, NULL, '2025-06-30 22:09:14', '2025-07-01 03:26:57');

-- --------------------------------------------------------

--
-- Table structure for table `employee_evaluation_details`
--

CREATE TABLE `employee_evaluation_details` (
  `id` bigint(20) UNSIGNED NOT NULL,
  `employee_evaluation_id` bigint(20) UNSIGNED NOT NULL,
  `standard_id` bigint(20) UNSIGNED NOT NULL,
  `score` decimal(5,2) NOT NULL,
  `created_at` timestamp NULL DEFAULT NULL,
  `updated_at` timestamp NULL DEFAULT NULL
) ENGINE=InnoDB DEFAULT CHARSET=utf8mb4 COLLATE=utf8mb4_unicode_ci;

--
-- Dumping data for table `employee_evaluation_details`
--

INSERT INTO `employee_evaluation_details` (`id`, `employee_evaluation_id`, `standard_id`, `score`, `created_at`, `updated_at`) VALUES
(107, 33, 32, 100.00, '2025-05-14 13:19:48', '2025-05-14 13:19:48'),
(108, 33, 33, 90.00, '2025-05-14 13:19:48', '2025-05-27 17:32:48'),
(109, 33, 34, 70.00, '2025-05-14 13:19:48', '2025-05-14 13:19:48'),
(110, 33, 35, 70.00, '2025-05-14 13:19:48', '2025-05-14 13:19:48'),
(111, 33, 36, 100.00, '2025-05-14 13:19:48', '2025-05-14 13:19:48'),
(112, 33, 37, 100.00, '2025-05-14 13:19:48', '2025-05-14 13:19:48'),
(113, 33, 38, 90.00, '2025-05-14 13:19:48', '2025-05-28 15:19:23'),
(114, 33, 39, 100.00, '2025-05-14 13:19:48', '2025-05-14 13:19:48'),
(115, 33, 40, 100.00, '2025-05-14 13:19:48', '2025-05-14 13:19:48'),
(116, 33, 41, 80.00, '2025-05-14 13:19:48', '2025-05-14 13:19:48'),
(117, 33, 42, 90.00, '2025-05-14 13:19:48', '2025-05-21 17:30:58'),
(121, 34, 43, 100.00, '2025-05-14 13:35:24', '2025-05-14 13:35:24'),
(122, 34, 44, 80.00, '2025-05-14 13:35:24', '2025-05-14 13:35:24'),
(123, 34, 45, 100.00, '2025-05-14 13:35:24', '2025-05-14 13:35:24'),
(124, 34, 46, 80.00, '2025-05-14 13:35:24', '2025-05-14 13:35:24'),
(125, 34, 47, 70.00, '2025-05-14 13:35:24', '2025-05-14 13:35:24'),
(126, 34, 48, 80.00, '2025-05-14 13:35:24', '2025-05-14 13:35:24'),
(127, 34, 49, 100.00, '2025-05-14 13:35:24', '2025-05-14 13:35:24'),
(128, 34, 50, 100.00, '2025-05-14 13:35:24', '2025-05-14 13:35:24'),
(129, 34, 51, 100.00, '2025-05-14 13:35:24', '2025-05-14 13:35:24'),
(130, 34, 52, 80.00, '2025-05-14 13:35:24', '2025-05-14 13:35:24'),
(131, 34, 53, 80.00, '2025-05-14 13:35:24', '2025-05-14 13:38:06'),
(137, 36, 54, 70.00, '2025-05-26 18:05:42', '2025-05-26 18:05:42'),
(138, 36, 55, 100.00, '2025-05-26 18:05:42', '2025-05-26 18:05:42'),
(139, 36, 56, 80.00, '2025-05-26 18:05:42', '2025-05-26 18:05:42'),
(140, 36, 57, 100.00, '2025-05-26 18:05:42', '2025-05-26 18:05:42'),
(141, 36, 58, 100.00, '2025-05-26 18:05:42', '2025-05-26 18:05:42'),
(142, 36, 59, 70.00, '2025-05-26 18:05:42', '2025-05-26 18:05:42'),
(143, 36, 60, 90.00, '2025-05-26 18:05:42', '2025-05-26 18:05:42'),
(144, 36, 61, 50.00, '2025-05-26 18:05:42', '2025-05-26 18:06:59'),
(145, 36, 62, 100.00, '2025-05-26 18:05:42', '2025-05-26 18:05:42'),
(146, 36, 63, 100.00, '2025-05-26 18:05:42', '2025-05-26 18:05:42'),
(147, 36, 64, 70.00, '2025-05-26 18:05:42', '2025-05-26 18:06:59'),
(148, 37, 75, 90.00, '2025-05-26 18:57:46', '2025-05-27 10:20:05'),
(149, 37, 76, 90.00, '2025-05-26 18:57:46', '2025-05-27 10:20:05'),
(150, 37, 78, 90.00, '2025-05-26 18:57:46', '2025-05-27 10:20:05'),
(151, 37, 79, 90.00, '2025-05-26 18:57:46', '2025-05-27 10:20:05'),
(152, 37, 80, 90.00, '2025-05-26 18:57:46', '2025-05-27 10:20:05'),
(153, 37, 81, 90.00, '2025-05-26 18:57:46', '2025-05-27 10:20:05'),
(154, 37, 82, 90.00, '2025-05-26 18:57:46', '2025-05-27 10:20:05'),
(155, 37, 83, 90.00, '2025-05-26 18:57:46', '2025-05-27 10:20:05'),
(156, 37, 84, 90.00, '2025-05-26 18:57:46', '2025-05-27 10:20:05'),
(157, 37, 85, 90.00, '2025-05-26 18:57:46', '2025-05-27 10:20:05'),
(158, 38, 86, 90.00, '2025-05-26 19:01:32', '2025-05-27 10:20:46'),
(159, 38, 87, 90.00, '2025-05-26 19:01:32', '2025-05-27 10:20:46'),
(160, 38, 88, 90.00, '2025-05-26 19:01:32', '2025-05-27 10:20:46'),
(161, 38, 89, 90.00, '2025-05-26 19:01:32', '2025-05-27 10:20:46'),
(162, 38, 90, 90.00, '2025-05-26 19:01:32', '2025-05-27 10:20:46'),
(163, 38, 91, 90.00, '2025-05-26 19:01:32', '2025-05-27 10:20:46'),
(164, 38, 92, 90.00, '2025-05-26 19:01:32', '2025-05-27 10:20:46'),
(165, 38, 93, 90.00, '2025-05-26 19:01:32', '2025-05-27 10:20:46'),
(166, 38, 94, 90.00, '2025-05-26 19:01:32', '2025-05-27 10:20:46'),
(167, 38, 95, 90.00, '2025-05-26 19:01:32', '2025-05-27 10:20:46'),
(168, 39, 96, 90.00, '2025-05-26 19:03:19', '2025-05-27 10:21:12'),
(169, 39, 97, 90.00, '2025-05-26 19:03:19', '2025-05-27 10:21:12'),
(170, 39, 98, 90.00, '2025-05-26 19:03:19', '2025-05-27 10:21:12'),
(171, 39, 99, 90.00, '2025-05-26 19:03:19', '2025-05-27 10:21:12'),
(172, 39, 100, 90.00, '2025-05-26 19:03:19', '2025-05-27 10:21:12'),
(173, 39, 101, 90.00, '2025-05-26 19:03:19', '2025-05-27 10:21:12'),
(174, 39, 102, 100.00, '2025-05-26 19:03:19', '2025-05-27 10:21:12'),
(175, 39, 103, 100.00, '2025-05-26 19:03:19', '2025-05-27 10:21:12'),
(176, 39, 104, 90.00, '2025-05-26 19:03:19', '2025-05-27 10:21:12'),
(177, 39, 105, 100.00, '2025-05-26 19:03:19', '2025-05-27 10:21:12'),
(178, 40, 106, 90.00, '2025-05-26 19:08:55', '2025-05-27 10:21:40'),
(179, 40, 107, 100.00, '2025-05-26 19:08:55', '2025-05-27 10:21:40'),
(180, 40, 108, 90.00, '2025-05-26 19:08:55', '2025-05-27 10:21:40'),
(181, 40, 109, 90.00, '2025-05-26 19:08:55', '2025-05-27 10:21:40'),
(182, 40, 110, 90.00, '2025-05-26 19:08:55', '2025-05-27 10:21:40'),
(183, 40, 111, 90.00, '2025-05-26 19:08:55', '2025-05-27 10:21:40'),
(184, 40, 112, 90.00, '2025-05-26 19:08:55', '2025-05-27 10:21:40'),
(185, 40, 113, 90.00, '2025-05-26 19:08:55', '2025-05-27 10:21:40'),
(186, 40, 114, 90.00, '2025-05-26 19:08:55', '2025-05-27 10:21:40'),
(187, 40, 115, 90.00, '2025-05-26 19:08:55', '2025-05-27 10:21:40'),
(188, 41, 116, 90.00, '2025-05-26 19:10:12', '2025-05-27 10:22:32'),
(189, 41, 117, 90.00, '2025-05-26 19:10:12', '2025-05-27 10:22:32'),
(190, 41, 118, 90.00, '2025-05-26 19:10:12', '2025-05-27 10:22:32'),
(191, 41, 119, 90.00, '2025-05-26 19:10:12', '2025-05-27 10:22:32'),
(192, 41, 120, 90.00, '2025-05-26 19:10:12', '2025-05-27 10:22:32'),
(193, 41, 121, 90.00, '2025-05-26 19:10:12', '2025-05-27 10:22:32'),
(194, 41, 122, 90.00, '2025-05-26 19:10:12', '2025-05-27 10:22:32'),
(195, 41, 123, 90.00, '2025-05-26 19:10:12', '2025-05-27 10:22:32'),
(196, 41, 124, 90.00, '2025-05-26 19:10:12', '2025-05-27 10:22:32'),
(197, 41, 125, 90.00, '2025-05-26 19:10:12', '2025-05-27 10:22:32'),
(198, 42, 134, 90.00, '2025-05-26 19:16:18', '2025-05-27 10:23:04'),
(199, 42, 135, 90.00, '2025-05-26 19:16:18', '2025-05-27 10:23:04'),
(200, 42, 136, 90.00, '2025-05-26 19:16:18', '2025-05-27 10:23:04'),
(201, 42, 137, 90.00, '2025-05-26 19:16:18', '2025-05-27 10:23:04'),
(202, 42, 138, 90.00, '2025-05-26 19:16:18', '2025-05-27 10:23:04'),
(203, 42, 139, 90.00, '2025-05-26 19:16:18', '2025-05-27 10:23:04'),
(204, 42, 140, 90.00, '2025-05-26 19:16:18', '2025-05-27 10:23:04'),
(205, 42, 141, 90.00, '2025-05-26 19:16:18', '2025-05-27 10:23:04'),
(206, 42, 142, 90.00, '2025-05-26 19:16:18', '2025-05-27 10:23:04'),
(207, 42, 143, 90.00, '2025-05-26 19:16:18', '2025-05-27 10:23:04'),
(208, 43, 364, 100.00, '2025-05-26 23:44:56', '2025-05-28 16:32:17'),
(209, 43, 365, 100.00, '2025-05-26 23:44:56', '2025-05-27 03:51:31'),
(210, 43, 366, 100.00, '2025-05-26 23:44:56', '2025-05-27 03:51:31'),
(211, 43, 367, 100.00, '2025-05-26 23:44:56', '2025-05-27 03:51:31'),
(212, 43, 368, 100.00, '2025-05-26 23:44:56', '2025-05-27 03:51:31'),
(213, 43, 369, 95.00, '2025-05-26 23:44:56', '2025-05-28 16:32:17'),
(214, 43, 370, 85.00, '2025-05-26 23:44:56', '2025-05-28 16:32:17'),
(215, 43, 371, 95.00, '2025-05-26 23:44:56', '2025-05-28 16:37:25'),
(216, 43, 372, 93.00, '2025-05-26 23:44:56', '2025-05-28 16:37:25'),
(217, 43, 373, 90.00, '2025-05-26 23:44:56', '2025-05-28 16:37:25'),
(218, 44, 375, 90.00, '2025-05-26 23:46:57', '2025-05-27 03:51:50'),
(219, 44, 376, 90.00, '2025-05-26 23:46:57', '2025-05-27 03:51:50'),
(220, 44, 377, 100.00, '2025-05-26 23:46:57', '2025-05-27 03:51:50'),
(221, 44, 378, 70.00, '2025-05-26 23:46:57', '2025-05-27 03:51:50'),
(222, 44, 379, 60.00, '2025-05-26 23:46:57', '2025-05-27 03:51:50'),
(223, 44, 380, 100.00, '2025-05-26 23:46:57', '2025-05-27 03:51:50'),
(224, 44, 381, 80.00, '2025-05-26 23:46:57', '2025-05-27 03:51:50'),
(225, 44, 382, 80.00, '2025-05-26 23:46:57', '2025-05-27 03:51:50'),
(226, 44, 383, 100.00, '2025-05-26 23:46:57', '2025-05-27 03:51:50'),
(227, 44, 384, 90.00, '2025-05-26 23:46:57', '2025-05-27 03:51:50'),
(228, 45, 385, 90.00, '2025-05-26 23:48:23', '2025-05-27 03:52:06'),
(229, 45, 386, 100.00, '2025-05-26 23:48:23', '2025-05-27 03:52:06'),
(230, 45, 387, 100.00, '2025-05-26 23:48:23', '2025-05-27 03:52:06'),
(231, 45, 388, 100.00, '2025-05-26 23:48:23', '2025-05-27 03:52:06'),
(232, 45, 389, 80.00, '2025-05-26 23:48:23', '2025-05-27 03:52:06'),
(233, 45, 390, 90.00, '2025-05-26 23:48:23', '2025-05-27 03:52:06'),
(234, 45, 391, 80.00, '2025-05-26 23:48:23', '2025-05-27 03:52:06'),
(235, 45, 392, 100.00, '2025-05-26 23:48:23', '2025-05-27 03:52:06'),
(236, 45, 393, 80.00, '2025-05-26 23:48:23', '2025-05-27 03:52:06'),
(237, 45, 394, 100.00, '2025-05-26 23:48:23', '2025-05-27 03:52:06'),
(238, 46, 395, 50.00, '2025-05-26 23:50:53', '2025-05-27 03:52:19'),
(239, 46, 396, 70.00, '2025-05-26 23:50:53', '2025-05-27 03:52:19'),
(240, 46, 397, 80.00, '2025-05-26 23:50:53', '2025-05-27 03:52:19'),
(241, 46, 398, 70.00, '2025-05-26 23:50:53', '2025-05-27 03:52:19'),
(242, 46, 399, 80.00, '2025-05-26 23:50:53', '2025-05-27 03:52:19'),
(243, 46, 400, 50.00, '2025-05-26 23:50:53', '2025-05-27 03:52:19'),
(244, 46, 401, 80.00, '2025-05-26 23:50:53', '2025-05-27 03:52:19'),
(245, 46, 402, 90.00, '2025-05-26 23:50:53', '2025-05-27 03:52:19'),
(246, 46, 403, 80.00, '2025-05-26 23:50:53', '2025-05-27 03:52:19'),
(247, 46, 404, 50.00, '2025-05-26 23:50:53', '2025-05-27 03:52:19'),
(248, 47, 405, 90.00, '2025-05-26 23:52:46', '2025-05-27 03:52:35'),
(249, 47, 406, 80.00, '2025-05-26 23:52:46', '2025-05-27 03:52:35'),
(250, 47, 407, 100.00, '2025-05-26 23:52:46', '2025-05-27 03:52:35'),
(251, 47, 408, 90.00, '2025-05-26 23:52:46', '2025-05-27 03:53:00'),
(252, 47, 409, 80.00, '2025-05-26 23:52:46', '2025-05-27 03:53:19'),
(253, 47, 410, 80.00, '2025-05-26 23:52:46', '2025-05-27 03:52:35'),
(254, 47, 411, 70.00, '2025-05-26 23:52:46', '2025-05-27 03:52:35'),
(255, 47, 412, 90.00, '2025-05-26 23:52:46', '2025-05-27 03:52:35'),
(256, 47, 413, 80.00, '2025-05-26 23:52:46', '2025-05-27 03:53:19'),
(257, 47, 414, 90.00, '2025-05-26 23:52:46', '2025-05-27 03:52:35'),
(258, 48, 415, 100.00, '2025-05-26 23:53:24', '2025-05-27 03:52:49'),
(259, 48, 416, 100.00, '2025-05-26 23:53:24', '2025-05-27 03:52:49'),
(260, 48, 417, 100.00, '2025-05-26 23:53:24', '2025-05-27 03:52:49'),
(261, 48, 418, 100.00, '2025-05-26 23:53:24', '2025-05-27 03:52:49'),
(262, 48, 419, 100.00, '2025-05-26 23:53:24', '2025-05-27 03:52:49'),
(263, 48, 420, 100.00, '2025-05-26 23:53:24', '2025-05-27 03:52:49'),
(264, 48, 421, 90.00, '2025-05-26 23:53:24', '2025-05-27 03:52:49'),
(265, 48, 422, 80.00, '2025-05-26 23:53:24', '2025-05-27 03:52:49'),
(266, 48, 423, 90.00, '2025-05-26 23:53:24', '2025-05-27 03:52:49'),
(267, 48, 424, 80.00, '2025-05-26 23:53:24', '2025-05-27 03:52:49'),
(268, 49, 70, 95.00, '2025-05-27 02:29:22', '2025-05-27 03:18:46'),
(269, 49, 71, 95.00, '2025-05-27 02:29:22', '2025-05-27 03:18:27'),
(270, 49, 72, 100.00, '2025-05-27 02:29:22', '2025-05-27 02:29:22'),
(271, 49, 73, 95.00, '2025-05-27 02:29:22', '2025-05-27 02:29:22'),
(272, 49, 74, 95.00, '2025-05-27 02:29:22', '2025-05-27 03:23:40'),
(273, 50, 425, 85.00, '2025-05-27 02:33:18', '2025-05-27 02:43:21'),
(274, 50, 426, 83.00, '2025-05-27 02:33:18', '2025-05-27 02:43:21'),
(275, 50, 427, 95.00, '2025-05-27 02:33:18', '2025-05-27 20:34:01'),
(276, 50, 428, 92.00, '2025-05-27 02:33:18', '2025-05-27 20:34:01'),
(277, 50, 429, 87.00, '2025-05-27 02:33:18', '2025-05-27 03:37:38'),
(278, 50, 430, 100.00, '2025-05-27 02:43:21', '2025-05-27 02:43:21'),
(279, 49, 432, 93.00, '2025-05-27 02:48:28', '2025-05-27 20:35:14'),
(280, 49, 433, 88.00, '2025-05-27 02:48:28', '2025-05-27 20:35:42'),
(281, 50, 431, 83.00, '2025-05-27 02:48:51', '2025-05-27 20:34:01'),
(282, 51, 434, 85.00, '2025-05-27 03:10:06', '2025-05-27 03:34:35'),
(283, 51, 435, 89.00, '2025-05-27 03:10:06', '2025-05-27 20:34:28'),
(284, 51, 436, 82.00, '2025-05-27 03:10:06', '2025-05-27 16:49:29'),
(285, 51, 437, 88.00, '2025-05-27 03:10:06', '2025-05-27 20:34:58'),
(286, 51, 438, 84.00, '2025-05-27 03:10:06', '2025-05-27 03:33:12'),
(287, 51, 439, 95.00, '2025-05-27 03:10:06', '2025-05-27 03:36:00'),
(288, 51, 440, 87.00, '2025-05-27 03:10:06', '2025-05-27 20:34:45'),
(289, 50, 441, 90.00, '2025-05-27 03:16:40', '2025-05-27 03:17:21'),
(290, 49, 442, 92.00, '2025-05-27 03:17:01', '2025-05-27 20:35:26'),
(291, 51, 443, 94.00, '2025-05-27 03:17:08', '2025-05-27 03:36:10'),
(292, 52, 126, 70.00, '2025-05-27 10:46:51', '2025-05-28 10:57:32'),
(293, 52, 127, 80.00, '2025-05-27 10:46:51', '2025-05-28 10:57:32'),
(294, 52, 128, 90.00, '2025-05-27 10:46:51', '2025-05-27 14:22:53'),
(295, 52, 129, 80.00, '2025-05-27 10:46:51', '2025-05-28 10:57:32'),
(296, 52, 130, 85.00, '2025-05-27 10:46:51', '2025-05-28 10:57:32'),
(297, 52, 131, 80.00, '2025-05-27 10:46:51', '2025-05-28 10:57:32'),
(298, 52, 132, 85.00, '2025-05-27 10:46:51', '2025-05-27 15:28:11'),
(299, 52, 133, 85.00, '2025-05-27 10:46:51', '2025-05-27 15:28:11'),
(300, 52, 144, 80.00, '2025-05-27 10:46:51', '2025-05-27 10:46:51'),
(301, 52, 145, 80.00, '2025-05-27 10:46:51', '2025-05-27 14:22:22'),
(302, 52, 146, 85.00, '2025-05-27 10:46:51', '2025-05-27 14:22:53'),
(303, 52, 147, 90.00, '2025-05-27 10:46:51', '2025-05-27 10:46:51'),
(304, 53, 148, 95.00, '2025-05-27 11:02:54', '2025-05-28 09:57:17'),
(305, 53, 149, 95.00, '2025-05-27 11:02:54', '2025-05-27 11:07:38'),
(306, 53, 150, 95.00, '2025-05-27 11:02:54', '2025-05-27 11:07:38'),
(307, 53, 151, 85.00, '2025-05-27 11:02:54', '2025-05-28 10:27:06'),
(308, 53, 152, 90.00, '2025-05-27 11:02:54', '2025-05-28 10:57:55'),
(309, 53, 153, 90.00, '2025-05-27 11:02:54', '2025-05-28 10:57:55'),
(310, 53, 154, 95.00, '2025-05-27 11:02:54', '2025-05-27 11:02:54'),
(311, 53, 155, 80.00, '2025-05-27 11:02:54', '2025-05-27 11:07:38'),
(312, 53, 156, 90.00, '2025-05-27 11:02:54', '2025-05-27 11:02:54'),
(313, 53, 157, 90.00, '2025-05-27 11:02:54', '2025-05-27 11:02:54'),
(314, 53, 158, 95.00, '2025-05-27 11:02:54', '2025-05-27 11:02:54'),
(315, 53, 159, 95.00, '2025-05-27 11:02:54', '2025-05-27 11:02:54'),
(316, 54, 160, 85.00, '2025-05-27 13:34:28', '2025-05-28 10:06:02'),
(317, 54, 161, 95.00, '2025-05-27 13:34:28', '2025-05-28 09:55:12'),
(318, 54, 162, 95.00, '2025-05-27 13:34:28', '2025-05-28 09:55:12'),
(319, 54, 163, 95.00, '2025-05-27 13:34:28', '2025-05-27 13:34:28'),
(320, 54, 164, 95.00, '2025-05-27 13:34:28', '2025-05-28 09:55:12'),
(321, 54, 165, 95.00, '2025-05-27 13:34:28', '2025-05-28 09:55:12'),
(322, 54, 166, 95.00, '2025-05-27 13:34:28', '2025-05-28 09:55:12'),
(323, 54, 167, 90.00, '2025-05-27 13:34:28', '2025-05-27 13:34:28'),
(324, 54, 168, 90.00, '2025-05-27 13:34:28', '2025-05-27 13:34:28'),
(325, 54, 169, 95.00, '2025-05-27 13:34:28', '2025-05-27 13:36:11'),
(326, 54, 170, 95.00, '2025-05-27 13:34:28', '2025-05-27 15:42:28'),
(327, 54, 171, 95.00, '2025-05-27 13:34:28', '2025-05-27 13:34:28'),
(328, 55, 328, 95.00, '2025-05-27 13:37:52', '2025-05-27 13:37:52'),
(329, 55, 329, 95.00, '2025-05-27 13:37:52', '2025-05-27 13:37:52'),
(330, 55, 330, 100.00, '2025-05-27 13:37:52', '2025-05-27 13:37:52'),
(331, 55, 331, 100.00, '2025-05-27 13:37:52', '2025-05-27 13:37:52'),
(332, 55, 332, 95.00, '2025-05-27 13:37:52', '2025-05-27 13:37:52'),
(333, 55, 333, 95.00, '2025-05-27 13:37:52', '2025-05-27 13:37:52'),
(334, 55, 334, 95.00, '2025-05-27 13:37:52', '2025-05-27 13:37:52'),
(335, 55, 335, 95.00, '2025-05-27 13:37:52', '2025-05-27 13:37:52'),
(336, 55, 336, 90.00, '2025-05-27 13:37:52', '2025-05-28 10:39:58'),
(337, 55, 337, 95.00, '2025-05-27 13:37:52', '2025-05-28 09:53:39'),
(338, 55, 338, 100.00, '2025-05-27 13:37:52', '2025-05-27 13:37:52'),
(339, 55, 339, 90.00, '2025-05-27 13:37:52', '2025-05-28 09:53:39'),
(340, 56, 340, 0.00, '2025-05-27 13:40:14', '2025-05-27 13:40:14'),
(341, 56, 341, 0.00, '2025-05-27 13:40:14', '2025-05-27 13:40:14'),
(342, 56, 342, 0.00, '2025-05-27 13:40:14', '2025-05-27 13:40:14'),
(343, 56, 343, 0.00, '2025-05-27 13:40:14', '2025-05-27 13:40:14'),
(344, 56, 344, 0.00, '2025-05-27 13:40:14', '2025-05-27 13:40:14'),
(345, 56, 345, 0.00, '2025-05-27 13:40:14', '2025-05-27 13:40:14'),
(346, 56, 346, 0.00, '2025-05-27 13:40:14', '2025-05-27 13:40:14'),
(347, 56, 347, 0.00, '2025-05-27 13:40:14', '2025-05-27 13:40:14'),
(348, 56, 348, 0.00, '2025-05-27 13:40:14', '2025-05-27 13:40:14'),
(349, 56, 349, 0.00, '2025-05-27 13:40:14', '2025-05-27 13:40:14'),
(350, 56, 350, 0.00, '2025-05-27 13:40:14', '2025-05-27 13:40:14'),
(351, 56, 351, 0.00, '2025-05-27 13:40:14', '2025-05-27 13:40:14'),
(352, 57, 268, 45.00, '2025-05-27 13:55:45', '2025-05-27 14:32:39'),
(353, 57, 269, 80.00, '2025-05-27 13:55:45', '2025-05-27 14:33:14'),
(354, 57, 270, 80.00, '2025-05-27 13:55:45', '2025-05-27 14:33:14'),
(355, 57, 271, 75.00, '2025-05-27 13:55:45', '2025-05-27 14:21:26'),
(356, 57, 272, 80.00, '2025-05-27 13:55:45', '2025-05-27 14:32:39'),
(357, 57, 273, 80.00, '2025-05-27 13:55:45', '2025-05-27 14:33:14'),
(358, 57, 274, 80.00, '2025-05-27 13:55:45', '2025-05-27 14:33:14'),
(359, 57, 275, 80.00, '2025-05-27 13:55:45', '2025-05-27 14:21:26'),
(360, 57, 276, 80.00, '2025-05-27 13:55:45', '2025-05-27 14:21:26'),
(361, 57, 277, 80.00, '2025-05-27 13:55:45', '2025-05-27 14:20:45'),
(362, 57, 278, 90.00, '2025-05-27 13:55:45', '2025-05-27 14:21:26'),
(363, 57, 279, 90.00, '2025-05-27 13:55:45', '2025-05-27 14:21:26'),
(364, 58, 316, 80.00, '2025-05-27 13:59:16', '2025-05-28 10:00:33'),
(365, 58, 317, 95.00, '2025-05-27 13:59:16', '2025-05-27 13:59:16'),
(366, 58, 318, 100.00, '2025-05-27 13:59:16', '2025-05-27 13:59:16'),
(367, 58, 319, 85.00, '2025-05-27 13:59:16', '2025-05-28 10:00:33'),
(368, 58, 320, 90.00, '2025-05-27 13:59:16', '2025-05-27 14:00:02'),
(369, 58, 321, 90.00, '2025-05-27 13:59:16', '2025-05-27 13:59:16'),
(370, 58, 322, 95.00, '2025-05-27 13:59:16', '2025-05-27 13:59:16'),
(371, 58, 323, 85.00, '2025-05-27 13:59:16', '2025-05-28 10:39:30'),
(372, 58, 324, 90.00, '2025-05-27 13:59:16', '2025-05-28 10:39:30'),
(373, 58, 325, 90.00, '2025-05-27 13:59:16', '2025-05-27 13:59:16'),
(374, 58, 326, 95.00, '2025-05-27 13:59:16', '2025-05-27 13:59:16'),
(375, 58, 327, 100.00, '2025-05-27 13:59:16', '2025-05-27 13:59:16'),
(376, 59, 352, 95.00, '2025-05-27 14:12:44', '2025-05-27 14:12:44'),
(377, 59, 353, 90.00, '2025-05-27 14:12:44', '2025-05-27 14:12:44'),
(378, 59, 354, 95.00, '2025-05-27 14:12:44', '2025-05-27 14:12:44'),
(379, 59, 355, 85.00, '2025-05-27 14:12:44', '2025-05-27 14:12:44'),
(380, 59, 356, 90.00, '2025-05-27 14:12:44', '2025-05-27 14:12:44'),
(381, 59, 357, 88.00, '2025-05-27 14:12:44', '2025-05-27 14:12:44'),
(382, 59, 358, 85.00, '2025-05-27 14:12:44', '2025-05-27 14:12:44'),
(383, 59, 359, 85.00, '2025-05-27 14:12:44', '2025-05-27 14:12:44'),
(384, 59, 360, 88.00, '2025-05-27 14:12:44', '2025-05-27 14:12:44'),
(385, 59, 361, 90.00, '2025-05-27 14:12:44', '2025-05-27 14:12:44'),
(386, 59, 362, 90.00, '2025-05-27 14:12:44', '2025-05-27 14:12:44'),
(387, 59, 363, 100.00, '2025-05-27 14:12:44', '2025-05-27 14:12:44'),
(388, 60, 280, 95.00, '2025-05-27 14:37:21', '2025-05-27 14:37:21'),
(389, 60, 281, 95.00, '2025-05-27 14:37:21', '2025-05-27 14:37:21'),
(390, 60, 282, 95.00, '2025-05-27 14:37:21', '2025-05-28 10:37:56'),
(391, 60, 283, 85.00, '2025-05-27 14:37:21', '2025-05-28 10:37:56'),
(392, 60, 284, 95.00, '2025-05-27 14:37:21', '2025-05-27 14:37:21'),
(393, 60, 285, 90.00, '2025-05-27 14:37:21', '2025-05-28 10:37:56'),
(394, 60, 286, 90.00, '2025-05-27 14:37:21', '2025-05-28 10:37:56'),
(395, 60, 287, 90.00, '2025-05-27 14:37:21', '2025-05-28 10:37:56'),
(396, 60, 288, 94.00, '2025-05-27 14:37:21', '2025-05-27 14:37:21'),
(397, 60, 289, 95.00, '2025-05-27 14:37:21', '2025-05-27 14:37:21'),
(398, 60, 290, 98.00, '2025-05-27 14:37:21', '2025-05-27 14:37:21'),
(399, 60, 291, 99.00, '2025-05-27 14:37:21', '2025-05-27 14:37:21'),
(400, 61, 292, 90.00, '2025-05-27 14:40:16', '2025-05-27 14:40:16'),
(401, 61, 293, 90.00, '2025-05-27 14:40:16', '2025-05-27 14:40:16'),
(402, 61, 294, 95.00, '2025-05-27 14:40:16', '2025-05-27 14:40:16'),
(403, 61, 295, 85.00, '2025-05-27 14:40:16', '2025-05-27 15:15:01'),
(404, 61, 296, 90.00, '2025-05-27 14:40:16', '2025-05-27 16:17:33'),
(405, 61, 297, 85.00, '2025-05-27 14:40:16', '2025-05-28 10:38:40'),
(406, 61, 298, 87.00, '2025-05-27 14:40:16', '2025-05-27 14:40:16'),
(407, 61, 299, 80.00, '2025-05-27 14:40:16', '2025-05-28 10:38:40'),
(408, 61, 300, 85.00, '2025-05-27 14:40:16', '2025-05-27 14:40:16'),
(409, 61, 301, 90.00, '2025-05-27 14:40:16', '2025-05-27 14:40:16'),
(410, 61, 302, 90.00, '2025-05-27 14:40:16', '2025-05-27 14:40:16'),
(411, 61, 303, 95.00, '2025-05-27 14:40:16', '2025-05-27 14:40:16'),
(412, 62, 304, 95.00, '2025-05-27 15:21:14', '2025-05-27 15:21:14'),
(413, 62, 305, 95.00, '2025-05-27 15:21:14', '2025-05-27 15:21:14'),
(414, 62, 306, 95.00, '2025-05-27 15:21:14', '2025-05-27 15:21:14'),
(415, 62, 307, 85.00, '2025-05-27 15:21:14', '2025-05-28 10:40:48'),
(416, 62, 308, 88.00, '2025-05-27 15:21:14', '2025-05-28 10:40:48'),
(417, 62, 309, 88.00, '2025-05-27 15:21:14', '2025-05-28 10:40:48'),
(418, 62, 310, 92.00, '2025-05-27 15:21:14', '2025-05-27 15:21:14'),
(419, 62, 311, 90.00, '2025-05-27 15:21:14', '2025-05-27 15:21:14'),
(420, 62, 312, 90.00, '2025-05-27 15:21:14', '2025-05-27 15:21:14'),
(421, 62, 313, 95.00, '2025-05-27 15:21:14', '2025-05-27 15:21:14'),
(422, 62, 314, 90.00, '2025-05-27 15:21:14', '2025-05-27 15:21:14'),
(423, 62, 315, 95.00, '2025-05-27 15:21:14', '2025-05-27 15:21:14'),
(424, 63, 220, 99.00, '2025-05-27 15:27:28', '2025-05-27 15:27:28'),
(425, 63, 221, 99.00, '2025-05-27 15:27:28', '2025-05-27 15:27:28'),
(426, 63, 222, 90.00, '2025-05-27 15:27:28', '2025-05-27 15:27:28'),
(427, 63, 223, 80.00, '2025-05-27 15:27:28', '2025-05-27 15:27:28'),
(428, 63, 224, 80.00, '2025-05-27 15:27:28', '2025-05-27 15:27:28'),
(429, 63, 225, 83.00, '2025-05-27 15:27:28', '2025-05-27 15:27:28'),
(430, 63, 226, 80.00, '2025-05-27 15:27:28', '2025-05-27 15:27:28'),
(431, 63, 227, 80.00, '2025-05-27 15:27:28', '2025-05-27 15:27:28'),
(432, 63, 228, 80.00, '2025-05-27 15:27:28', '2025-05-27 15:27:28'),
(433, 63, 229, 75.00, '2025-05-27 15:27:28', '2025-05-27 15:27:28'),
(434, 63, 230, 90.00, '2025-05-27 15:27:28', '2025-05-27 15:27:28'),
(435, 63, 231, 90.00, '2025-05-27 15:27:28', '2025-05-27 15:27:28'),
(436, 64, 172, 80.00, '2025-05-27 15:33:42', '2025-05-28 09:57:40'),
(437, 64, 173, 90.00, '2025-05-27 15:33:42', '2025-05-28 09:57:40'),
(438, 64, 174, 95.00, '2025-05-27 15:33:42', '2025-05-27 15:33:42'),
(439, 64, 175, 85.00, '2025-05-27 15:33:42', '2025-05-28 10:06:31'),
(440, 64, 176, 90.00, '2025-05-27 15:33:42', '2025-05-28 10:06:31'),
(441, 64, 177, 90.00, '2025-05-27 15:33:42', '2025-05-28 10:06:31'),
(442, 64, 178, 90.00, '2025-05-27 15:33:42', '2025-05-28 09:55:56'),
(443, 64, 179, 90.00, '2025-05-27 15:33:42', '2025-05-27 15:33:42'),
(444, 64, 180, 90.00, '2025-05-27 15:33:42', '2025-05-28 09:55:56'),
(445, 64, 181, 90.00, '2025-05-27 15:33:42', '2025-05-28 09:55:56'),
(446, 64, 182, 85.00, '2025-05-27 15:33:42', '2025-05-28 09:55:56'),
(447, 64, 183, 95.00, '2025-05-27 15:33:42', '2025-05-27 15:33:42'),
(448, 65, 208, 85.00, '2025-05-27 15:40:39', '2025-05-27 15:40:39'),
(449, 65, 209, 95.00, '2025-05-27 15:40:39', '2025-05-27 15:40:39'),
(450, 65, 210, 95.00, '2025-05-27 15:40:39', '2025-05-27 15:40:39'),
(451, 65, 211, 88.00, '2025-05-27 15:40:39', '2025-05-27 15:40:39'),
(452, 65, 212, 90.00, '2025-05-27 15:40:39', '2025-05-27 15:40:39'),
(453, 65, 213, 85.00, '2025-05-27 15:40:39', '2025-05-27 15:40:39'),
(454, 65, 214, 85.00, '2025-05-27 15:40:39', '2025-05-27 15:40:39'),
(455, 65, 215, 85.00, '2025-05-27 15:40:39', '2025-05-27 15:40:39'),
(456, 65, 216, 85.00, '2025-05-27 15:40:39', '2025-05-27 15:40:39'),
(457, 65, 217, 80.00, '2025-05-27 15:40:39', '2025-05-27 15:40:39'),
(458, 65, 218, 80.00, '2025-05-27 15:40:39', '2025-05-27 15:40:39'),
(459, 65, 219, 95.00, '2025-05-27 15:40:39', '2025-05-27 15:40:39'),
(460, 66, 256, 95.00, '2025-05-27 15:51:52', '2025-05-27 15:51:52'),
(461, 66, 257, 95.00, '2025-05-27 15:51:52', '2025-05-27 15:51:52'),
(462, 66, 258, 95.00, '2025-05-27 15:51:52', '2025-05-27 15:51:52'),
(463, 66, 259, 85.00, '2025-05-27 15:51:52', '2025-05-28 10:36:40'),
(464, 66, 260, 90.00, '2025-05-27 15:51:52', '2025-05-28 10:36:40'),
(465, 66, 261, 85.00, '2025-05-27 15:51:52', '2025-05-28 10:36:40'),
(466, 66, 262, 90.00, '2025-05-27 15:51:52', '2025-05-28 10:36:40'),
(467, 66, 263, 85.00, '2025-05-27 15:51:52', '2025-05-28 10:36:40'),
(468, 66, 264, 88.00, '2025-05-27 15:51:52', '2025-05-27 15:51:52'),
(469, 66, 265, 90.00, '2025-05-27 15:51:52', '2025-05-27 15:51:52'),
(470, 66, 266, 95.00, '2025-05-27 15:51:52', '2025-05-27 15:51:52'),
(471, 66, 267, 95.00, '2025-05-27 15:51:52', '2025-05-27 15:51:52'),
(472, 67, 232, 80.00, '2025-05-27 16:03:00', '2025-05-28 10:27:48'),
(473, 67, 233, 85.00, '2025-05-27 16:03:00', '2025-05-28 10:29:27'),
(474, 67, 234, 95.00, '2025-05-27 16:03:00', '2025-05-27 16:03:00'),
(475, 67, 235, 80.00, '2025-05-27 16:03:00', '2025-05-28 10:27:48'),
(476, 67, 236, 90.00, '2025-05-27 16:03:00', '2025-05-28 10:27:48'),
(477, 67, 237, 90.00, '2025-05-27 16:03:00', '2025-05-27 16:03:00'),
(478, 67, 238, 95.00, '2025-05-27 16:03:00', '2025-05-27 16:03:00'),
(479, 67, 239, 90.00, '2025-05-27 16:03:00', '2025-05-27 16:03:00'),
(480, 67, 240, 90.00, '2025-05-27 16:03:00', '2025-05-27 16:03:00'),
(481, 67, 241, 90.00, '2025-05-27 16:03:00', '2025-05-27 16:03:00'),
(482, 67, 242, 95.00, '2025-05-27 16:03:00', '2025-05-27 16:03:00'),
(483, 67, 243, 95.00, '2025-05-27 16:03:00', '2025-05-27 16:03:00'),
(484, 68, 244, 90.00, '2025-05-27 16:07:53', '2025-05-28 10:32:40'),
(485, 68, 245, 95.00, '2025-05-27 16:07:53', '2025-05-27 16:07:53'),
(486, 68, 246, 95.00, '2025-05-27 16:07:53', '2025-05-27 16:07:53'),
(487, 68, 247, 80.00, '2025-05-27 16:07:53', '2025-05-28 10:33:03'),
(488, 68, 248, 90.00, '2025-05-27 16:07:53', '2025-05-27 16:07:53'),
(489, 68, 249, 90.00, '2025-05-27 16:07:53', '2025-05-28 10:33:51'),
(490, 68, 250, 90.00, '2025-05-27 16:07:53', '2025-05-27 16:07:53'),
(491, 68, 251, 85.00, '2025-05-27 16:07:53', '2025-05-28 10:32:40'),
(492, 68, 252, 90.00, '2025-05-27 16:07:53', '2025-05-27 16:07:53'),
(493, 68, 253, 85.00, '2025-05-27 16:07:53', '2025-05-28 10:32:40'),
(494, 68, 254, 90.00, '2025-05-27 16:07:53', '2025-05-28 10:35:27'),
(495, 68, 255, 95.00, '2025-05-27 16:07:53', '2025-05-27 16:07:53'),
(496, 69, 196, 92.00, '2025-05-27 16:15:56', '2025-05-27 16:15:56'),
(497, 69, 197, 95.00, '2025-05-27 16:15:56', '2025-05-27 16:15:56'),
(498, 69, 198, 90.00, '2025-05-27 16:15:56', '2025-05-27 16:15:56'),
(499, 69, 199, 85.00, '2025-05-27 16:15:56', '2025-05-27 16:15:56'),
(500, 69, 200, 90.00, '2025-05-27 16:15:56', '2025-05-27 16:15:56'),
(501, 69, 201, 85.00, '2025-05-27 16:15:56', '2025-05-28 10:26:14'),
(502, 69, 202, 90.00, '2025-05-27 16:15:56', '2025-05-27 16:15:56'),
(503, 69, 203, 80.00, '2025-05-27 16:15:56', '2025-05-28 10:26:14'),
(504, 69, 204, 85.00, '2025-05-27 16:15:56', '2025-05-28 10:26:14'),
(505, 69, 205, 88.00, '2025-05-27 16:15:56', '2025-05-27 16:15:56'),
(506, 69, 206, 85.00, '2025-05-27 16:15:56', '2025-05-27 16:15:56'),
(507, 69, 207, 95.00, '2025-05-27 16:15:56', '2025-05-27 16:15:56'),
(508, 70, 184, 95.00, '2025-05-27 16:24:42', '2025-05-27 16:24:42'),
(509, 70, 185, 95.00, '2025-05-27 16:24:42', '2025-05-27 16:24:42'),
(510, 70, 186, 90.00, '2025-05-27 16:24:42', '2025-05-28 10:25:12'),
(511, 70, 187, 80.00, '2025-05-27 16:24:42', '2025-05-28 10:07:13'),
(512, 70, 188, 95.00, '2025-05-27 16:24:42', '2025-05-27 16:25:15'),
(513, 70, 189, 85.00, '2025-05-27 16:24:42', '2025-05-28 10:07:13'),
(514, 70, 190, 85.00, '2025-05-27 16:24:42', '2025-05-28 10:25:12'),
(515, 70, 191, 80.00, '2025-05-27 16:24:42', '2025-05-28 10:28:56'),
(516, 70, 192, 90.00, '2025-05-27 16:24:42', '2025-05-27 16:24:42'),
(517, 70, 193, 90.00, '2025-05-27 16:24:42', '2025-05-28 10:07:13'),
(518, 70, 194, 95.00, '2025-05-27 16:24:42', '2025-05-27 16:24:42'),
(519, 70, 195, 95.00, '2025-05-27 16:24:42', '2025-05-27 16:24:42'),
(520, 71, 444, 100.00, '2025-05-27 17:06:12', '2025-05-27 17:06:12'),
(521, 71, 445, 100.00, '2025-05-27 17:06:12', '2025-05-27 17:06:12'),
(522, 71, 446, 100.00, '2025-05-27 17:06:12', '2025-05-27 17:06:12'),
(523, 71, 447, 90.00, '2025-05-27 17:06:12', '2025-05-27 17:06:12'),
(524, 71, 448, 80.00, '2025-05-27 17:06:12', '2025-05-27 17:06:12'),
(525, 71, 449, 70.00, '2025-05-27 17:06:12', '2025-05-27 17:06:12'),
(526, 71, 450, 90.00, '2025-05-27 17:06:12', '2025-05-27 17:06:12'),
(527, 71, 451, 70.00, '2025-05-27 17:06:12', '2025-05-27 17:06:12'),
(528, 71, 452, 100.00, '2025-05-27 17:06:12', '2025-05-27 17:06:12'),
(529, 71, 453, 100.00, '2025-05-27 17:06:12', '2025-05-27 17:06:12'),
(530, 71, 454, 70.00, '2025-05-27 17:06:12', '2025-05-27 17:06:12'),
(531, 71, 455, 90.00, '2025-05-27 17:06:12', '2025-05-27 17:06:12'),
(532, 71, 456, 70.00, '2025-05-27 17:06:12', '2025-05-27 17:06:12'),
(533, 71, 457, 100.00, '2025-05-27 17:06:12', '2025-05-27 17:06:12'),
(534, 71, 458, 70.00, '2025-05-27 17:06:12', '2025-05-27 17:06:12'),
(535, 71, 459, 90.00, '2025-05-27 17:06:12', '2025-05-27 17:06:12'),
(536, 72, 606, 100.00, '2025-05-28 12:34:31', '2025-05-28 12:34:31'),
(537, 72, 607, 85.00, '2025-05-28 12:34:31', '2025-05-28 12:35:11'),
(538, 72, 608, 85.00, '2025-05-28 12:34:31', '2025-05-28 12:34:31'),
(539, 72, 616, 90.00, '2025-05-28 12:34:31', '2025-05-28 12:34:31'),
(540, 72, 617, 100.00, '2025-05-28 12:34:31', '2025-05-28 12:34:31'),
(541, 72, 618, 70.00, '2025-05-28 12:34:31', '2025-05-28 12:34:31'),
(542, 72, 619, 50.00, '2025-05-28 12:34:31', '2025-05-28 12:34:31'),
(543, 72, 620, 100.00, '2025-05-28 12:34:31', '2025-05-28 12:34:31'),
(544, 72, 621, 50.00, '2025-05-28 12:34:31', '2025-05-28 12:34:31'),
(545, 72, 622, 70.00, '2025-05-28 12:34:31', '2025-05-28 12:34:31'),
(546, 73, 585, 100.00, '2025-05-28 12:43:18', '2025-05-28 12:43:18'),
(547, 73, 586, 100.00, '2025-05-28 12:43:18', '2025-05-28 12:43:18'),
(548, 73, 587, 95.00, '2025-05-28 12:43:18', '2025-05-28 12:43:18'),
(549, 73, 588, 100.00, '2025-05-28 12:43:18', '2025-05-28 12:43:18'),
(550, 73, 589, 100.00, '2025-05-28 12:43:18', '2025-05-28 12:43:18'),
(551, 73, 590, 100.00, '2025-05-28 12:43:18', '2025-05-28 12:48:48'),
(552, 73, 591, 50.00, '2025-05-28 12:43:18', '2025-05-28 12:43:18'),
(553, 73, 592, 80.00, '2025-05-28 12:43:18', '2025-05-28 15:31:10'),
(554, 73, 593, 100.00, '2025-05-28 12:43:18', '2025-05-28 15:31:10'),
(555, 73, 594, 70.00, '2025-05-28 12:43:18', '2025-05-28 12:43:18'),
(556, 74, 623, 100.00, '2025-05-28 13:42:16', '2025-05-28 13:42:16'),
(557, 74, 624, 95.00, '2025-05-28 13:42:16', '2025-05-28 13:42:16'),
(558, 74, 625, 90.00, '2025-05-28 13:42:16', '2025-05-28 13:42:16'),
(559, 74, 626, 100.00, '2025-05-28 13:42:16', '2025-05-28 13:42:16'),
(560, 74, 627, 60.00, '2025-05-28 13:42:16', '2025-05-28 15:40:28'),
(561, 74, 628, 100.00, '2025-05-28 13:42:16', '2025-05-28 13:42:16'),
(562, 74, 629, 100.00, '2025-05-28 13:42:16', '2025-05-28 13:42:16'),
(563, 74, 631, 100.00, '2025-05-28 13:42:16', '2025-05-28 13:42:16'),
(564, 74, 632, 95.00, '2025-05-28 13:42:16', '2025-05-28 13:42:16'),
(565, 74, 633, 90.00, '2025-05-28 13:42:16', '2025-05-28 13:42:16'),
(566, 75, 571, 100.00, '2025-05-28 14:08:44', '2025-05-28 14:08:44'),
(567, 75, 572, 100.00, '2025-05-28 14:08:44', '2025-05-28 14:08:44'),
(568, 75, 573, 100.00, '2025-05-28 14:08:44', '2025-05-28 14:08:44'),
(569, 75, 575, 100.00, '2025-05-28 14:08:44', '2025-05-28 14:08:44'),
(570, 75, 576, 100.00, '2025-05-28 14:08:44', '2025-05-28 14:08:44'),
(571, 75, 577, 100.00, '2025-05-28 14:08:44', '2025-05-28 14:08:44'),
(572, 75, 578, 100.00, '2025-05-28 14:08:44', '2025-05-28 14:08:44'),
(573, 75, 581, 80.00, '2025-05-28 14:08:44', '2025-05-28 14:08:44'),
(574, 75, 582, 90.00, '2025-05-28 14:08:44', '2025-05-28 14:08:44'),
(575, 75, 584, 100.00, '2025-05-28 14:08:44', '2025-05-28 14:08:44'),
(576, 76, 21, 100.00, '2025-05-28 14:34:33', '2025-05-28 14:34:33'),
(577, 76, 22, 90.00, '2025-05-28 14:34:33', '2025-05-28 15:04:25'),
(578, 76, 23, 100.00, '2025-05-28 14:34:33', '2025-05-31 17:13:25'),
(579, 76, 24, 80.00, '2025-05-28 14:34:33', '2025-05-28 14:34:33'),
(580, 76, 25, 80.00, '2025-05-28 14:34:33', '2025-05-29 13:21:52'),
(581, 76, 26, 100.00, '2025-05-28 14:34:33', '2025-05-28 14:34:33'),
(582, 76, 27, 100.00, '2025-05-28 14:34:33', '2025-05-28 14:34:33'),
(583, 76, 28, 100.00, '2025-05-28 14:34:33', '2025-05-28 14:34:33'),
(584, 76, 29, 80.00, '2025-05-28 14:34:33', '2025-05-28 15:04:25'),
(585, 76, 30, 100.00, '2025-05-28 14:34:33', '2025-05-28 14:34:33'),
(586, 76, 31, 100.00, '2025-05-28 14:34:33', '2025-05-31 17:36:10'),
(587, 77, 595, 100.00, '2025-05-28 15:10:38', '2025-05-28 15:10:38'),
(588, 77, 596, 89.00, '2025-05-28 15:10:38', '2025-05-28 15:10:38'),
(589, 77, 597, 80.00, '2025-05-28 15:10:38', '2025-05-28 15:10:38'),
(590, 77, 598, 90.00, '2025-05-28 15:10:38', '2025-05-28 15:10:38'),
(591, 77, 599, 100.00, '2025-05-28 15:10:38', '2025-05-28 15:10:38'),
(592, 77, 600, 90.00, '2025-05-28 15:10:38', '2025-05-28 15:10:38'),
(593, 77, 601, 90.00, '2025-05-28 15:10:38', '2025-05-28 15:10:38'),
(594, 77, 603, 100.00, '2025-05-28 15:10:38', '2025-05-28 15:10:38'),
(595, 77, 604, 100.00, '2025-05-28 15:10:38', '2025-05-28 15:10:38'),
(596, 77, 605, 85.00, '2025-05-28 15:10:38', '2025-05-28 15:10:38'),
(597, 43, 634, 90.00, '2025-05-28 16:37:25', '2025-05-28 16:37:25'),
(598, 78, 551, 95.00, '2025-05-28 21:10:21', '2025-05-28 21:10:21'),
(599, 78, 552, 95.00, '2025-05-28 21:10:21', '2025-05-28 21:10:21'),
(600, 78, 553, 95.00, '2025-05-28 21:10:21', '2025-05-28 21:10:21'),
(601, 78, 554, 100.00, '2025-05-28 21:10:21', '2025-05-28 21:10:21'),
(602, 78, 555, 100.00, '2025-05-28 21:10:21', '2025-05-28 21:10:21'),
(603, 78, 556, 95.00, '2025-05-28 21:10:21', '2025-05-28 21:14:23'),
(604, 78, 557, 95.00, '2025-05-28 21:10:21', '2025-05-28 21:14:23'),
(605, 78, 558, 97.00, '2025-05-28 21:10:21', '2025-05-28 21:10:21'),
(606, 78, 559, 95.00, '2025-05-28 21:10:21', '2025-05-29 10:36:34'),
(607, 78, 560, 95.00, '2025-05-28 21:10:21', '2025-05-29 10:36:34'),
(608, 79, 530, 95.00, '2025-05-28 21:19:57', '2025-05-28 21:19:57'),
(609, 79, 531, 92.00, '2025-05-28 21:19:57', '2025-05-29 10:35:41'),
(610, 79, 532, 95.00, '2025-05-28 21:19:57', '2025-05-29 13:14:37'),
(611, 79, 533, 100.00, '2025-05-28 21:19:57', '2025-05-28 21:19:57'),
(612, 79, 534, 95.00, '2025-05-28 21:19:57', '2025-05-28 21:19:57'),
(613, 79, 535, 93.00, '2025-05-28 21:19:57', '2025-05-29 10:35:02'),
(614, 79, 536, 92.00, '2025-05-28 21:19:57', '2025-05-28 21:19:57'),
(615, 79, 537, 92.00, '2025-05-28 21:19:57', '2025-05-29 10:35:41'),
(616, 79, 538, 100.00, '2025-05-28 21:19:57', '2025-05-28 21:19:57'),
(617, 79, 539, 90.00, '2025-05-28 21:19:57', '2025-05-28 21:19:57'),
(618, 79, 540, 100.00, '2025-05-28 21:19:57', '2025-05-28 21:19:57'),
(619, 80, 480, 94.00, '2025-05-29 10:40:54', '2025-05-29 10:40:54'),
(620, 80, 481, 94.00, '2025-05-29 10:40:54', '2025-05-29 10:40:54'),
(621, 80, 482, 98.00, '2025-05-29 10:40:54', '2025-05-29 10:40:54'),
(622, 80, 483, 93.00, '2025-05-29 10:40:54', '2025-05-29 10:40:54'),
(623, 80, 484, 94.00, '2025-05-29 10:40:54', '2025-05-29 10:40:54'),
(624, 80, 485, 92.00, '2025-05-29 10:40:54', '2025-05-29 10:40:54'),
(625, 80, 486, 97.00, '2025-05-29 10:40:54', '2025-05-29 10:40:54'),
(626, 80, 487, 90.00, '2025-05-29 10:40:54', '2025-05-29 10:40:54'),
(627, 80, 488, 90.00, '2025-05-29 10:40:54', '2025-05-29 10:40:54'),
(628, 80, 489, 93.00, '2025-05-29 10:40:54', '2025-05-29 10:40:54'),
(629, 81, 490, 95.00, '2025-05-29 10:55:02', '2025-05-29 10:55:02'),
(630, 81, 491, 95.00, '2025-05-29 10:55:02', '2025-05-29 10:55:02'),
(631, 81, 492, 95.00, '2025-05-29 10:55:02', '2025-05-29 10:55:02'),
(632, 81, 493, 95.00, '2025-05-29 10:55:02', '2025-05-29 10:55:02'),
(633, 81, 494, 95.00, '2025-05-29 10:55:02', '2025-05-29 10:55:02'),
(634, 81, 495, 95.00, '2025-05-29 10:55:02', '2025-05-29 10:55:02'),
(635, 81, 496, 95.00, '2025-05-29 10:55:02', '2025-05-29 10:55:02'),
(636, 81, 497, 92.00, '2025-05-29 10:55:02', '2025-05-29 10:55:02'),
(637, 81, 498, 92.00, '2025-05-29 10:55:02', '2025-05-29 10:55:02'),
(638, 81, 499, 95.00, '2025-05-29 10:55:02', '2025-05-29 10:55:02'),
(639, 82, 561, 92.00, '2025-05-29 11:00:37', '2025-05-29 11:00:37'),
(640, 82, 562, 92.00, '2025-05-29 11:00:37', '2025-05-29 11:00:37'),
(641, 82, 563, 95.00, '2025-05-29 11:00:37', '2025-05-29 11:00:37'),
(642, 82, 564, 95.00, '2025-05-29 11:00:37', '2025-05-29 11:00:37'),
(643, 82, 565, 100.00, '2025-05-29 11:00:37', '2025-05-29 11:00:37'),
(644, 82, 566, 100.00, '2025-05-29 11:00:37', '2025-05-29 11:00:37'),
(645, 82, 567, 100.00, '2025-05-29 11:00:37', '2025-05-29 11:00:37'),
(646, 82, 568, 92.00, '2025-05-29 11:00:37', '2025-05-29 11:00:37'),
(647, 82, 569, 93.00, '2025-05-29 11:00:37', '2025-05-29 11:00:37'),
(648, 82, 570, 95.00, '2025-05-29 11:00:37', '2025-05-29 11:00:37'),
(649, 83, 500, 95.00, '2025-05-29 11:03:39', '2025-05-29 11:03:39'),
(650, 83, 501, 95.00, '2025-05-29 11:03:39', '2025-05-29 11:03:39'),
(651, 83, 502, 95.00, '2025-05-29 11:03:39', '2025-05-29 11:03:39'),
(652, 83, 503, 95.00, '2025-05-29 11:03:39', '2025-05-29 11:03:39'),
(653, 83, 504, 98.00, '2025-05-29 11:03:39', '2025-05-29 11:03:39'),
(654, 83, 505, 100.00, '2025-05-29 11:03:39', '2025-05-29 11:03:39'),
(655, 83, 506, 95.00, '2025-05-29 11:03:39', '2025-05-29 11:04:28'),
(656, 83, 507, 95.00, '2025-05-29 11:03:39', '2025-05-29 11:03:39'),
(657, 83, 508, 96.00, '2025-05-29 11:03:39', '2025-05-29 11:03:39'),
(658, 83, 509, 95.00, '2025-05-29 11:03:39', '2025-05-29 11:04:28'),
(659, 84, 510, 96.00, '2025-05-29 11:07:06', '2025-05-29 11:07:06'),
(660, 84, 511, 95.00, '2025-05-29 11:07:06', '2025-05-29 11:08:06'),
(661, 84, 512, 98.00, '2025-05-29 11:07:06', '2025-05-29 11:07:06'),
(662, 84, 513, 98.00, '2025-05-29 11:07:06', '2025-05-29 11:08:06'),
(663, 84, 514, 100.00, '2025-05-29 11:07:06', '2025-05-29 11:07:06'),
(664, 84, 515, 100.00, '2025-05-29 11:07:06', '2025-05-29 11:07:06'),
(665, 84, 516, 98.00, '2025-05-29 11:07:06', '2025-05-29 11:07:06'),
(666, 84, 517, 96.00, '2025-05-29 11:07:06', '2025-05-29 11:07:06'),
(667, 84, 518, 95.00, '2025-05-29 11:07:06', '2025-05-29 11:08:41'),
(668, 84, 519, 95.00, '2025-05-29 11:07:06', '2025-05-29 11:08:41'),
(669, 85, 520, 94.00, '2025-05-29 11:09:53', '2025-05-29 11:09:53'),
(670, 85, 521, 95.00, '2025-05-29 11:09:53', '2025-05-29 11:09:53'),
(671, 85, 522, 95.00, '2025-05-29 11:09:53', '2025-05-29 11:09:53'),
(672, 85, 523, 94.00, '2025-05-29 11:09:53', '2025-05-29 11:09:53'),
(673, 85, 524, 94.00, '2025-05-29 11:09:53', '2025-05-29 11:09:53'),
(674, 85, 525, 90.00, '2025-05-29 11:09:53', '2025-05-29 11:09:53'),
(675, 85, 526, 92.00, '2025-05-29 11:09:53', '2025-05-29 11:09:53'),
(676, 85, 527, 94.00, '2025-05-29 11:09:53', '2025-05-29 11:09:53'),
(677, 85, 528, 94.00, '2025-05-29 11:09:53', '2025-05-29 11:09:53'),
(678, 85, 529, 94.00, '2025-05-29 11:09:53', '2025-05-29 11:09:53'),
(679, 86, 541, 95.00, '2025-05-29 11:23:41', '2025-05-29 14:16:45'),
(680, 86, 542, 95.00, '2025-05-29 11:23:41', '2025-05-29 14:16:45'),
(681, 86, 543, 95.00, '2025-05-29 11:23:41', '2025-05-29 14:07:48'),
(682, 86, 544, 90.00, '2025-05-29 11:23:41', '2025-05-29 11:23:41'),
(683, 86, 545, 92.00, '2025-05-29 11:23:41', '2025-05-29 11:54:08'),
(684, 86, 546, 90.00, '2025-05-29 11:23:41', '2025-05-29 11:27:03'),
(685, 86, 547, 92.00, '2025-05-29 11:23:41', '2025-05-29 14:07:08'),
(686, 86, 548, 95.00, '2025-05-29 11:23:41', '2025-05-29 11:54:08'),
(687, 86, 549, 100.00, '2025-05-29 11:23:41', '2025-05-29 11:23:41'),
(688, 86, 550, 95.00, '2025-05-29 11:23:41', '2025-05-29 11:23:41'),
(689, 86, 656, 60.00, '2025-05-29 14:07:08', '2025-05-29 14:16:14'),
(690, 87, 460, 100.00, '2025-05-29 14:10:50', '2025-05-29 14:10:50'),
(691, 87, 461, 95.00, '2025-05-29 14:10:50', '2025-05-29 14:10:50'),
(692, 87, 462, 95.00, '2025-05-29 14:10:50', '2025-05-29 14:10:50'),
(693, 87, 463, 94.00, '2025-05-29 14:10:50', '2025-05-29 14:10:50'),
(694, 87, 464, 94.00, '2025-05-29 14:10:50', '2025-05-29 14:10:50'),
(695, 87, 465, 95.00, '2025-05-29 14:10:50', '2025-05-29 14:10:50'),
(696, 87, 466, 95.00, '2025-05-29 14:10:50', '2025-05-29 14:10:50'),
(697, 87, 467, 100.00, '2025-05-29 14:10:50', '2025-05-29 14:10:50'),
(698, 87, 468, 100.00, '2025-05-29 14:10:50', '2025-05-29 14:10:50'),
(699, 87, 469, 100.00, '2025-05-29 14:10:50', '2025-05-29 14:10:50'),
(700, 87, 655, 50.00, '2025-05-29 14:10:50', '2025-05-29 14:10:50'),
(701, 88, 635, 90.00, '2025-05-29 14:20:03', '2025-05-29 14:20:03'),
(702, 88, 636, 94.00, '2025-05-29 14:20:03', '2025-05-29 14:20:03'),
(703, 88, 637, 94.00, '2025-05-29 14:20:03', '2025-05-29 14:20:03'),
(704, 88, 638, 85.00, '2025-05-29 14:20:03', '2025-05-29 14:20:03'),
(705, 88, 639, 100.00, '2025-05-29 14:20:03', '2025-05-29 14:20:03'),
(706, 88, 640, 89.00, '2025-05-29 14:20:03', '2025-05-29 14:21:01'),
(707, 88, 641, 89.00, '2025-05-29 14:20:03', '2025-05-29 14:21:01'),
(708, 88, 642, 100.00, '2025-05-29 14:20:03', '2025-05-29 14:20:03'),
(709, 88, 643, 100.00, '2025-05-29 14:20:03', '2025-05-29 14:20:03'),
(710, 88, 644, 100.00, '2025-05-29 14:20:03', '2025-05-29 14:20:03'),
(711, 88, 657, 40.00, '2025-05-29 14:20:03', '2025-05-29 14:20:03'),
(712, 89, 658, 95.00, '2025-05-29 14:23:33', '2025-05-29 14:23:33'),
(713, 89, 659, 95.00, '2025-05-29 14:23:33', '2025-05-29 14:23:33'),
(714, 89, 660, 95.00, '2025-05-29 14:23:33', '2025-05-29 14:23:33'),
(715, 89, 661, 94.00, '2025-05-29 14:23:33', '2025-05-29 14:23:33'),
(716, 89, 662, 100.00, '2025-05-29 14:23:33', '2025-05-29 14:23:33'),
(717, 89, 663, 100.00, '2025-05-29 14:23:33', '2025-05-29 14:23:33'),
(718, 89, 664, 97.00, '2025-05-29 14:23:33', '2025-05-29 14:23:33'),
(719, 89, 665, 95.00, '2025-05-29 14:23:33', '2025-05-29 14:23:33'),
(720, 89, 666, 96.00, '2025-05-29 14:23:33', '2025-05-29 14:23:33'),
(721, 89, 667, 96.00, '2025-05-29 14:23:33', '2025-05-29 14:23:33'),
(722, 90, 645, 95.00, '2025-05-29 14:25:24', '2025-05-29 14:27:42'),
(723, 90, 646, 95.00, '2025-05-29 14:25:24', '2025-05-29 14:28:17'),
(724, 90, 647, 90.00, '2025-05-29 14:25:24', '2025-05-29 14:25:24'),
(725, 90, 648, 90.00, '2025-05-29 14:25:24', '2025-05-29 14:26:37'),
(726, 90, 649, 90.00, '2025-05-29 14:25:24', '2025-05-29 14:26:57'),
(727, 90, 650, 90.00, '2025-05-29 14:25:24', '2025-05-29 14:25:50'),
(728, 90, 651, 90.00, '2025-05-29 14:25:24', '2025-05-29 14:26:37'),
(729, 90, 652, 90.00, '2025-05-29 14:25:24', '2025-05-29 14:26:37'),
(730, 90, 653, 92.00, '2025-05-29 14:25:24', '2025-05-29 14:27:27'),
(731, 90, 654, 80.00, '2025-05-29 14:25:24', '2025-05-29 14:25:24'),
(732, 91, 668, 93.00, '2025-05-31 17:29:23', '2025-05-31 17:42:56'),
(733, 91, 669, 95.00, '2025-05-31 17:29:23', '2025-05-31 17:29:23'),
(734, 91, 670, 92.00, '2025-05-31 17:29:23', '2025-05-31 17:48:56'),
(735, 91, 671, 90.00, '2025-05-31 17:29:23', '2025-05-31 17:41:54'),
(737, 91, 673, 93.00, '2025-05-31 17:29:23', '2025-05-31 17:48:56'),
(738, 91, 674, 95.00, '2025-05-31 17:29:23', '2025-05-31 17:29:23'),
(739, 91, 675, 95.00, '2025-05-31 17:29:23', '2025-05-31 17:29:23'),
(740, 91, 676, 95.00, '2025-05-31 17:29:23', '2025-05-31 17:29:23'),
(741, 91, 677, 90.00, '2025-05-31 17:29:23', '2025-05-31 17:30:21'),
(742, 91, 678, 93.00, '2025-05-31 17:29:23', '2025-05-31 17:43:39'),
(743, 91, 679, 95.00, '2025-05-31 17:29:23', '2025-05-31 17:30:49'),
(745, 91, 681, 93.00, '2025-05-31 17:29:23', '2025-05-31 17:41:16'),
(746, 92, 434, 95.00, '2025-06-19 14:28:22', '2025-06-19 14:28:22'),
(747, 92, 435, 100.00, '2025-06-19 14:28:22', '2025-06-19 14:28:22'),
(748, 92, 436, 100.00, '2025-06-19 14:28:22', '2025-06-19 17:37:56'),
(749, 92, 437, 100.00, '2025-06-19 14:28:22', '2025-06-19 17:37:56'),
(750, 92, 438, 100.00, '2025-06-19 14:28:22', '2025-06-19 14:28:22'),
(751, 92, 439, 100.00, '2025-06-19 14:28:22', '2025-06-19 17:37:56'),
(752, 92, 440, 90.00, '2025-06-19 14:28:22', '2025-06-19 17:01:01'),
(753, 92, 443, 100.00, '2025-06-19 14:28:22', '2025-06-19 14:28:22'),
(754, 93, 70, 100.00, '2025-06-19 14:29:08', '2025-06-19 14:29:08'),
(755, 93, 71, 95.00, '2025-06-19 14:29:08', '2025-06-19 16:59:41'),
(756, 93, 72, 100.00, '2025-06-19 14:29:08', '2025-06-19 14:29:08'),
(757, 93, 73, 100.00, '2025-06-19 14:29:08', '2025-06-19 17:38:18'),
(758, 93, 74, 100.00, '2025-06-19 14:29:08', '2025-06-19 14:29:08'),
(759, 93, 432, 95.00, '2025-06-19 14:29:08', '2025-06-19 17:38:18'),
(760, 93, 433, 100.00, '2025-06-19 14:29:08', '2025-06-19 17:38:18'),
(761, 93, 442, 95.00, '2025-06-19 14:29:08', '2025-06-19 14:29:08'),
(762, 94, 425, 90.00, '2025-06-19 14:30:09', '2025-06-19 14:30:09'),
(763, 94, 426, 100.00, '2025-06-19 14:30:09', '2025-06-19 17:38:39'),
(764, 94, 427, 100.00, '2025-06-19 14:30:09', '2025-06-19 17:38:39'),
(765, 94, 428, 100.00, '2025-06-19 14:30:09', '2025-06-19 17:38:58'),
(766, 94, 429, 95.00, '2025-06-19 14:30:09', '2025-06-19 14:30:09'),
(767, 94, 430, 100.00, '2025-06-19 14:30:09', '2025-06-19 14:30:09'),
(768, 94, 431, 95.00, '2025-06-19 14:30:09', '2025-06-19 14:30:09'),
(769, 94, 441, 100.00, '2025-06-19 14:30:09', '2025-06-19 14:30:09'),
(770, 95, 606, 100.00, '2025-06-23 18:43:07', '2025-06-23 18:43:07'),
(771, 95, 607, 80.00, '2025-06-23 18:43:07', '2025-06-23 18:43:07'),
(772, 95, 608, 90.00, '2025-06-23 18:43:07', '2025-06-23 18:43:07'),
(773, 95, 616, 90.00, '2025-06-23 18:43:07', '2025-06-23 18:43:07'),
(774, 95, 617, 100.00, '2025-06-23 18:43:07', '2025-06-23 18:43:44'),
(775, 95, 618, 80.00, '2025-06-23 18:43:07', '2025-06-23 18:43:07'),
(776, 95, 619, 50.00, '2025-06-23 18:43:07', '2025-06-23 18:43:07'),
(777, 95, 620, 100.00, '2025-06-23 18:43:07', '2025-06-23 18:43:07'),
(778, 95, 621, 50.00, '2025-06-23 18:43:07', '2025-06-23 18:43:07'),
(779, 95, 622, 50.00, '2025-06-23 18:43:07', '2025-06-23 18:43:07'),
(780, 96, 595, 100.00, '2025-06-23 18:44:39', '2025-06-23 18:44:39'),
(781, 96, 596, 100.00, '2025-06-23 18:44:39', '2025-06-23 18:44:39'),
(782, 96, 597, 90.00, '2025-06-23 18:44:39', '2025-06-23 18:44:39'),
(783, 96, 598, 100.00, '2025-06-23 18:44:39', '2025-06-23 18:44:39'),
(784, 96, 599, 100.00, '2025-06-23 18:44:39', '2025-06-23 18:44:39'),
(785, 96, 600, 85.00, '2025-06-23 18:44:39', '2025-06-23 18:50:53'),
(786, 96, 601, 85.00, '2025-06-23 18:44:39', '2025-06-23 18:50:53'),
(787, 96, 603, 90.00, '2025-06-23 18:44:39', '2025-06-23 18:50:53'),
(788, 96, 604, 85.00, '2025-06-23 18:44:39', '2025-06-23 18:44:39'),
(789, 96, 605, 90.00, '2025-06-23 18:44:39', '2025-06-23 18:44:39'),
(790, 97, 585, 100.00, '2025-06-23 18:51:43', '2025-06-23 18:51:43'),
(791, 97, 586, 100.00, '2025-06-23 18:51:43', '2025-06-23 18:51:43'),
(792, 97, 587, 100.00, '2025-06-23 18:51:43', '2025-06-23 18:51:43'),
(793, 97, 588, 100.00, '2025-06-23 18:51:43', '2025-06-23 18:51:43'),
(794, 97, 589, 100.00, '2025-06-23 18:51:43', '2025-06-23 18:51:43'),
(795, 97, 590, 90.00, '2025-06-23 18:51:43', '2025-06-23 18:51:43'),
(796, 97, 591, 50.00, '2025-06-23 18:51:43', '2025-06-23 18:51:43'),
(797, 97, 592, 90.00, '2025-06-23 18:51:43', '2025-06-23 18:51:43'),
(798, 97, 593, 100.00, '2025-06-23 18:51:43', '2025-06-23 18:51:43'),
(799, 97, 594, 80.00, '2025-06-23 18:51:43', '2025-06-23 18:51:43'),
(800, 98, 571, 100.00, '2025-06-23 18:57:52', '2025-06-23 18:57:52'),
(801, 98, 572, 100.00, '2025-06-23 18:57:52', '2025-06-23 18:57:52'),
(802, 98, 573, 100.00, '2025-06-23 18:57:52', '2025-06-23 18:57:52'),
(803, 98, 575, 100.00, '2025-06-23 18:57:52', '2025-06-23 18:57:52'),
(804, 98, 576, 100.00, '2025-06-23 18:57:52', '2025-06-23 18:57:52'),
(805, 98, 577, 100.00, '2025-06-23 18:57:52', '2025-06-23 18:57:52'),
(806, 98, 578, 100.00, '2025-06-23 18:57:52', '2025-06-23 18:57:52'),
(807, 98, 581, 80.00, '2025-06-23 18:57:52', '2025-06-23 18:57:52'),
(808, 98, 582, 90.00, '2025-06-23 18:57:52', '2025-06-23 18:57:52'),
(809, 98, 584, 100.00, '2025-06-23 18:57:52', '2025-06-23 18:57:52'),
(810, 99, 21, 100.00, '2025-06-26 14:40:12', '2025-06-26 14:40:12'),
(811, 99, 22, 90.00, '2025-06-26 14:40:12', '2025-06-26 14:40:12'),
(812, 99, 23, 100.00, '2025-06-26 14:40:12', '2025-06-26 14:40:12'),
(813, 99, 24, 90.00, '2025-06-26 14:40:12', '2025-06-26 14:40:12'),
(814, 99, 25, 90.00, '2025-06-26 14:40:12', '2025-06-26 14:40:12'),
(815, 99, 26, 90.00, '2025-06-26 14:40:12', '2025-06-26 14:40:12'),
(816, 99, 27, 100.00, '2025-06-26 14:40:12', '2025-06-26 14:40:12'),
(817, 99, 28, 100.00, '2025-06-26 14:40:12', '2025-06-26 14:40:12'),
(818, 99, 29, 90.00, '2025-06-26 14:40:12', '2025-06-26 14:41:09'),
(819, 99, 30, 100.00, '2025-06-26 14:40:12', '2025-06-26 14:40:12'),
(820, 99, 31, 100.00, '2025-06-26 14:40:12', '2025-06-26 14:40:12'),
(821, 100, 32, 100.00, '2025-06-26 14:44:09', '2025-06-26 14:44:09'),
(822, 100, 33, 90.00, '2025-06-26 14:44:09', '2025-06-26 14:44:09'),
(823, 100, 34, 80.00, '2025-06-26 14:44:09', '2025-06-26 14:45:45'),
(824, 100, 35, 90.00, '2025-06-26 14:44:09', '2025-06-26 14:44:09'),
(825, 100, 36, 100.00, '2025-06-26 14:44:09', '2025-06-26 14:44:09'),
(826, 100, 37, 100.00, '2025-06-26 14:44:09', '2025-06-26 14:44:09'),
(827, 100, 38, 90.00, '2025-06-26 14:44:09', '2025-06-26 14:44:09'),
(828, 100, 39, 100.00, '2025-06-26 14:44:09', '2025-06-26 14:44:09'),
(829, 100, 40, 100.00, '2025-06-26 14:44:09', '2025-06-26 14:44:09'),
(830, 100, 41, 90.00, '2025-06-26 14:44:09', '2025-06-26 14:44:09'),
(831, 100, 42, 100.00, '2025-06-26 14:44:09', '2025-06-26 14:44:09'),
(832, 101, 444, 100.00, '2025-06-26 14:48:21', '2025-06-26 14:48:21'),
(833, 101, 445, 90.00, '2025-06-26 14:48:21', '2025-06-26 14:48:21'),
(834, 101, 446, 80.00, '2025-06-26 14:48:21', '2025-06-26 14:48:21'),
(835, 101, 447, 90.00, '2025-06-26 14:48:21', '2025-06-26 14:48:21'),
(836, 101, 448, 80.00, '2025-06-26 14:48:21', '2025-06-26 14:48:21'),
(837, 101, 449, 80.00, '2025-06-26 14:48:21', '2025-06-26 14:48:21'),
(838, 101, 450, 80.00, '2025-06-26 14:48:21', '2025-06-26 14:48:21'),
(839, 101, 451, 70.00, '2025-06-26 14:48:21', '2025-06-26 14:48:21'),
(840, 101, 452, 100.00, '2025-06-26 14:48:21', '2025-06-26 14:48:21'),
(841, 101, 453, 80.00, '2025-06-26 14:48:21', '2025-06-26 14:48:21'),
(842, 101, 454, 90.00, '2025-06-26 14:48:21', '2025-06-26 14:48:21'),
(843, 101, 455, 80.00, '2025-06-26 14:48:21', '2025-06-26 14:49:36'),
(844, 101, 456, 80.00, '2025-06-26 14:48:21', '2025-06-26 14:48:21'),
(845, 101, 457, 100.00, '2025-06-26 14:48:21', '2025-06-26 14:48:21'),
(846, 101, 458, 80.00, '2025-06-26 14:48:21', '2025-06-26 14:48:21'),
(847, 101, 459, 90.00, '2025-06-26 14:48:21', '2025-06-26 14:48:21'),
(848, 102, 54, 70.00, '2025-06-26 15:01:12', '2025-06-26 15:01:12'),
(849, 102, 55, 100.00, '2025-06-26 15:01:12', '2025-06-26 15:01:12'),
(850, 102, 56, 80.00, '2025-06-26 15:01:12', '2025-06-26 15:01:12'),
(851, 102, 57, 100.00, '2025-06-26 15:01:12', '2025-06-26 15:01:12'),
(852, 102, 58, 90.00, '2025-06-26 15:01:12', '2025-06-26 15:01:12'),
(853, 102, 59, 70.00, '2025-06-26 15:01:12', '2025-06-26 15:01:12'),
(854, 102, 60, 90.00, '2025-06-26 15:01:12', '2025-06-26 15:01:12'),
(855, 102, 61, 60.00, '2025-06-26 15:01:12', '2025-06-26 15:01:12'),
(856, 102, 62, 70.00, '2025-06-26 15:01:12', '2025-06-26 15:01:12'),
(857, 102, 63, 100.00, '2025-06-26 15:01:12', '2025-06-26 15:01:12'),
(858, 102, 64, 80.00, '2025-06-26 15:01:12', '2025-06-26 15:01:12'),
(859, 103, 43, 100.00, '2025-06-26 15:42:44', '2025-06-26 15:42:44');
INSERT INTO `employee_evaluation_details` (`id`, `employee_evaluation_id`, `standard_id`, `score`, `created_at`, `updated_at`) VALUES
(860, 103, 44, 90.00, '2025-06-26 15:42:44', '2025-06-26 15:42:44'),
(861, 103, 45, 100.00, '2025-06-26 15:42:44', '2025-06-26 15:42:44'),
(862, 103, 46, 80.00, '2025-06-26 15:42:44', '2025-06-26 15:45:38'),
(863, 103, 47, 70.00, '2025-06-26 15:42:44', '2025-06-26 15:45:38'),
(864, 103, 48, 80.00, '2025-06-26 15:42:44', '2025-06-26 15:45:38'),
(865, 103, 49, 100.00, '2025-06-26 15:42:44', '2025-06-26 15:42:44'),
(866, 103, 50, 100.00, '2025-06-26 15:42:44', '2025-06-26 15:42:44'),
(867, 103, 51, 90.00, '2025-06-26 15:42:44', '2025-06-26 15:42:44'),
(868, 103, 52, 80.00, '2025-06-26 15:42:44', '2025-06-26 15:45:38'),
(869, 103, 53, 100.00, '2025-06-26 15:42:44', '2025-06-26 15:42:44'),
(870, 104, 415, 100.00, '2025-06-28 20:41:34', '2025-06-28 20:41:34'),
(871, 104, 416, 90.00, '2025-06-28 20:41:34', '2025-06-28 20:41:34'),
(872, 104, 417, 95.00, '2025-06-28 20:41:34', '2025-06-28 20:42:29'),
(873, 104, 418, 90.00, '2025-06-28 20:41:34', '2025-06-28 20:41:34'),
(874, 104, 419, 95.00, '2025-06-28 20:41:34', '2025-06-28 20:42:29'),
(875, 104, 420, 90.00, '2025-06-28 20:41:34', '2025-06-28 20:41:34'),
(876, 104, 421, 95.00, '2025-06-28 20:41:34', '2025-06-28 20:42:29'),
(877, 104, 422, 85.00, '2025-06-28 20:41:34', '2025-06-28 20:42:29'),
(878, 104, 423, 90.00, '2025-06-28 20:41:34', '2025-06-28 20:42:29'),
(879, 104, 424, 90.00, '2025-06-28 20:41:34', '2025-06-28 20:41:34'),
(880, 105, 375, 90.00, '2025-06-28 20:44:35', '2025-06-28 20:49:23'),
(881, 105, 376, 85.00, '2025-06-28 20:44:35', '2025-06-28 20:49:23'),
(882, 105, 377, 90.00, '2025-06-28 20:44:35', '2025-06-28 20:44:35'),
(883, 105, 378, 85.00, '2025-06-28 20:44:35', '2025-06-28 20:49:23'),
(884, 105, 379, 85.00, '2025-06-28 20:44:35', '2025-06-28 20:44:35'),
(885, 105, 380, 90.00, '2025-06-28 20:44:35', '2025-06-28 20:44:35'),
(886, 105, 381, 90.00, '2025-06-28 20:44:35', '2025-06-28 20:49:23'),
(887, 105, 382, 80.00, '2025-06-28 20:44:35', '2025-06-28 20:49:23'),
(888, 105, 383, 95.00, '2025-06-28 20:44:35', '2025-06-28 20:44:35'),
(889, 105, 384, 95.00, '2025-06-28 20:44:35', '2025-06-28 20:49:23'),
(890, 106, 385, 95.00, '2025-06-28 20:46:01', '2025-06-28 20:46:01'),
(891, 106, 386, 80.00, '2025-06-28 20:46:01', '2025-06-28 20:46:15'),
(892, 106, 387, 95.00, '2025-06-28 20:46:01', '2025-06-28 20:46:01'),
(893, 106, 388, 100.00, '2025-06-28 20:46:01', '2025-06-28 20:46:01'),
(894, 106, 389, 90.00, '2025-06-28 20:46:01', '2025-06-28 20:46:01'),
(895, 106, 390, 90.00, '2025-06-28 20:46:01', '2025-06-28 20:46:01'),
(896, 106, 391, 90.00, '2025-06-28 20:46:01', '2025-06-28 20:46:01'),
(897, 106, 392, 95.00, '2025-06-28 20:46:01', '2025-06-28 20:46:01'),
(898, 106, 393, 90.00, '2025-06-28 20:46:01', '2025-06-28 20:46:01'),
(899, 106, 394, 95.00, '2025-06-28 20:46:01', '2025-06-28 20:46:01'),
(900, 107, 395, 60.00, '2025-06-28 20:46:53', '2025-06-28 20:46:53'),
(901, 107, 396, 80.00, '2025-06-28 20:46:53', '2025-06-28 20:46:53'),
(902, 107, 397, 90.00, '2025-06-28 20:46:53', '2025-06-28 20:46:53'),
(903, 107, 398, 80.00, '2025-06-28 20:46:53', '2025-06-28 20:46:53'),
(904, 107, 399, 80.00, '2025-06-28 20:46:53', '2025-06-28 20:46:53'),
(905, 107, 400, 90.00, '2025-06-28 20:46:53', '2025-06-28 20:46:53'),
(906, 107, 401, 80.00, '2025-06-28 20:46:53', '2025-06-28 20:46:53'),
(907, 107, 402, 90.00, '2025-06-28 20:46:53', '2025-06-28 20:46:53'),
(908, 107, 403, 80.00, '2025-06-28 20:46:53', '2025-06-28 20:46:53'),
(909, 107, 404, 90.00, '2025-06-28 20:46:53', '2025-06-28 20:46:53'),
(910, 108, 405, 90.00, '2025-06-28 20:48:04', '2025-06-28 20:48:04'),
(911, 108, 406, 85.00, '2025-06-28 20:48:04', '2025-06-28 20:48:04'),
(912, 108, 407, 90.00, '2025-06-28 20:48:04', '2025-06-28 20:48:04'),
(913, 108, 408, 90.00, '2025-06-28 20:48:04', '2025-06-28 20:48:04'),
(914, 108, 409, 80.00, '2025-06-28 20:48:04', '2025-06-28 20:48:04'),
(915, 108, 410, 90.00, '2025-06-28 20:48:04', '2025-06-28 20:48:04'),
(916, 108, 411, 80.00, '2025-06-28 20:48:04', '2025-06-28 20:48:04'),
(917, 108, 412, 95.00, '2025-06-28 20:48:04', '2025-06-28 20:48:04'),
(918, 108, 413, 90.00, '2025-06-28 20:48:04', '2025-06-28 20:48:04'),
(919, 108, 414, 95.00, '2025-06-28 20:48:04', '2025-06-28 20:48:04'),
(920, 109, 364, 95.00, '2025-06-28 20:52:06', '2025-06-28 20:52:06'),
(921, 109, 365, 90.00, '2025-06-28 20:52:06', '2025-06-28 20:52:06'),
(922, 109, 366, 95.00, '2025-06-28 20:52:06', '2025-06-28 20:52:06'),
(923, 109, 367, 95.00, '2025-06-28 20:52:06', '2025-06-28 20:52:06'),
(924, 109, 368, 90.00, '2025-06-28 20:52:06', '2025-06-28 20:52:06'),
(925, 109, 369, 95.00, '2025-06-28 20:52:06', '2025-06-28 20:52:06'),
(926, 109, 370, 85.00, '2025-06-28 20:52:06', '2025-06-28 20:52:06'),
(927, 109, 371, 95.00, '2025-06-28 20:52:06', '2025-06-28 20:52:06'),
(928, 109, 372, 93.00, '2025-06-28 20:52:06', '2025-06-28 20:52:06'),
(929, 109, 373, 90.00, '2025-06-28 20:52:06', '2025-06-28 20:52:06'),
(930, 109, 634, 93.00, '2025-06-28 20:52:06', '2025-06-28 20:52:06'),
(931, 110, 280, 90.00, '2025-06-29 12:15:48', '2025-06-29 12:15:48'),
(932, 110, 281, 90.00, '2025-06-29 12:15:48', '2025-06-29 12:15:48'),
(933, 110, 282, 95.00, '2025-06-29 12:15:48', '2025-06-29 12:15:48'),
(934, 110, 283, 95.00, '2025-06-29 12:15:48', '2025-06-29 12:15:48'),
(935, 110, 284, 95.00, '2025-06-29 12:15:48', '2025-06-29 12:15:48'),
(936, 110, 285, 95.00, '2025-06-29 12:15:48', '2025-06-29 12:15:48'),
(937, 110, 286, 90.00, '2025-06-29 12:15:48', '2025-06-29 12:15:48'),
(938, 110, 287, 90.00, '2025-06-29 12:15:48', '2025-06-29 12:15:48'),
(939, 110, 288, 90.00, '2025-06-29 12:15:48', '2025-06-29 12:15:48'),
(940, 110, 289, 90.00, '2025-06-29 12:15:48', '2025-06-29 12:15:48'),
(941, 110, 290, 90.00, '2025-06-29 12:15:48', '2025-06-29 12:15:48'),
(942, 110, 291, 90.00, '2025-06-29 12:15:48', '2025-06-29 12:15:48'),
(943, 111, 328, 90.00, '2025-06-29 12:17:25', '2025-06-29 12:17:25'),
(944, 111, 329, 95.00, '2025-06-29 12:17:25', '2025-06-29 12:17:25'),
(945, 111, 330, 95.00, '2025-06-29 12:17:25', '2025-06-29 12:17:25'),
(946, 111, 331, 100.00, '2025-06-29 12:17:25', '2025-06-29 12:17:25'),
(947, 111, 332, 90.00, '2025-06-29 12:17:25', '2025-06-29 12:17:25'),
(948, 111, 333, 90.00, '2025-06-29 12:17:25', '2025-06-29 12:17:25'),
(949, 111, 334, 90.00, '2025-06-29 12:17:25', '2025-06-29 12:17:57'),
(950, 111, 335, 95.00, '2025-06-29 12:17:25', '2025-06-29 12:17:25'),
(951, 111, 336, 90.00, '2025-06-29 12:17:25', '2025-06-29 12:17:57'),
(952, 111, 337, 95.00, '2025-06-29 12:17:25', '2025-06-29 12:17:25'),
(953, 111, 338, 90.00, '2025-06-29 12:17:25', '2025-06-29 12:17:57'),
(954, 111, 339, 95.00, '2025-06-29 12:17:25', '2025-06-29 12:17:25'),
(955, 112, 316, 80.00, '2025-06-29 12:19:22', '2025-06-29 12:19:22'),
(956, 112, 317, 85.00, '2025-06-29 12:19:22', '2025-06-29 12:19:22'),
(957, 112, 318, 95.00, '2025-06-29 12:19:22', '2025-06-29 12:19:22'),
(958, 112, 319, 90.00, '2025-06-29 12:19:22', '2025-06-29 12:19:22'),
(959, 112, 320, 90.00, '2025-06-29 12:19:22', '2025-06-29 12:19:22'),
(960, 112, 321, 90.00, '2025-06-29 12:19:22', '2025-06-29 12:19:22'),
(961, 112, 322, 85.00, '2025-06-29 12:19:22', '2025-06-29 12:19:22'),
(962, 112, 323, 85.00, '2025-06-29 12:19:22', '2025-06-29 12:19:22'),
(963, 112, 324, 90.00, '2025-06-29 12:19:22', '2025-06-29 12:19:22'),
(964, 112, 325, 90.00, '2025-06-29 12:19:22', '2025-06-29 12:19:22'),
(965, 112, 326, 85.00, '2025-06-29 12:19:22', '2025-06-29 12:19:22'),
(966, 112, 327, 95.00, '2025-06-29 12:19:22', '2025-06-29 12:19:22'),
(967, 113, 292, 80.00, '2025-06-29 12:24:28', '2025-06-29 12:24:28'),
(968, 113, 293, 80.00, '2025-06-29 12:24:28', '2025-06-29 12:24:28'),
(969, 113, 294, 50.00, '2025-06-29 12:24:28', '2025-06-29 12:25:11'),
(970, 113, 295, 80.00, '2025-06-29 12:24:28', '2025-06-29 12:24:28'),
(971, 113, 296, 85.00, '2025-06-29 12:24:28', '2025-06-29 12:24:28'),
(972, 113, 297, 85.00, '2025-06-29 12:24:28', '2025-06-29 12:24:28'),
(973, 113, 298, 75.00, '2025-06-29 12:24:28', '2025-06-29 12:24:28'),
(974, 113, 299, 70.00, '2025-06-29 12:24:28', '2025-06-29 12:24:28'),
(975, 113, 300, 80.00, '2025-06-29 12:24:28', '2025-06-29 12:24:28'),
(976, 113, 301, 75.00, '2025-06-29 12:24:28', '2025-06-29 12:24:28'),
(977, 113, 302, 80.00, '2025-06-29 12:24:28', '2025-06-29 12:24:28'),
(978, 113, 303, 85.00, '2025-06-29 12:24:28', '2025-06-29 12:24:28'),
(979, 114, 623, 100.00, '2025-06-29 12:33:55', '2025-06-29 12:33:55'),
(980, 114, 624, 90.00, '2025-06-29 12:33:55', '2025-06-29 12:33:55'),
(981, 114, 625, 85.00, '2025-06-29 12:33:55', '2025-06-29 12:57:20'),
(982, 114, 626, 100.00, '2025-06-29 12:33:55', '2025-06-29 12:33:55'),
(983, 114, 627, 75.00, '2025-06-29 12:33:55', '2025-06-29 12:57:20'),
(984, 114, 628, 90.00, '2025-06-29 12:33:55', '2025-06-29 12:57:53'),
(985, 114, 629, 100.00, '2025-06-29 12:33:55', '2025-06-29 12:33:55'),
(986, 114, 631, 90.00, '2025-06-29 12:33:55', '2025-06-29 12:57:53'),
(987, 114, 632, 100.00, '2025-06-29 12:33:55', '2025-06-29 12:33:55'),
(988, 114, 633, 100.00, '2025-06-29 12:33:55', '2025-06-29 12:33:55'),
(989, 115, 126, 80.00, '2025-06-29 12:44:01', '2025-06-29 12:44:01'),
(990, 115, 127, 75.00, '2025-06-29 12:44:01', '2025-06-29 12:44:01'),
(991, 115, 128, 10.00, '2025-06-29 12:44:01', '2025-06-29 12:44:01'),
(992, 115, 129, 85.00, '2025-06-29 12:44:01', '2025-06-29 12:44:01'),
(993, 115, 130, 80.00, '2025-06-29 12:44:01', '2025-06-29 12:44:01'),
(994, 115, 131, 80.00, '2025-06-29 12:44:01', '2025-06-29 12:44:01'),
(995, 115, 132, 80.00, '2025-06-29 12:44:02', '2025-06-29 12:44:02'),
(996, 115, 133, 70.00, '2025-06-29 12:44:02', '2025-06-29 12:44:02'),
(997, 115, 144, 75.00, '2025-06-29 12:44:02', '2025-06-29 12:44:02'),
(998, 115, 145, 70.00, '2025-06-29 12:44:02', '2025-06-29 12:44:02'),
(999, 115, 146, 80.00, '2025-06-29 12:44:02', '2025-06-29 12:44:02'),
(1000, 115, 147, 50.00, '2025-06-29 12:44:02', '2025-06-29 12:44:02'),
(1001, 116, 196, 80.00, '2025-06-29 13:26:49', '2025-06-29 13:27:14'),
(1002, 116, 197, 85.00, '2025-06-29 13:26:49', '2025-06-29 13:26:49'),
(1003, 116, 198, 90.00, '2025-06-29 13:26:49', '2025-06-29 13:26:49'),
(1004, 116, 199, 85.00, '2025-06-29 13:26:49', '2025-06-29 13:26:49'),
(1005, 116, 200, 85.00, '2025-06-29 13:26:49', '2025-06-29 13:26:49'),
(1006, 116, 201, 85.00, '2025-06-29 13:26:49', '2025-06-29 13:26:49'),
(1007, 116, 202, 85.00, '2025-06-29 13:26:49', '2025-06-29 13:26:49'),
(1008, 116, 203, 85.00, '2025-06-29 13:26:49', '2025-06-29 13:27:14'),
(1009, 116, 204, 85.00, '2025-06-29 13:26:49', '2025-06-29 13:26:49'),
(1010, 116, 205, 80.00, '2025-06-29 13:26:49', '2025-06-29 13:26:49'),
(1011, 116, 206, 80.00, '2025-06-29 13:26:49', '2025-06-29 13:26:49'),
(1012, 116, 207, 90.00, '2025-06-29 13:26:49', '2025-06-29 13:26:49'),
(1013, 117, 352, 90.00, '2025-06-29 13:30:20', '2025-06-29 13:32:56'),
(1014, 117, 353, 90.00, '2025-06-29 13:30:20', '2025-06-29 13:33:32'),
(1015, 117, 354, 95.00, '2025-06-29 13:30:20', '2025-06-29 13:33:32'),
(1016, 117, 355, 90.00, '2025-06-29 13:30:20', '2025-06-29 13:31:13'),
(1017, 117, 356, 90.00, '2025-06-29 13:30:20', '2025-06-29 13:32:42'),
(1018, 117, 357, 90.00, '2025-06-29 13:30:20', '2025-06-29 13:30:20'),
(1019, 117, 358, 95.00, '2025-06-29 13:30:20', '2025-06-29 13:32:42'),
(1020, 117, 359, 85.00, '2025-06-29 13:30:20', '2025-06-29 13:30:20'),
(1021, 117, 360, 85.00, '2025-06-29 13:30:20', '2025-06-29 13:30:20'),
(1022, 117, 361, 90.00, '2025-06-29 13:30:20', '2025-06-29 13:30:20'),
(1023, 117, 362, 80.00, '2025-06-29 13:30:20', '2025-06-29 13:30:20'),
(1024, 117, 363, 90.00, '2025-06-29 13:30:20', '2025-06-29 13:30:20'),
(1025, 118, 268, 80.00, '2025-06-29 13:36:11', '2025-06-29 13:36:11'),
(1026, 118, 269, 85.00, '2025-06-29 13:36:11', '2025-06-29 13:36:11'),
(1027, 118, 270, 85.00, '2025-06-29 13:36:11', '2025-06-29 13:36:11'),
(1028, 118, 271, 90.00, '2025-06-29 13:36:11', '2025-06-29 13:36:11'),
(1029, 118, 272, 85.00, '2025-06-29 13:36:11', '2025-06-29 13:36:11'),
(1030, 118, 273, 85.00, '2025-06-29 13:36:11', '2025-06-29 13:36:11'),
(1031, 118, 274, 87.00, '2025-06-29 13:36:11', '2025-06-29 13:36:11'),
(1032, 118, 275, 80.00, '2025-06-29 13:36:11', '2025-06-29 13:36:11'),
(1033, 118, 276, 80.00, '2025-06-29 13:36:11', '2025-06-29 13:36:11'),
(1034, 118, 277, 85.00, '2025-06-29 13:36:11', '2025-06-29 13:36:11'),
(1035, 118, 278, 90.00, '2025-06-29 13:36:11', '2025-06-29 13:36:11'),
(1036, 118, 279, 90.00, '2025-06-29 13:36:11', '2025-06-29 13:36:11'),
(1037, 119, 208, 70.00, '2025-06-29 14:01:26', '2025-06-29 14:01:26'),
(1038, 119, 209, 90.00, '2025-06-29 14:01:26', '2025-06-29 14:01:26'),
(1039, 119, 210, 85.00, '2025-06-29 14:01:26', '2025-06-29 14:01:26'),
(1040, 119, 211, 85.00, '2025-06-29 14:01:26', '2025-06-29 14:01:26'),
(1041, 119, 212, 85.00, '2025-06-29 14:01:26', '2025-06-29 14:01:26'),
(1042, 119, 213, 80.00, '2025-06-29 14:01:26', '2025-06-29 14:01:26'),
(1043, 119, 214, 75.00, '2025-06-29 14:01:26', '2025-06-29 14:01:26'),
(1044, 119, 215, 80.00, '2025-06-29 14:01:26', '2025-06-29 14:01:26'),
(1045, 119, 216, 80.00, '2025-06-29 14:01:26', '2025-06-29 14:01:26'),
(1046, 119, 217, 75.00, '2025-06-29 14:01:26', '2025-06-29 14:01:26'),
(1047, 119, 218, 70.00, '2025-06-29 14:01:26', '2025-06-29 14:01:26'),
(1048, 119, 219, 90.00, '2025-06-29 14:01:26', '2025-06-29 14:01:26'),
(1049, 120, 172, 75.00, '2025-06-29 14:39:35', '2025-06-29 14:45:12'),
(1050, 120, 173, 90.00, '2025-06-29 14:39:35', '2025-06-29 14:40:15'),
(1051, 120, 174, 90.00, '2025-06-29 14:39:35', '2025-06-29 14:39:35'),
(1052, 120, 175, 95.00, '2025-06-29 14:39:35', '2025-06-29 14:45:12'),
(1053, 120, 176, 93.00, '2025-06-29 14:39:35', '2025-06-29 14:41:36'),
(1054, 120, 177, 93.00, '2025-06-29 14:39:35', '2025-06-29 14:45:12'),
(1055, 120, 178, 95.00, '2025-06-29 14:39:35', '2025-06-29 14:45:12'),
(1056, 120, 179, 90.00, '2025-06-29 14:39:35', '2025-06-29 14:39:35'),
(1057, 120, 180, 90.00, '2025-06-29 14:39:35', '2025-06-29 14:40:15'),
(1058, 120, 181, 95.00, '2025-06-29 14:39:35', '2025-06-29 14:45:33'),
(1059, 120, 182, 85.00, '2025-06-29 14:39:35', '2025-06-29 14:40:15'),
(1060, 120, 183, 90.00, '2025-06-29 14:39:35', '2025-06-29 14:39:35'),
(1061, 121, 232, 85.00, '2025-06-29 14:47:51', '2025-06-29 14:48:53'),
(1062, 121, 233, 85.00, '2025-06-29 14:47:51', '2025-06-29 14:48:53'),
(1063, 121, 234, 95.00, '2025-06-29 14:47:51', '2025-06-29 14:48:53'),
(1064, 121, 235, 90.00, '2025-06-29 14:47:51', '2025-06-29 14:47:51'),
(1065, 121, 236, 90.00, '2025-06-29 14:47:51', '2025-06-29 14:47:51'),
(1066, 121, 237, 85.00, '2025-06-29 14:47:51', '2025-06-29 14:47:51'),
(1067, 121, 238, 88.00, '2025-06-29 14:47:51', '2025-06-29 14:47:51'),
(1068, 121, 239, 90.00, '2025-06-29 14:47:51', '2025-06-29 14:47:51'),
(1069, 121, 240, 87.00, '2025-06-29 14:47:51', '2025-06-29 14:47:51'),
(1070, 121, 241, 88.00, '2025-06-29 14:47:51', '2025-06-29 14:47:51'),
(1071, 121, 242, 95.00, '2025-06-29 14:47:51', '2025-06-29 14:47:51'),
(1072, 121, 243, 95.00, '2025-06-29 14:47:51', '2025-06-29 14:47:51'),
(1073, 122, 160, 70.00, '2025-06-29 14:53:47', '2025-06-29 14:53:47'),
(1074, 122, 161, 90.00, '2025-06-29 14:53:47', '2025-06-29 14:53:47'),
(1075, 122, 162, 95.00, '2025-06-29 14:53:47', '2025-06-29 14:55:54'),
(1076, 122, 163, 95.00, '2025-06-29 14:53:47', '2025-06-29 14:54:49'),
(1077, 122, 164, 95.00, '2025-06-29 14:53:47', '2025-06-29 14:53:47'),
(1078, 122, 165, 95.00, '2025-06-29 14:53:47', '2025-06-29 14:55:54'),
(1079, 122, 166, 95.00, '2025-06-29 14:53:47', '2025-06-29 14:54:49'),
(1080, 122, 167, 90.00, '2025-06-29 14:53:47', '2025-06-29 14:53:47'),
(1081, 122, 168, 90.00, '2025-06-29 14:53:47', '2025-06-29 14:54:49'),
(1082, 122, 169, 90.00, '2025-06-29 14:53:47', '2025-06-29 14:53:47'),
(1083, 122, 170, 88.00, '2025-06-29 14:53:47', '2025-06-29 14:53:47'),
(1084, 122, 171, 95.00, '2025-06-29 14:53:47', '2025-06-29 14:53:47'),
(1085, 123, 256, 90.00, '2025-06-29 15:18:39', '2025-06-29 15:18:39'),
(1086, 123, 257, 95.00, '2025-06-29 15:18:39', '2025-06-29 15:18:39'),
(1087, 123, 258, 95.00, '2025-06-29 15:18:39', '2025-06-29 15:18:39'),
(1088, 123, 259, 90.00, '2025-06-29 15:18:39', '2025-06-29 15:18:39'),
(1089, 123, 260, 90.00, '2025-06-29 15:18:39', '2025-06-29 15:18:39'),
(1090, 123, 261, 88.00, '2025-06-29 15:18:39', '2025-06-29 15:18:39'),
(1091, 123, 262, 87.00, '2025-06-29 15:18:39', '2025-06-29 15:18:39'),
(1092, 123, 263, 90.00, '2025-06-29 15:18:39', '2025-06-29 15:18:39'),
(1093, 123, 264, 85.00, '2025-06-29 15:18:39', '2025-06-29 15:18:39'),
(1094, 123, 265, 90.00, '2025-06-29 15:18:39', '2025-06-29 15:18:39'),
(1095, 123, 266, 95.00, '2025-06-29 15:18:39', '2025-06-29 15:18:39'),
(1096, 123, 267, 95.00, '2025-06-29 15:18:39', '2025-06-29 15:18:39'),
(1097, 124, 304, 90.00, '2025-06-29 15:20:06', '2025-06-29 15:20:06'),
(1098, 124, 305, 90.00, '2025-06-29 15:20:06', '2025-06-29 15:20:06'),
(1099, 124, 306, 95.00, '2025-06-29 15:20:06', '2025-06-29 15:20:06'),
(1100, 124, 307, 90.00, '2025-06-29 15:20:06', '2025-06-29 15:20:06'),
(1101, 124, 308, 95.00, '2025-06-29 15:20:06', '2025-06-29 15:20:06'),
(1102, 124, 309, 90.00, '2025-06-29 15:20:06', '2025-06-29 15:20:06'),
(1103, 124, 310, 90.00, '2025-06-29 15:20:06', '2025-06-29 15:20:06'),
(1104, 124, 311, 90.00, '2025-06-29 15:20:06', '2025-06-29 15:20:06'),
(1105, 124, 312, 88.00, '2025-06-29 15:20:06', '2025-06-29 15:20:06'),
(1106, 124, 313, 92.00, '2025-06-29 15:20:06', '2025-06-29 15:20:06'),
(1107, 124, 314, 85.00, '2025-06-29 15:20:06', '2025-06-29 15:20:06'),
(1108, 124, 315, 95.00, '2025-06-29 15:20:06', '2025-06-29 15:20:06'),
(1109, 125, 340, 90.00, '2025-06-29 15:21:30', '2025-06-29 15:21:30'),
(1110, 125, 341, 90.00, '2025-06-29 15:21:30', '2025-06-29 15:21:30'),
(1111, 125, 342, 95.00, '2025-06-29 15:21:30', '2025-06-29 15:21:30'),
(1112, 125, 343, 90.00, '2025-06-29 15:21:30', '2025-06-29 15:21:30'),
(1113, 125, 344, 92.00, '2025-06-29 15:21:30', '2025-06-29 15:21:30'),
(1114, 125, 345, 90.00, '2025-06-29 15:21:30', '2025-06-29 15:21:30'),
(1115, 125, 346, 95.00, '2025-06-29 15:21:30', '2025-06-29 15:21:30'),
(1116, 125, 347, 90.00, '2025-06-29 15:21:30', '2025-06-29 15:21:30'),
(1117, 125, 348, 90.00, '2025-06-29 15:21:30', '2025-06-29 15:21:30'),
(1118, 125, 349, 90.00, '2025-06-29 15:21:30', '2025-06-29 15:21:30'),
(1119, 125, 350, 90.00, '2025-06-29 15:21:30', '2025-06-29 15:21:30'),
(1120, 125, 351, 90.00, '2025-06-29 15:21:30', '2025-06-29 15:21:55'),
(1121, 126, 184, 90.00, '2025-06-29 15:49:26', '2025-06-29 15:49:55'),
(1122, 126, 185, 90.00, '2025-06-29 15:49:26', '2025-06-29 15:49:26'),
(1123, 126, 186, 90.00, '2025-06-29 15:49:26', '2025-06-29 15:49:26'),
(1124, 126, 187, 95.00, '2025-06-29 15:49:26', '2025-06-29 15:49:55'),
(1125, 126, 188, 90.00, '2025-06-29 15:49:26', '2025-06-29 15:49:26'),
(1126, 126, 189, 88.00, '2025-06-29 15:49:26', '2025-06-29 15:49:55'),
(1127, 126, 190, 88.00, '2025-06-29 15:49:26', '2025-06-29 15:49:26'),
(1128, 126, 191, 90.00, '2025-06-29 15:49:26', '2025-06-29 15:49:26'),
(1129, 126, 192, 90.00, '2025-06-29 15:49:26', '2025-06-29 15:49:26'),
(1130, 126, 193, 90.00, '2025-06-29 15:49:26', '2025-06-29 15:49:26'),
(1131, 126, 194, 90.00, '2025-06-29 15:49:26', '2025-06-29 15:49:26'),
(1132, 126, 195, 95.00, '2025-06-29 15:49:26', '2025-06-29 15:49:26'),
(1133, 127, 244, 90.00, '2025-06-29 16:10:59', '2025-06-29 16:10:59'),
(1134, 127, 245, 90.00, '2025-06-29 16:10:59', '2025-06-29 16:10:59'),
(1135, 127, 246, 95.00, '2025-06-29 16:10:59', '2025-06-29 16:10:59'),
(1136, 127, 247, 90.00, '2025-06-29 16:10:59', '2025-06-29 16:10:59'),
(1137, 127, 248, 90.00, '2025-06-29 16:10:59', '2025-06-29 16:10:59'),
(1138, 127, 249, 95.00, '2025-06-29 16:10:59', '2025-06-29 16:10:59'),
(1139, 127, 250, 90.00, '2025-06-29 16:10:59', '2025-06-29 16:10:59'),
(1140, 127, 251, 90.00, '2025-06-29 16:10:59', '2025-06-29 16:10:59'),
(1141, 127, 252, 90.00, '2025-06-29 16:10:59', '2025-06-29 16:10:59'),
(1142, 127, 253, 88.00, '2025-06-29 16:10:59', '2025-06-29 16:10:59'),
(1143, 127, 254, 90.00, '2025-06-29 16:10:59', '2025-06-29 16:10:59'),
(1144, 127, 255, 95.00, '2025-06-29 16:10:59', '2025-06-29 16:10:59'),
(1145, 128, 460, 95.00, '2025-06-30 15:50:21', '2025-06-30 15:56:56'),
(1146, 128, 461, 95.00, '2025-06-30 15:50:21', '2025-06-30 15:56:56'),
(1147, 128, 462, 95.00, '2025-06-30 15:50:21', '2025-06-30 15:56:18'),
(1148, 128, 463, 90.00, '2025-06-30 15:50:21', '2025-06-30 15:56:18'),
(1149, 128, 464, 95.00, '2025-06-30 15:50:21', '2025-06-30 15:56:56'),
(1150, 128, 465, 90.00, '2025-06-30 15:50:21', '2025-06-30 15:55:54'),
(1151, 128, 466, 90.00, '2025-06-30 15:50:21', '2025-06-30 15:54:20'),
(1152, 128, 467, 90.00, '2025-06-30 15:50:21', '2025-06-30 15:55:29'),
(1153, 128, 468, 90.00, '2025-06-30 15:50:21', '2025-06-30 15:54:20'),
(1154, 128, 469, 90.00, '2025-06-30 15:50:21', '2025-06-30 15:54:20'),
(1155, 128, 655, 90.00, '2025-06-30 15:50:21', '2025-06-30 15:55:54'),
(1156, 129, 561, 90.00, '2025-06-30 15:58:00', '2025-06-30 15:58:24'),
(1157, 129, 562, 90.00, '2025-06-30 15:58:00', '2025-06-30 15:58:24'),
(1158, 129, 563, 90.00, '2025-06-30 15:58:00', '2025-06-30 15:58:00'),
(1159, 129, 564, 85.00, '2025-06-30 15:58:00', '2025-06-30 15:58:00'),
(1160, 129, 565, 95.00, '2025-06-30 15:58:00', '2025-06-30 15:58:00'),
(1161, 129, 566, 97.00, '2025-06-30 15:58:00', '2025-06-30 15:58:00'),
(1162, 129, 567, 95.00, '2025-06-30 15:58:00', '2025-06-30 15:58:00'),
(1163, 129, 568, 90.00, '2025-06-30 15:58:00', '2025-06-30 15:58:00'),
(1164, 129, 569, 95.00, '2025-06-30 15:58:00', '2025-06-30 15:58:00'),
(1165, 129, 570, 90.00, '2025-06-30 15:58:00', '2025-06-30 15:58:00'),
(1166, 130, 530, 90.00, '2025-06-30 15:59:28', '2025-06-30 15:59:28'),
(1167, 130, 531, 90.00, '2025-06-30 15:59:28', '2025-06-30 15:59:28'),
(1168, 130, 532, 95.00, '2025-06-30 15:59:28', '2025-06-30 15:59:28'),
(1169, 130, 533, 94.00, '2025-06-30 15:59:28', '2025-06-30 15:59:28'),
(1170, 130, 534, 95.00, '2025-06-30 15:59:28', '2025-06-30 15:59:28'),
(1171, 130, 535, 90.00, '2025-06-30 15:59:28', '2025-06-30 15:59:28'),
(1172, 130, 536, 92.00, '2025-06-30 15:59:28', '2025-06-30 15:59:28'),
(1173, 130, 537, 91.00, '2025-06-30 15:59:28', '2025-06-30 15:59:28'),
(1174, 130, 538, 100.00, '2025-06-30 15:59:28', '2025-06-30 15:59:28'),
(1175, 130, 539, 90.00, '2025-06-30 15:59:28', '2025-06-30 15:59:28'),
(1176, 130, 540, 96.00, '2025-06-30 15:59:28', '2025-06-30 15:59:28'),
(1177, 131, 148, 94.00, '2025-06-30 16:02:05', '2025-06-30 16:02:05'),
(1178, 131, 149, 96.00, '2025-06-30 16:02:05', '2025-06-30 16:02:05'),
(1179, 131, 150, 95.00, '2025-06-30 16:02:05', '2025-06-30 16:02:05'),
(1180, 131, 151, 100.00, '2025-06-30 16:02:05', '2025-06-30 16:02:05'),
(1181, 131, 152, 95.00, '2025-06-30 16:02:05', '2025-06-30 16:02:05'),
(1182, 131, 153, 95.00, '2025-06-30 16:02:05', '2025-06-30 16:02:05'),
(1183, 131, 154, 95.00, '2025-06-30 16:02:05', '2025-06-30 16:02:05'),
(1184, 131, 155, 90.00, '2025-06-30 16:02:05', '2025-06-30 16:02:05'),
(1185, 131, 156, 95.00, '2025-06-30 16:02:05', '2025-06-30 16:02:05'),
(1186, 131, 157, 95.00, '2025-06-30 16:02:05', '2025-06-30 16:02:05'),
(1187, 131, 158, 90.00, '2025-06-30 16:02:05', '2025-06-30 16:02:05'),
(1188, 131, 159, 90.00, '2025-06-30 16:02:06', '2025-06-30 16:02:06'),
(1189, 132, 520, 90.00, '2025-06-30 16:09:05', '2025-06-30 16:09:05'),
(1190, 132, 521, 90.00, '2025-06-30 16:09:05', '2025-06-30 16:09:05'),
(1191, 132, 522, 95.00, '2025-06-30 16:09:05', '2025-06-30 16:09:05'),
(1192, 132, 523, 95.00, '2025-06-30 16:09:05', '2025-06-30 16:09:05'),
(1193, 132, 524, 85.00, '2025-06-30 16:09:05', '2025-06-30 16:09:05'),
(1194, 132, 525, 90.00, '2025-06-30 16:09:05', '2025-06-30 16:09:05'),
(1195, 132, 526, 90.00, '2025-06-30 16:09:05', '2025-06-30 16:09:05'),
(1196, 132, 527, 90.00, '2025-06-30 16:09:05', '2025-06-30 16:09:05'),
(1197, 132, 528, 90.00, '2025-06-30 16:09:05', '2025-06-30 16:09:05'),
(1198, 132, 529, 90.00, '2025-06-30 16:09:05', '2025-06-30 16:09:05'),
(1199, 133, 480, 95.00, '2025-06-30 16:10:27', '2025-06-30 16:11:04'),
(1200, 133, 481, 94.00, '2025-06-30 16:10:27', '2025-06-30 16:11:04'),
(1201, 133, 482, 100.00, '2025-06-30 16:10:27', '2025-06-30 16:10:27'),
(1202, 133, 483, 95.00, '2025-06-30 16:10:27', '2025-06-30 16:11:04'),
(1203, 133, 484, 93.00, '2025-06-30 16:10:27', '2025-06-30 16:11:04'),
(1204, 133, 485, 90.00, '2025-06-30 16:10:27', '2025-06-30 16:10:27'),
(1205, 133, 486, 95.00, '2025-06-30 16:10:27', '2025-06-30 16:10:27'),
(1206, 133, 487, 85.00, '2025-06-30 16:10:27', '2025-06-30 16:10:27'),
(1207, 133, 488, 90.00, '2025-06-30 16:10:27', '2025-06-30 16:10:27'),
(1208, 133, 489, 90.00, '2025-06-30 16:10:27', '2025-06-30 16:10:27'),
(1209, 134, 470, 90.00, '2025-06-30 16:12:18', '2025-06-30 16:12:18'),
(1210, 134, 471, 90.00, '2025-06-30 16:12:18', '2025-06-30 16:12:18'),
(1211, 134, 472, 96.00, '2025-06-30 16:12:18', '2025-06-30 16:12:18'),
(1212, 134, 473, 90.00, '2025-06-30 16:12:18', '2025-06-30 16:12:18'),
(1213, 134, 474, 98.00, '2025-06-30 16:12:18', '2025-06-30 16:12:18'),
(1214, 134, 475, 95.00, '2025-06-30 16:12:18', '2025-06-30 16:12:18'),
(1215, 134, 476, 96.00, '2025-06-30 16:12:18', '2025-06-30 16:12:18'),
(1216, 134, 477, 96.00, '2025-06-30 16:12:18', '2025-06-30 16:12:18'),
(1217, 134, 478, 95.00, '2025-06-30 16:12:18', '2025-06-30 16:12:18'),
(1218, 134, 479, 95.00, '2025-06-30 16:12:18', '2025-06-30 16:12:18'),
(1219, 135, 635, 90.00, '2025-06-30 16:14:17', '2025-06-30 16:14:17'),
(1220, 135, 636, 70.00, '2025-06-30 16:14:17', '2025-06-30 21:33:43'),
(1221, 135, 637, 90.00, '2025-06-30 16:14:17', '2025-06-30 16:14:17'),
(1222, 135, 638, 70.00, '2025-06-30 16:14:17', '2025-06-30 21:33:43'),
(1223, 135, 639, 90.00, '2025-06-30 16:14:17', '2025-06-30 16:14:17'),
(1224, 135, 640, 80.00, '2025-06-30 16:14:17', '2025-06-30 16:15:03'),
(1225, 135, 641, 85.00, '2025-06-30 16:14:17', '2025-06-30 16:14:17'),
(1226, 135, 642, 90.00, '2025-06-30 16:14:17', '2025-06-30 16:14:17'),
(1227, 135, 643, 90.00, '2025-06-30 16:14:17', '2025-06-30 16:14:17'),
(1228, 135, 644, 90.00, '2025-06-30 16:14:17', '2025-06-30 16:14:17'),
(1229, 135, 657, 65.00, '2025-06-30 16:14:17', '2025-06-30 16:15:03'),
(1230, 136, 551, 95.00, '2025-06-30 16:20:56', '2025-06-30 16:20:56'),
(1231, 136, 552, 95.00, '2025-06-30 16:20:56', '2025-06-30 16:20:56'),
(1232, 136, 553, 99.00, '2025-06-30 16:20:56', '2025-06-30 16:20:56'),
(1233, 136, 554, 100.00, '2025-06-30 16:20:56', '2025-06-30 16:20:56'),
(1234, 136, 555, 97.00, '2025-06-30 16:20:56', '2025-06-30 16:20:56'),
(1235, 136, 556, 100.00, '2025-06-30 16:20:56', '2025-06-30 16:20:56'),
(1236, 136, 557, 96.00, '2025-06-30 16:20:56', '2025-06-30 16:20:56'),
(1237, 136, 558, 96.00, '2025-06-30 16:20:56', '2025-06-30 16:20:56'),
(1238, 136, 559, 96.00, '2025-06-30 16:20:56', '2025-06-30 16:20:56'),
(1239, 136, 560, 95.00, '2025-06-30 16:20:56', '2025-06-30 16:20:56'),
(1240, 137, 668, 95.00, '2025-06-30 16:22:07', '2025-06-30 21:19:09'),
(1241, 137, 669, 96.00, '2025-06-30 16:22:07', '2025-06-30 22:09:52'),
(1242, 137, 670, 97.00, '2025-06-30 16:22:07', '2025-06-30 22:09:52'),
(1243, 137, 671, 90.00, '2025-06-30 16:22:07', '2025-06-30 16:22:07'),
(1245, 137, 673, 90.00, '2025-06-30 16:22:07', '2025-06-30 16:22:07'),
(1246, 137, 674, 90.00, '2025-06-30 16:22:07', '2025-06-30 16:22:07'),
(1247, 137, 675, 90.00, '2025-06-30 16:22:07', '2025-06-30 16:22:07'),
(1248, 137, 676, 90.00, '2025-06-30 16:22:07', '2025-06-30 16:22:07'),
(1249, 137, 677, 90.00, '2025-06-30 16:22:07', '2025-06-30 16:22:07'),
(1250, 137, 678, 90.00, '2025-06-30 16:22:07', '2025-06-30 16:22:07'),
(1251, 137, 679, 95.00, '2025-06-30 16:22:07', '2025-06-30 16:22:07'),
(1253, 137, 681, 90.00, '2025-06-30 16:22:07', '2025-06-30 16:22:07'),
(1254, 138, 106, 95.00, '2025-06-30 19:20:09', '2025-06-30 20:31:34'),
(1255, 138, 107, 95.00, '2025-06-30 19:20:09', '2025-06-30 20:31:34'),
(1256, 138, 108, 95.00, '2025-06-30 19:20:09', '2025-06-30 20:31:34'),
(1257, 138, 109, 95.00, '2025-06-30 19:20:09', '2025-06-30 20:31:34'),
(1258, 138, 110, 95.00, '2025-06-30 19:20:09', '2025-06-30 20:31:34'),
(1259, 138, 111, 95.00, '2025-06-30 19:20:09', '2025-06-30 20:31:34'),
(1260, 138, 112, 95.00, '2025-06-30 19:20:09', '2025-06-30 20:31:34'),
(1261, 138, 113, 95.00, '2025-06-30 19:20:09', '2025-06-30 20:31:34'),
(1262, 138, 114, 95.00, '2025-06-30 19:20:09', '2025-06-30 20:31:34'),
(1263, 138, 115, 95.00, '2025-06-30 19:20:09', '2025-06-30 20:31:34'),
(1264, 139, 75, 95.00, '2025-06-30 19:21:08', '2025-06-30 20:32:15'),
(1265, 139, 76, 95.00, '2025-06-30 19:21:08', '2025-06-30 20:32:15'),
(1266, 139, 78, 95.00, '2025-06-30 19:21:08', '2025-06-30 20:32:15'),
(1267, 139, 79, 95.00, '2025-06-30 19:21:08', '2025-06-30 20:32:15'),
(1268, 139, 80, 95.00, '2025-06-30 19:21:08', '2025-06-30 20:32:15'),
(1269, 139, 81, 95.00, '2025-06-30 19:21:08', '2025-06-30 20:32:15'),
(1270, 139, 82, 95.00, '2025-06-30 19:21:08', '2025-06-30 20:32:15'),
(1271, 139, 83, 95.00, '2025-06-30 19:21:08', '2025-06-30 20:32:15'),
(1272, 139, 84, 95.00, '2025-06-30 19:21:08', '2025-06-30 20:32:15'),
(1273, 139, 85, 95.00, '2025-06-30 19:21:08', '2025-06-30 20:32:15'),
(1274, 140, 86, 95.00, '2025-06-30 19:21:38', '2025-06-30 20:32:56'),
(1275, 140, 87, 95.00, '2025-06-30 19:21:38', '2025-06-30 20:32:56'),
(1276, 140, 88, 95.00, '2025-06-30 19:21:38', '2025-06-30 20:32:56'),
(1277, 140, 89, 95.00, '2025-06-30 19:21:38', '2025-06-30 20:32:56'),
(1278, 140, 90, 95.00, '2025-06-30 19:21:38', '2025-06-30 20:32:56'),
(1279, 140, 91, 95.00, '2025-06-30 19:21:38', '2025-06-30 20:32:56'),
(1280, 140, 92, 95.00, '2025-06-30 19:21:38', '2025-06-30 20:32:56'),
(1281, 140, 93, 95.00, '2025-06-30 19:21:38', '2025-06-30 20:32:56'),
(1282, 140, 94, 95.00, '2025-06-30 19:21:38', '2025-06-30 20:32:56'),
(1283, 140, 95, 95.00, '2025-06-30 19:21:38', '2025-06-30 20:32:56'),
(1284, 141, 96, 95.00, '2025-06-30 19:22:16', '2025-06-30 20:33:35'),
(1285, 141, 97, 95.00, '2025-06-30 19:22:16', '2025-06-30 20:33:35'),
(1286, 141, 98, 95.00, '2025-06-30 19:22:16', '2025-06-30 20:33:35'),
(1287, 141, 99, 95.00, '2025-06-30 19:22:16', '2025-06-30 20:33:35'),
(1288, 141, 100, 95.00, '2025-06-30 19:22:16', '2025-06-30 20:33:35'),
(1289, 141, 101, 95.00, '2025-06-30 19:22:16', '2025-06-30 20:33:35'),
(1290, 141, 102, 95.00, '2025-06-30 19:22:16', '2025-06-30 20:33:35'),
(1291, 141, 103, 95.00, '2025-06-30 19:22:16', '2025-06-30 20:33:35'),
(1292, 141, 104, 95.00, '2025-06-30 19:22:16', '2025-06-30 20:33:35'),
(1293, 141, 105, 95.00, '2025-06-30 19:22:16', '2025-06-30 20:33:35'),
(1294, 142, 116, 95.00, '2025-06-30 19:24:04', '2025-06-30 20:34:11'),
(1295, 142, 117, 95.00, '2025-06-30 19:24:04', '2025-06-30 20:34:11'),
(1296, 142, 118, 95.00, '2025-06-30 19:24:04', '2025-06-30 20:34:11'),
(1297, 142, 119, 95.00, '2025-06-30 19:24:04', '2025-06-30 20:34:11'),
(1298, 142, 120, 95.00, '2025-06-30 19:24:04', '2025-06-30 20:34:11'),
(1299, 142, 121, 95.00, '2025-06-30 19:24:04', '2025-06-30 20:34:11'),
(1300, 142, 122, 95.00, '2025-06-30 19:24:04', '2025-06-30 20:34:11'),
(1301, 142, 123, 95.00, '2025-06-30 19:24:04', '2025-06-30 20:34:11'),
(1302, 142, 124, 95.00, '2025-06-30 19:24:04', '2025-06-30 20:34:11'),
(1303, 142, 125, 95.00, '2025-06-30 19:24:04', '2025-06-30 20:34:12'),
(1304, 143, 134, 95.00, '2025-06-30 19:27:12', '2025-06-30 20:34:37'),
(1305, 143, 135, 95.00, '2025-06-30 19:27:12', '2025-06-30 20:34:37'),
(1306, 143, 136, 95.00, '2025-06-30 19:27:12', '2025-06-30 20:34:37'),
(1307, 143, 137, 95.00, '2025-06-30 19:27:12', '2025-06-30 20:34:37'),
(1308, 143, 138, 95.00, '2025-06-30 19:27:12', '2025-06-30 20:34:37'),
(1309, 143, 139, 95.00, '2025-06-30 19:27:12', '2025-06-30 20:35:07'),
(1310, 143, 140, 95.00, '2025-06-30 19:27:12', '2025-06-30 20:35:07'),
(1311, 143, 141, 95.00, '2025-06-30 19:27:12', '2025-06-30 20:35:07'),
(1312, 143, 142, 95.00, '2025-06-30 19:27:12', '2025-06-30 20:35:07'),
(1313, 143, 143, 95.00, '2025-06-30 19:27:12', '2025-06-30 20:35:07'),
(1314, 144, 541, 95.00, '2025-06-30 21:20:16', '2025-06-30 21:20:16'),
(1315, 144, 542, 95.00, '2025-06-30 21:20:16', '2025-06-30 21:20:16'),
(1316, 144, 543, 95.00, '2025-06-30 21:20:16', '2025-06-30 21:20:16'),
(1317, 144, 544, 90.00, '2025-06-30 21:20:16', '2025-06-30 21:20:16'),
(1318, 144, 545, 95.00, '2025-06-30 21:20:16', '2025-06-30 21:20:16'),
(1319, 144, 546, 95.00, '2025-06-30 21:20:16', '2025-06-30 21:20:16'),
(1320, 144, 547, 90.00, '2025-06-30 21:20:16', '2025-06-30 21:20:16'),
(1321, 144, 548, 90.00, '2025-06-30 21:20:16', '2025-06-30 21:20:16'),
(1322, 144, 549, 90.00, '2025-06-30 21:20:16', '2025-06-30 21:20:16'),
(1323, 144, 550, 95.00, '2025-06-30 21:20:16', '2025-06-30 21:20:16'),
(1324, 144, 656, 90.00, '2025-06-30 21:20:16', '2025-06-30 21:20:16'),
(1325, 145, 658, 95.00, '2025-06-30 21:25:12', '2025-06-30 21:25:12'),
(1326, 145, 659, 95.00, '2025-06-30 21:25:12', '2025-06-30 21:25:12'),
(1327, 145, 660, 95.00, '2025-06-30 21:25:12', '2025-06-30 21:25:12'),
(1328, 145, 661, 90.00, '2025-06-30 21:25:12', '2025-06-30 21:25:12'),
(1329, 145, 662, 96.00, '2025-06-30 21:25:12', '2025-06-30 21:25:12'),
(1330, 145, 663, 95.00, '2025-06-30 21:25:12', '2025-06-30 21:25:12'),
(1331, 145, 664, 96.00, '2025-06-30 21:25:12', '2025-06-30 21:25:12'),
(1332, 145, 665, 96.00, '2025-06-30 21:25:12', '2025-06-30 21:25:12'),
(1333, 145, 666, 97.00, '2025-06-30 21:25:12', '2025-06-30 21:25:12'),
(1334, 145, 667, 97.00, '2025-06-30 21:25:12', '2025-06-30 21:25:12'),
(1335, 146, 510, 95.00, '2025-06-30 21:29:38', '2025-06-30 21:29:38'),
(1336, 146, 511, 95.00, '2025-06-30 21:29:38', '2025-06-30 21:29:38'),
(1337, 146, 512, 95.00, '2025-06-30 21:29:38', '2025-06-30 21:29:38'),
(1338, 146, 513, 93.00, '2025-06-30 21:29:39', '2025-06-30 21:29:39'),
(1339, 146, 514, 96.00, '2025-06-30 21:29:39', '2025-06-30 21:29:39'),
(1340, 146, 515, 96.00, '2025-06-30 21:29:39', '2025-06-30 21:29:39'),
(1341, 146, 516, 93.00, '2025-06-30 21:29:39', '2025-06-30 21:29:39'),
(1342, 146, 517, 96.00, '2025-06-30 21:29:39', '2025-06-30 21:29:39'),
(1343, 146, 518, 97.00, '2025-06-30 21:29:39', '2025-06-30 21:29:39'),
(1344, 146, 519, 96.00, '2025-06-30 21:29:39', '2025-06-30 21:29:39'),
(1345, 147, 500, 95.00, '2025-06-30 21:41:09', '2025-06-30 21:41:09'),
(1346, 147, 501, 95.00, '2025-06-30 21:41:09', '2025-06-30 21:41:09'),
(1347, 147, 502, 86.00, '2025-06-30 21:41:09', '2025-06-30 21:41:09'),
(1348, 147, 503, 95.00, '2025-06-30 21:41:09', '2025-06-30 21:41:09'),
(1349, 147, 504, 97.00, '2025-06-30 21:41:09', '2025-06-30 21:41:09'),
(1350, 147, 505, 97.00, '2025-06-30 21:41:09', '2025-06-30 21:41:09'),
(1351, 147, 506, 96.00, '2025-06-30 21:41:09', '2025-06-30 21:41:09'),
(1352, 147, 507, 96.00, '2025-06-30 21:41:09', '2025-06-30 21:41:09'),
(1353, 147, 508, 95.00, '2025-06-30 21:41:09', '2025-06-30 21:41:09'),
(1354, 147, 509, 95.00, '2025-06-30 21:41:09', '2025-06-30 21:41:09'),
(1355, 148, 490, 95.00, '2025-06-30 21:55:30', '2025-06-30 21:55:30'),
(1356, 148, 491, 93.00, '2025-06-30 21:55:30', '2025-06-30 21:55:30'),
(1357, 148, 492, 95.00, '2025-06-30 21:55:30', '2025-06-30 21:55:30'),
(1358, 148, 493, 94.00, '2025-06-30 21:55:30', '2025-06-30 21:55:30'),
(1359, 148, 494, 95.00, '2025-06-30 21:55:30', '2025-06-30 21:55:30'),
(1360, 148, 495, 95.00, '2025-06-30 21:55:30', '2025-06-30 21:55:30'),
(1361, 148, 496, 96.00, '2025-06-30 21:55:30', '2025-06-30 21:55:30'),
(1362, 148, 497, 90.00, '2025-06-30 21:55:30', '2025-06-30 21:55:30'),
(1363, 148, 498, 90.00, '2025-06-30 21:55:30', '2025-06-30 21:55:30'),
(1364, 148, 499, 90.00, '2025-06-30 21:55:30', '2025-06-30 21:55:30'),
(1365, 149, 645, 90.00, '2025-06-30 22:09:14', '2025-06-30 22:09:14'),
(1366, 149, 646, 90.00, '2025-06-30 22:09:14', '2025-06-30 22:09:14'),
(1367, 149, 647, 90.00, '2025-06-30 22:09:14', '2025-06-30 22:09:14'),
(1368, 149, 648, 90.00, '2025-06-30 22:09:14', '2025-06-30 22:09:14'),
(1369, 149, 649, 90.00, '2025-06-30 22:09:14', '2025-06-30 22:09:14'),
(1370, 149, 650, 90.00, '2025-06-30 22:09:14', '2025-06-30 22:09:14'),
(1371, 149, 651, 90.00, '2025-06-30 22:09:14', '2025-06-30 22:09:14'),
(1372, 149, 652, 85.00, '2025-06-30 22:09:14', '2025-06-30 22:09:14'),
(1373, 149, 653, 86.00, '2025-06-30 22:09:14', '2025-06-30 22:09:14'),
(1374, 149, 654, 85.00, '2025-06-30 22:09:14', '2025-06-30 22:09:14');

-- --------------------------------------------------------

--
-- Table structure for table `failed_jobs`
--

CREATE TABLE `failed_jobs` (
  `id` bigint(20) UNSIGNED NOT NULL,
  `uuid` varchar(255) NOT NULL,
  `connection` text NOT NULL,
  `queue` text NOT NULL,
  `payload` longtext NOT NULL,
  `exception` longtext NOT NULL,
  `failed_at` timestamp NOT NULL DEFAULT current_timestamp()
) ENGINE=InnoDB DEFAULT CHARSET=utf8mb4 COLLATE=utf8mb4_unicode_ci;

-- --------------------------------------------------------

--
-- Table structure for table `jobs`
--

CREATE TABLE `jobs` (
  `id` bigint(20) UNSIGNED NOT NULL,
  `queue` varchar(255) NOT NULL,
  `payload` longtext NOT NULL,
  `attempts` tinyint(3) UNSIGNED NOT NULL,
  `reserved_at` int(10) UNSIGNED DEFAULT NULL,
  `available_at` int(10) UNSIGNED NOT NULL,
  `created_at` int(10) UNSIGNED NOT NULL
) ENGINE=InnoDB DEFAULT CHARSET=utf8mb4 COLLATE=utf8mb4_unicode_ci;

-- --------------------------------------------------------

--
-- Table structure for table `job_batches`
--

CREATE TABLE `job_batches` (
  `id` varchar(255) NOT NULL,
  `name` varchar(255) NOT NULL,
  `total_jobs` int(11) NOT NULL,
  `pending_jobs` int(11) NOT NULL,
  `failed_jobs` int(11) NOT NULL,
  `failed_job_ids` longtext NOT NULL,
  `options` mediumtext DEFAULT NULL,
  `cancelled_at` int(11) DEFAULT NULL,
  `created_at` int(11) NOT NULL,
  `finished_at` int(11) DEFAULT NULL
) ENGINE=InnoDB DEFAULT CHARSET=utf8mb4 COLLATE=utf8mb4_unicode_ci;

-- --------------------------------------------------------

--
-- Table structure for table `migrations`
--

CREATE TABLE `migrations` (
  `id` int(10) UNSIGNED NOT NULL,
  `migration` varchar(255) NOT NULL,
  `batch` int(11) NOT NULL
) ENGINE=InnoDB DEFAULT CHARSET=utf8mb4 COLLATE=utf8mb4_unicode_ci;

--
-- Dumping data for table `migrations`
--

INSERT INTO `migrations` (`id`, `migration`, `batch`) VALUES
(1, '0001_01_01_000001_create_cache_table', 1),
(2, '0001_01_01_000002_create_jobs_table', 1),
(3, '2025_03_29_003431_create_departments_table', 1),
(4, '2025_03_29_003432_create_users_table', 1),
(5, '2025_04_16_060800_create_standards_table', 1),
(6, '2025_04_16_060813_create_employee_evaluations_table', 1),
(7, '2025_04_16_060826_create_employee_evaluation_details_table', 1),
(8, '2025_04_25_142053_create_mission_types_table', 1),
(9, '2025_04_25_142054_create_mission_requests_table', 1),
(10, '2025_04_25_142055_create_mission_reports_table', 1);

-- --------------------------------------------------------

--
-- Table structure for table `mission_files`
--

CREATE TABLE `mission_files` (
  `id` bigint(20) UNSIGNED NOT NULL,
  `mission_id` bigint(20) UNSIGNED NOT NULL,
  `user_id` bigint(20) UNSIGNED NOT NULL,
  `file_name` varchar(255) NOT NULL,
  `file_path` varchar(255) NOT NULL,
  `file_type` varchar(255) NOT NULL,
  `file_size` int(11) NOT NULL,
  `created_at` timestamp NULL DEFAULT NULL,
  `updated_at` timestamp NULL DEFAULT NULL
) ENGINE=InnoDB DEFAULT CHARSET=utf8mb4 COLLATE=utf8mb4_unicode_ci;

-- --------------------------------------------------------

--
-- Table structure for table `mission_reports`
--

CREATE TABLE `mission_reports` (
  `id` bigint(20) UNSIGNED NOT NULL,
  `mission_request_id` bigint(20) UNSIGNED NOT NULL,
  `user_id` bigint(20) UNSIGNED NOT NULL,
  `content` text NOT NULL,
  `link` varchar(255) DEFAULT NULL,
  `type` varchar(50) DEFAULT NULL,
  `from_to` varchar(255) DEFAULT NULL,
  `created_at` timestamp NULL DEFAULT NULL,
  `updated_at` timestamp NULL DEFAULT NULL
) ENGINE=InnoDB DEFAULT CHARSET=utf8mb4 COLLATE=utf8mb4_unicode_ci;

-- --------------------------------------------------------

--
-- Table structure for table `mission_requests`
--

CREATE TABLE `mission_requests` (
  `id` bigint(20) UNSIGNED NOT NULL,
  `department_id` bigint(20) UNSIGNED NOT NULL,
  `mission_type_id` bigint(20) UNSIGNED NOT NULL,
  `user_id` bigint(20) UNSIGNED NOT NULL,
  `description` text DEFAULT NULL,
  `link` varchar(255) DEFAULT NULL,
  `status` tinyint(4) NOT NULL DEFAULT 0,
  `deadline` date DEFAULT NULL,
  `hour` time DEFAULT NULL,
  `ticket_number` varchar(255) NOT NULL,
  `created_at` timestamp NULL DEFAULT NULL,
  `updated_at` timestamp NULL DEFAULT NULL
) ENGINE=InnoDB DEFAULT CHARSET=utf8mb4 COLLATE=utf8mb4_unicode_ci;

-- --------------------------------------------------------

--
-- Table structure for table `mission_types`
--

CREATE TABLE `mission_types` (
  `id` bigint(20) UNSIGNED NOT NULL,
  `name` varchar(255) NOT NULL,
  `department_id` bigint(20) UNSIGNED NOT NULL,
  `status` tinyint(4) NOT NULL DEFAULT 0 COMMENT '0: active, 1: inactive',
  `created_at` timestamp NULL DEFAULT NULL,
  `updated_at` timestamp NULL DEFAULT NULL
) ENGINE=InnoDB DEFAULT CHARSET=utf8mb4 COLLATE=utf8mb4_unicode_ci;

--
-- Dumping data for table `mission_types`
--

INSERT INTO `mission_types` (`id`, `name`, `department_id`, `status`, `created_at`, `updated_at`) VALUES
(6, 'ุฑูุน ูุญุงุถุฑุฉ', 5, 1, '2025-05-14 04:43:01', '2025-06-20 17:11:00'),
(7, 'ุฑูุน ุงุฎุชุจุงุฑ', 5, 1, '2025-05-14 04:43:13', '2025-06-20 17:10:58'),
(8, 'ุฑูุน ููู', 5, 1, '2025-05-14 04:43:20', '2025-06-14 21:34:17'),
(9, 'ุฃุถุงูุฉ ุฏูุฑุฉ', 5, 1, '2025-05-14 04:43:27', '2025-06-20 17:10:55'),
(10, 'ูุญุงุถุฑุฉ ุฒููู', 5, 1, '2025-05-14 08:16:13', '2025-06-20 17:10:50');

-- --------------------------------------------------------

--
-- Table structure for table `password_reset_tokens`
--

CREATE TABLE `password_reset_tokens` (
  `email` varchar(255) NOT NULL,
  `token` varchar(255) NOT NULL,
  `created_at` timestamp NULL DEFAULT NULL
) ENGINE=InnoDB DEFAULT CHARSET=utf8mb4 COLLATE=utf8mb4_unicode_ci;

-- --------------------------------------------------------

--
-- Table structure for table `sessions`
--

CREATE TABLE `sessions` (
  `id` varchar(255) NOT NULL,
  `user_id` bigint(20) UNSIGNED DEFAULT NULL,
  `ip_address` varchar(45) DEFAULT NULL,
  `user_agent` text DEFAULT NULL,
  `payload` longtext NOT NULL,
  `last_activity` int(11) NOT NULL
) ENGINE=InnoDB DEFAULT CHARSET=utf8mb4 COLLATE=utf8mb4_unicode_ci;

--
-- Dumping data for table `sessions`
--

INSERT INTO `sessions` (`id`, `user_id`, `ip_address`, `user_agent`, `payload`, `last_activity`) VALUES
('0D0ZZTmxRVhb34MGePUSEIELxHZoM3bxmpiv06Fe', NULL, '156.197.37.61', 'Mozilla/5.0 (Windows NT 10.0; Win64; x64) AppleWebKit/537.36 (KHTML, like Gecko) Chrome/138.0.0.0 Safari/537.36', 'YTozOntzOjY6Il90b2tlbiI7czo0MDoiWG5sTkJRdTJUOXluSlBnMVI1TWJTQjd5TGNuOURkblFHSkt6dVNGTiI7czo5OiJfcHJldmlvdXMiO2E6MTp7czozOiJ1cmwiO3M6MzI6Imh0dHBzOi8vYXNzZXNtZW50LmF5ZWRhY2FkZW15LmNvIjt9czo2OiJfZmxhc2giO2E6Mjp7czozOiJvbGQiO2E6MDp7fXM6MzoibmV3IjthOjA6e319fQ==', 1752416747),
('0uysd358cq3zncATpMjI8AEdgyh984OSaIWPKgkK', NULL, '66.249.93.198', 'Mozilla/5.0 (Linux; Android 10; K) AppleWebKit/537.36 (KHTML, like Gecko) Chrome/138.0.0.0 Mobile Safari/537.36 (compatible; Google-Read-Aloud; +https://support.google.com/webmasters/answer/1061943)', 'YTozOntzOjY6Il90b2tlbiI7czo0MDoiSEsxTzNxbks1VkVsQjFRZDI2WnVOZjhPVFN6U0dBbExFcXBRRGh3aSI7czo5OiJfcHJldmlvdXMiO2E6MTp7czozOiJ1cmwiO3M6MzI6Imh0dHBzOi8vYXNzZXNtZW50LmF5ZWRhY2FkZW15LmNvIjt9czo2OiJfZmxhc2giO2E6Mjp7czozOiJvbGQiO2E6MDp7fXM6MzoibmV3IjthOjA6e319fQ==', 1752245918),
('3vL2VIjqrY3WD0EViteIk6V7FVZxJV3baWbhsNJV', NULL, '3.22.104.232', 'Mozilla/5.0 zgrab/0.x', 'YTozOntzOjY6Il90b2tlbiI7czo0MDoic1ZvdGlHUVU4MTJNT3ZkdG8zVU1ocERON2IzWUtKZG5LSmFTVjZBciI7czo5OiJfcHJldmlvdXMiO2E6MTp7czozOiJ1cmwiO3M6MzI6Imh0dHBzOi8vYXNzZXNtZW50LmF5ZWRhY2FkZW15LmNvIjt9czo2OiJfZmxhc2giO2E6Mjp7czozOiJvbGQiO2E6MDp7fXM6MzoibmV3IjthOjA6e319fQ==', 1752404311),
('6InWMi8WMt1JDOX9tisN4pZV999CS1xz3N8U9zgu', NULL, '185.177.72.34', 'Mozilla/5.0', 'YTozOntzOjY6Il90b2tlbiI7czo0MDoiVUtObTZ1RHk4NGN1d3k5QVplOG12bkNEQk9zUzhhZll4OVlQd252MSI7czo5OiJfcHJldmlvdXMiO2E6MTp7czozOiJ1cmwiO3M6MzI6Imh0dHBzOi8vYXNzZXNtZW50LmF5ZWRhY2FkZW15LmNvIjt9czo2OiJfZmxhc2giO2E6Mjp7czozOiJvbGQiO2E6MDp7fXM6MzoibmV3IjthOjA6e319fQ==', 1752419453),
('76w0Z6UL6TBeA6g779s1Avb3UDtDytNG9Px2cUbo', NULL, '185.162.75.47', 'Mozilla/5.0 (Linux; U; Android 4.4.2; en-US; HM NOTE 1W Build/KOT49H) AppleWebKit/534.30 (KHTML, like Gecko) Version/4.0 UCBrowser/11.0.5.850 U3/0.8.0 Mobile Safari/534.30', 'YToyOntzOjY6Il90b2tlbiI7czo0MDoidUNMZjU5M1lSa1FFZlltZVRWdXdPSzFJb255ek5CUDFWME1TcFZJSSI7czo2OiJfZmxhc2giO2E6Mjp7czozOiJvbGQiO2E6MDp7fXM6MzoibmV3IjthOjA6e319fQ==', 1752538413),
('8Ai0Az7H1hr3CWBsb1hmfNwEhbPG36Qw5gLuxeQR', NULL, '20.171.207.200', 'Mozilla/5.0 AppleWebKit/537.36 (KHTML, like Gecko; compatible; GPTBot/1.2; +https://openai.com/gptbot)', 'YTozOntzOjY6Il90b2tlbiI7czo0MDoiVWowRWIyVkM4WHZkcWUwNWdGVnU4dTltQjFnaGtIMWpLVWNtanNRbCI7czo5OiJfcHJldmlvdXMiO2E6MTp7czozOiJ1cmwiO3M6MzI6Imh0dHBzOi8vYXNzZXNtZW50LmF5ZWRhY2FkZW15LmNvIjt9czo2OiJfZmxhc2giO2E6Mjp7czozOiJvbGQiO2E6MDp7fXM6MzoibmV3IjthOjA6e319fQ==', 1752249248),
('aL7lqL86JgYPagwrqZJkDrUTLiomzdUCf1Nc7uj3', NULL, '34.105.219.249', 'Mozilla/5.0 (Windows NT 10.0; Win64; x64) AppleWebKit/537.36 (KHTML, like Gecko) Chrome/136.0.0.0 Safari/537.36', 'YTozOntzOjY6Il90b2tlbiI7czo0MDoieVIwNjZXUWk5WWVlRVhZS01aazN2eGx1eHJJRTQ3dzNPRDJLNUtHWiI7czo5OiJfcHJldmlvdXMiO2E6MTp7czozOiJ1cmwiO3M6MzE6Imh0dHA6Ly9hc3Nlc21lbnQuYXllZGFjYWRlbXkuY28iO31zOjY6Il9mbGFzaCI7YToyOntzOjM6Im9sZCI7YTowOnt9czozOiJuZXciO2E6MDp7fX19', 1752643148),
('CdHIFLjGTreLKBTRRTtrHbABsn1CygbeY6PXCact', NULL, '35.205.159.124', 'Mozilla/5.0 (Windows NT 10.0; Win64; x64) AppleWebKit/537.36 (KHTML, like Gecko) Chrome/102.0.5005.197 Safari/537.36', 'YTozOntzOjY6Il90b2tlbiI7czo0MDoieFZMcGNYMmo0RmhhYk5ndXU2a3RpY204NTRBSFRyQ1NBWTZ0VU1lQiI7czo5OiJfcHJldmlvdXMiO2E6MTp7czozOiJ1cmwiO3M6MzE6Imh0dHA6Ly9hc3Nlc21lbnQuYXllZGFjYWRlbXkuY28iO31zOjY6Il9mbGFzaCI7YToyOntzOjM6Im9sZCI7YTowOnt9czozOiJuZXciO2E6MDp7fX19', 1752396284),
('DNzQffQiUx1X2WO30IrpKHsg2ieUIlntNQPKPwRe', NULL, '156.197.37.61', 'Mozilla/5.0 (Windows NT 10.0; Win64; x64) AppleWebKit/537.36 (KHTML, like Gecko) Chrome/138.0.0.0 Safari/537.36', 'YTozOntzOjY6Il90b2tlbiI7czo0MDoiVkJHSG5NOHVQenVuMXFhWEJsNXJFa3dWbDVMbUM1MEhrM0xBWDJRSyI7czo5OiJfcHJldmlvdXMiO2E6MTp7czozOiJ1cmwiO3M6MzI6Imh0dHBzOi8vYXNzZXNtZW50LmF5ZWRhY2FkZW15LmNvIjt9czo2OiJfZmxhc2giO2E6Mjp7czozOiJvbGQiO2E6MDp7fXM6MzoibmV3IjthOjA6e319fQ==', 1752474698),
('e6wdV9E61MVHkfQJN9WY982JOMcOfsbCpTUAPjMC', NULL, '156.197.79.191', 'Mozilla/5.0 (Windows NT 10.0; Win64; x64) AppleWebKit/537.36 (KHTML, like Gecko) Chrome/138.0.0.0 Safari/537.36', 'YTozOntzOjY6Il90b2tlbiI7czo0MDoieGE3aEZmSVQyTFpDREp3eVAyY0xiQkg4T3hITzRZdjU1amZmVW9uTCI7czo5OiJfcHJldmlvdXMiO2E6MTp7czozOiJ1cmwiO3M6MzI6Imh0dHBzOi8vYXNzZXNtZW50LmF5ZWRhY2FkZW15LmNvIjt9czo2OiJfZmxhc2giO2E6Mjp7czozOiJvbGQiO2E6MDp7fXM6MzoibmV3IjthOjA6e319fQ==', 1752676600),
('fMZ04hYkmEnGjOuG5HdTlfbZ6WVvptqYJUqf4FXR', NULL, '3.22.104.232', 'Mozilla/5.0 zgrab/0.x', 'YTozOntzOjY6Il90b2tlbiI7czo0MDoiSWl1UWRac1piY092TXpEVUdITWN0S0daUFJ0Z2k2eVlkN0l6MXVpRSI7czo5OiJfcHJldmlvdXMiO2E6MTp7czozOiJ1cmwiO3M6MzE6Imh0dHA6Ly9hc3Nlc21lbnQuYXllZGFjYWRlbXkuY28iO31zOjY6Il9mbGFzaCI7YToyOntzOjM6Im9sZCI7YTowOnt9czozOiJuZXciO2E6MDp7fX19', 1752404312),
('Ggo90XDWKAlVtV1J0nbtE94qzhfZhsU1G9LnqyUh', NULL, '156.197.34.90', 'Mozilla/5.0 (Macintosh; Intel Mac OS X 10_11_1) AppleWebKit/601.2.4 (KHTML, like Gecko) Version/9.0.1 Safari/601.2.4 facebookexternalhit/1.1 Facebot Twitterbot/1.0', 'YTo0OntzOjY6Il90b2tlbiI7czo0MDoiNmR5SVJ0ZGZlMk9wVzluYUJib29mZjN4elpkUDVWT3hkS1RzUVZJZSI7czozOiJ1cmwiO2E6MTp7czo4OiJpbnRlbmRlZCI7czo1MjoiaHR0cHM6Ly9hc3Nlc21lbnQuYXllZGFjYWRlbXkuY28vZW1wbG95ZWUvZXZhbHVhdGlvbiI7fXM6OToiX3ByZXZpb3VzIjthOjE6e3M6MzoidXJsIjtzOjMyOiJodHRwczovL2Fzc2VzbWVudC5heWVkYWNhZGVteS5jbyI7fXM6NjoiX2ZsYXNoIjthOjI6e3M6Mzoib2xkIjthOjA6e31zOjM6Im5ldyI7YTowOnt9fX0=', 1752305111),
('gSVXjbhqdzXhbgCZgT1vrmdMwMhVrxfXx2sBHiML', NULL, '159.223.94.170', 'Mozilla/5.0', 'YTozOntzOjY6Il90b2tlbiI7czo0MDoicVppcjFCdTJrNEVmMTlGajNnalBWc2pDZWpvWG1Eb3B6YWJSVU9yYiI7czo5OiJfcHJldmlvdXMiO2E6MTp7czozOiJ1cmwiO3M6MzE6Imh0dHA6Ly9hc3Nlc21lbnQuYXllZGFjYWRlbXkuY28iO31zOjY6Il9mbGFzaCI7YToyOntzOjM6Im9sZCI7YTowOnt9czozOiJuZXciO2E6MDp7fX19', 1752471814),
('gu1PQ2uT2NqJTWpcE88U1S12bjxigTIxbDmEMYXr', NULL, '185.162.75.47', 'python-requests/2.32.3', 'YToyOntzOjY6Il90b2tlbiI7czo0MDoiZTIwVWhUS1d1UUpTYWEzZkY5T24wSWV6dFlsTzJFdGtpTjJiTFhEeCI7czo2OiJfZmxhc2giO2E6Mjp7czozOiJvbGQiO2E6MDp7fXM6MzoibmV3IjthOjA6e319fQ==', 1752538414),
('I9hLbihpYGXhpozGAPswpph5RY8LmMN8iy0hmWi1', NULL, '185.162.75.47', 'python-requests/2.32.3', 'YToyOntzOjY6Il90b2tlbiI7czo0MDoiYUhoc0h5NG5xTkttR3Jtak1uNjdnZ3lkaHVhcWdDSkJzcjJlNnF6NiI7czo2OiJfZmxhc2giO2E6Mjp7czozOiJvbGQiO2E6MDp7fXM6MzoibmV3IjthOjA6e319fQ==', 1752538416),
('ih9vIGaM9dUCflWwQcTaasQINnJEhwejQxJIFrS7', NULL, '3.17.255.71', 'Mozilla/5.0 zgrab/0.x', 'YTozOntzOjY6Il90b2tlbiI7czo0MDoiQ3dJdlFNa2N5Z0Q0T0Y4dXpuY2pxVXVmM2N1aW5IcHBSNDVZQVc3eSI7czo5OiJfcHJldmlvdXMiO2E6MTp7czozOiJ1cmwiO3M6MzI6Imh0dHBzOi8vYXNzZXNtZW50LmF5ZWRhY2FkZW15LmNvIjt9czo2OiJfZmxhc2giO2E6Mjp7czozOiJvbGQiO2E6MDp7fXM6MzoibmV3IjthOjA6e319fQ==', 1752406215),
('IjVVcEtry7WDuKX3zoe6iIULscrXN7lDoXgrC88a', NULL, '20.171.207.77', 'Mozilla/5.0 AppleWebKit/537.36 (KHTML, like Gecko; compatible; GPTBot/1.2; +https://openai.com/gptbot)', 'YTozOntzOjY6Il90b2tlbiI7czo0MDoianVCR3BPc2xENThpVTl5eDF5SVRzYmhmclhKaWlDSzJwb3g5SGxuYSI7czo5OiJfcHJldmlvdXMiO2E6MTp7czozOiJ1cmwiO3M6MzI6Imh0dHBzOi8vYXNzZXNtZW50LmF5ZWRhY2FkZW15LmNvIjt9czo2OiJfZmxhc2giO2E6Mjp7czozOiJvbGQiO2E6MDp7fXM6MzoibmV3IjthOjA6e319fQ==', 1752650765),
('J2nSApM2ibJFBSXjcHP6EMAp8H2sqpqW4YH3rwCq', NULL, '156.197.89.43', 'Mozilla/5.0 (Macintosh; Intel Mac OS X 10_11_1) AppleWebKit/601.2.4 (KHTML, like Gecko) Version/9.0.1 Safari/601.2.4 facebookexternalhit/1.1 Facebot Twitterbot/1.0', 'YTozOntzOjY6Il90b2tlbiI7czo0MDoiM0kyYXBQQ2FvQ2R5c0JhZkNjaXlqaldkejUxV1JvZHdpelcwS3lxTSI7czo5OiJfcHJldmlvdXMiO2E6MTp7czozOiJ1cmwiO3M6ODI6Imh0dHBzOi8vYXNzZXNtZW50LmF5ZWRhY2FkZW15LmNvL3Jlc2V0LXBhc3N3b3JkP2VtYWlsPW5vcmFtZWthd3lheWVkMjQlNDBnbWFpbC5jb20iO31zOjY6Il9mbGFzaCI7YToyOntzOjM6Im9sZCI7YTowOnt9czozOiJuZXciO2E6MDp7fX19', 1752530788),
('j7ciuxUryTI26h09nqggAAZwoOvIKG8fKasEUZny', NULL, '196.251.88.64', 'Mozilla/5.0 (Windows NT 10.0; WOW64) AppleWebKit/537.36 (KHTML, like Gecko) Chrome/75.0.3770.80 Safari/537.36', 'YTozOntzOjY6Il90b2tlbiI7czo0MDoiUHZWS3N3VTNEQ1VWMWVaWUhiVDZGMU9vRUtwYmp4R20wRUtBcmtndyI7czo5OiJfcHJldmlvdXMiO2E6MTp7czozOiJ1cmwiO3M6MzI6Imh0dHBzOi8vYXNzZXNtZW50LmF5ZWRhY2FkZW15LmNvIjt9czo2OiJfZmxhc2giO2E6Mjp7czozOiJvbGQiO2E6MDp7fXM6MzoibmV3IjthOjA6e319fQ==', 1752318834),
('jCW3qtqKj9pb4bamX9a2mFUBVYx5A6dFKFuJZfDI', NULL, '156.197.54.156', 'Mozilla/5.0 (Windows NT 10.0; Win64; x64; rv:140.0) Gecko/20100101 Firefox/140.0', 'YTozOntzOjY6Il90b2tlbiI7czo0MDoiVnJvVm5GMHJlamE5bVd1N3dVZGQ3UUtiRWlDWnRlUXdEbTY2Y1lpNSI7czo5OiJfcHJldmlvdXMiO2E6MTp7czozOiJ1cmwiO3M6MzI6Imh0dHBzOi8vYXNzZXNtZW50LmF5ZWRhY2FkZW15LmNvIjt9czo2OiJfZmxhc2giO2E6Mjp7czozOiJvbGQiO2E6MDp7fXM6MzoibmV3IjthOjA6e319fQ==', 1752483685),
('KCtv6Rvc6cyxKuB1vYlCwyL8ulkaz570aIOFI8ir', NULL, '156.197.89.43', 'Mozilla/5.0 (Macintosh; Intel Mac OS X 10_11_1) AppleWebKit/601.2.4 (KHTML, like Gecko) Version/9.0.1 Safari/601.2.4 facebookexternalhit/1.1 Facebot Twitterbot/1.0', 'YTo0OntzOjY6Il90b2tlbiI7czo0MDoiMXlwZlQ3aFhJOU42VENVVFVwNm44Sm9kN0hrWVJ5MzdaOWszTVg2MCI7czozOiJ1cmwiO2E6MTp7czo4OiJpbnRlbmRlZCI7czo1MjoiaHR0cHM6Ly9hc3Nlc21lbnQuYXllZGFjYWRlbXkuY28vZW1wbG95ZWUvZXZhbHVhdGlvbiI7fXM6OToiX3ByZXZpb3VzIjthOjE6e3M6MzoidXJsIjtzOjMyOiJodHRwczovL2Fzc2VzbWVudC5heWVkYWNhZGVteS5jbyI7fXM6NjoiX2ZsYXNoIjthOjI6e3M6Mzoib2xkIjthOjA6e31zOjM6Im5ldyI7YTowOnt9fX0=', 1752530788),
('KLbur5glq3yUmYvbUNtwijrczWXj8Eytve0ugwZ5', NULL, '205.169.39.12', 'Mozilla/5.0 (Windows NT 10.0) AppleWebKit/537.36 (KHTML, like Gecko) Chrome/106.0.0.0 Safari/537.36', 'YTozOntzOjY6Il90b2tlbiI7czo0MDoiZXh4NmltYjlhRlk4M0FBcHJOekZJemJ4TVFTY3I2NGRmNzlFQ2p6NCI7czo5OiJfcHJldmlvdXMiO2E6MTp7czozOiJ1cmwiO3M6MzE6Imh0dHA6Ly9hc3Nlc21lbnQuYXllZGFjYWRlbXkuY28iO31zOjY6Il9mbGFzaCI7YToyOntzOjM6Im9sZCI7YTowOnt9czozOiJuZXciO2E6MDp7fX19', 1752643595),
('KlsG4mNuvdomhghWKJ3ajJw1cQFQY9HiHY386tGv', NULL, '66.249.93.196', 'Mozilla/5.0 (Linux; Android 10; K) AppleWebKit/537.36 (KHTML, like Gecko) Chrome/138.0.0.0 Mobile Safari/537.36 (compatible; Google-Read-Aloud; +https://support.google.com/webmasters/answer/1061943)', 'YTozOntzOjY6Il90b2tlbiI7czo0MDoiV0pEODFVNWZGQlNpUkxWWHRPQmM3R1JmaWg0RTNpd0x1TTlHV0FLOSI7czo5OiJfcHJldmlvdXMiO2E6MTp7czozOiJ1cmwiO3M6MzI6Imh0dHBzOi8vYXNzZXNtZW50LmF5ZWRhY2FkZW15LmNvIjt9czo2OiJfZmxhc2giO2E6Mjp7czozOiJvbGQiO2E6MDp7fXM6MzoibmV3IjthOjA6e319fQ==', 1752245910),
('MBCBLSnzH02XKzNZvtMBHlGbVfxGfyZyHWs0G5e1', NULL, '185.162.75.47', 'python-requests/2.32.3', 'YTozOntzOjY6Il90b2tlbiI7czo0MDoiN3JLd0hrMWVTeVdQcmFlUDl0U1hnMG1FeGFkTkFnZW8zMDUxbGVyVyI7czo5OiJfcHJldmlvdXMiO2E6MTp7czozOiJ1cmwiO3M6NTk6Imh0dHA6Ly9hc3Nlc21lbnQuYXllZGFjYWRlbXkuY28vPyUzQ3BsYXklM0V3aXRobWUlM0MlMkYlM0U9Ijt9czo2OiJfZmxhc2giO2E6Mjp7czozOiJvbGQiO2E6MDp7fXM6MzoibmV3IjthOjA6e319fQ==', 1752538415),
('MbD9ilgNQXevQm6oiCmYjnlvkW3GeM3ZdyQjV1EK', NULL, '34.79.154.21', 'Mozilla/5.0 (Windows NT 10.0; Win64; x64) AppleWebKit/537.36 (KHTML, like Gecko) Chrome/102.0.5005.197 Safari/537.36', 'YTozOntzOjY6Il90b2tlbiI7czo0MDoiYWh1VnU0NlVwRGVZSUVxallhcmhDUlc5bzdiVkVaWFdhZmNEc3NINyI7czo5OiJfcHJldmlvdXMiO2E6MTp7czozOiJ1cmwiO3M6MzE6Imh0dHA6Ly9hc3Nlc21lbnQuYXllZGFjYWRlbXkuY28iO31zOjY6Il9mbGFzaCI7YToyOntzOjM6Im9sZCI7YTowOnt9czozOiJuZXciO2E6MDp7fX19', 1752396284),
('ogEm56pdwxpJaXZTSbNm3t8a877I7dtOce4syuHM', NULL, '34.79.154.21', 'Mozilla/5.0 (Windows NT 10.0; Win64; x64) AppleWebKit/537.36 (KHTML, like Gecko) Chrome/102.0.5005.197 Safari/537.36', 'YTozOntzOjY6Il90b2tlbiI7czo0MDoicmlTeHp2aWxtUWt4cWc4blA4ZFgyU1F4N0JJVlBUZkEyVzhCaDk4eiI7czo5OiJfcHJldmlvdXMiO2E6MTp7czozOiJ1cmwiO3M6MzE6Imh0dHA6Ly9hc3Nlc21lbnQuYXllZGFjYWRlbXkuY28iO31zOjY6Il9mbGFzaCI7YToyOntzOjM6Im9sZCI7YTowOnt9czozOiJuZXciO2E6MDp7fX19', 1752396284),
('oIEXLgVEllygiNPdKp8KjZmrPbihESwljYM6BmPM', 45, '197.32.6.12', 'Mozilla/5.0 (Linux; Android 10; K) AppleWebKit/537.36 (KHTML, like Gecko) Chrome/138.0.0.0 Mobile Safari/537.36', 'YTo0OntzOjY6Il90b2tlbiI7czo0MDoiVEtGNlBSRGhDWXhKUDY5SDVOdWR5OEF2N1d5M2lHSURKMVh1UGdnSyI7czo5OiJfcHJldmlvdXMiO2E6MTp7czozOiJ1cmwiO3M6Njg6Imh0dHBzOi8vYXNzZXNtZW50LmF5ZWRhY2FkZW15LmNvL2VtcGxveWVlL2V2YWx1YXRpb24vZGV0YWlscy8yMDI1LTA2Ijt9czo2OiJfZmxhc2giO2E6Mjp7czozOiJvbGQiO2E6MDp7fXM6MzoibmV3IjthOjA6e319czo1MDoibG9naW5fd2ViXzU5YmEzNmFkZGMyYjJmOTQwMTU4MGYwMTRjN2Y1OGVhNGUzMDk4OWQiO2k6NDU7fQ==', 1752246070),
('PukAlOFYd6nsIKIRDFc0Sej72lFKh8h3OiAf2LEm', NULL, '167.94.138.191', 'Mozilla/5.0 (compatible; CensysInspect/1.1; +https://about.censys.io/)', 'YTozOntzOjY6Il90b2tlbiI7czo0MDoiOE5OdjlkcjRQbFh0VUd3Zk9aOWRiOVBGS05Mdno5TjA5T2Uya2pHSyI7czo5OiJfcHJldmlvdXMiO2E6MTp7czozOiJ1cmwiO3M6MzI6Imh0dHBzOi8vYXNzZXNtZW50LmF5ZWRhY2FkZW15LmNvIjt9czo2OiJfZmxhc2giO2E6Mjp7czozOiJvbGQiO2E6MDp7fXM6MzoibmV3IjthOjA6e319fQ==', 1752614430),
('QLqJHOu1fjdhTCogzQ43qIBlCrDXQOFimVpgo9r3', NULL, '156.197.79.191', 'Mozilla/5.0 (Windows NT 10.0; Win64; x64) AppleWebKit/537.36 (KHTML, like Gecko) Chrome/138.0.0.0 Safari/537.36', 'YTozOntzOjY6Il90b2tlbiI7czo0MDoiSjVVY1NKbFcyWlBXaER3dXRmQzcxbFZpQTZZRTVuUWRrZXBtcjV5RiI7czo5OiJfcHJldmlvdXMiO2E6MTp7czozOiJ1cmwiO3M6MzI6Imh0dHBzOi8vYXNzZXNtZW50LmF5ZWRhY2FkZW15LmNvIjt9czo2OiJfZmxhc2giO2E6Mjp7czozOiJvbGQiO2E6MDp7fXM6MzoibmV3IjthOjA6e319fQ==', 1752728990),
('QYpRKJ3Z4vFgz9jJaPmbp3BfmC1PkAylYuL34PqR', 76, '156.197.40.86', 'Mozilla/5.0 (Windows NT 10.0; Win64; x64) AppleWebKit/537.36 (KHTML, like Gecko) Chrome/138.0.0.0 Safari/537.36', 'YTo1OntzOjY6Il90b2tlbiI7czo0MDoiOTBaRTBCSUs4ekNJZ2VlQ2JVUHkzWkRndVVpUEEwckNoN1hpcWRnYSI7czozOiJ1cmwiO2E6MDp7fXM6OToiX3ByZXZpb3VzIjthOjE6e3M6MzoidXJsIjtzOjc2OiJodHRwczovL2Fzc2VzbWVudC5heWVkYWNhZGVteS5jby9kZXBhcnRtZW50X21hbmFnZXIvZXZhbHVhdGlvbj9tb250aD0yMDI1LTA2Ijt9czo2OiJfZmxhc2giO2E6Mjp7czozOiJvbGQiO2E6MDp7fXM6MzoibmV3IjthOjA6e319czo1MDoibG9naW5fd2ViXzU5YmEzNmFkZGMyYjJmOTQwMTU4MGYwMTRjN2Y1OGVhNGUzMDk4OWQiO2k6NzY7fQ==', 1752414791),
('r7eLpInrDj1GaEKhKjlCRcyGmq52vlCNGb3AkEFN', NULL, '66.249.93.196', 'Mozilla/5.0 (Linux; Android 10; K) AppleWebKit/537.36 (KHTML, like Gecko) Chrome/138.0.0.0 Mobile Safari/537.36 (compatible; Google-Read-Aloud; +https://support.google.com/webmasters/answer/1061943)', 'YTozOntzOjY6Il90b2tlbiI7czo0MDoiNENUSmFZeTVxakFyWGdDQkl4cFBYbVlDUlZJOVFUUm1WN0FnMU5YMCI7czo5OiJfcHJldmlvdXMiO2E6MTp7czozOiJ1cmwiO3M6MzI6Imh0dHBzOi8vYXNzZXNtZW50LmF5ZWRhY2FkZW15LmNvIjt9czo2OiJfZmxhc2giO2E6Mjp7czozOiJvbGQiO2E6MDp7fXM6MzoibmV3IjthOjA6e319fQ==', 1752245910),
('RZvnwtRaAZyfbB5RYUEYc4p87mp9fyK3aq8fvKEQ', NULL, '206.168.34.199', 'Mozilla/5.0 (compatible; CensysInspect/1.1; +https://about.censys.io/)', 'YTozOntzOjY6Il90b2tlbiI7czo0MDoiNlVhU1VmcExUejVPZXA2NVdETjlmajR0Z1c3Rk4ycWs2MTJ1ZFMyOSI7czo5OiJfcHJldmlvdXMiO2E6MTp7czozOiJ1cmwiO3M6MzE6Imh0dHA6Ly9hc3Nlc21lbnQuYXllZGFjYWRlbXkuY28iO31zOjY6Il9mbGFzaCI7YToyOntzOjM6Im9sZCI7YTowOnt9czozOiJuZXciO2E6MDp7fX19', 1752705804),
('sAWFHmcRfKP8m3VNzuhMp5BnxWGiYGxXCkzrTz2O', NULL, '34.79.154.21', 'Mozilla/5.0 (Windows NT 10.0; Win64; x64) AppleWebKit/537.36 (KHTML, like Gecko) Chrome/136.0.0.0 Safari/537.36', 'YTozOntzOjY6Il90b2tlbiI7czo0MDoiWld0Z2lqSjZ3NDczaFBiTWFJUEJYaFFHVWlSMW9veVR3VzEzVHNpZyI7czo5OiJfcHJldmlvdXMiO2E6MTp7czozOiJ1cmwiO3M6MzE6Imh0dHA6Ly9hc3Nlc21lbnQuYXllZGFjYWRlbXkuY28iO31zOjY6Il9mbGFzaCI7YToyOntzOjM6Im9sZCI7YTowOnt9czozOiJuZXciO2E6MDp7fX19', 1752642294),
('SLaEp85Z9BApUViSPheMu35ptMaCy346I96D4Ok3', 25, '156.197.79.191', 'Mozilla/5.0 (Windows NT 10.0; Win64; x64) AppleWebKit/537.36 (KHTML, like Gecko) Chrome/137.0.0.0 Safari/537.36', 'YTo0OntzOjY6Il90b2tlbiI7czo0MDoiWlBNTGRpWTFJWmhNUG1rRmh6S0ZXVjJ1Z0RRQjRtTmRqNXV4Z3BJayI7czo5OiJfcHJldmlvdXMiO2E6MTp7czozOiJ1cmwiO3M6NzY6Imh0dHBzOi8vYXNzZXNtZW50LmF5ZWRhY2FkZW15LmNvL2RlcGFydG1lbnRfbWFuYWdlci9ldmFsdWF0aW9uP21vbnRoPTIwMjUtMDYiO31zOjY6Il9mbGFzaCI7YToyOntzOjM6Im9sZCI7YTowOnt9czozOiJuZXciO2E6MDp7fX1zOjUwOiJsb2dpbl93ZWJfNTliYTM2YWRkYzJiMmY5NDAxNTgwZjAxNGM3ZjU4ZWE0ZTMwOTg5ZCI7aToyNTt9', 1752757694),
('Tdva8iaaBH9Wg4O3lsXymG1iHzYpD9g9I8Ihp7Rw', NULL, '156.197.124.60', 'Mozilla/5.0 (Windows NT 10.0; Win64; x64) AppleWebKit/537.36 (KHTML, like Gecko) Chrome/138.0.0.0 Safari/537.36', 'YTozOntzOjY6Il90b2tlbiI7czo0MDoic01OWG9MY3JDZ25TYXI3eEZnQ1dURnBseVdmZmhIa0N6UkRYaTJwMiI7czo5OiJfcHJldmlvdXMiO2E6MTp7czozOiJ1cmwiO3M6MzI6Imh0dHBzOi8vYXNzZXNtZW50LmF5ZWRhY2FkZW15LmNvIjt9czo2OiJfZmxhc2giO2E6Mjp7czozOiJvbGQiO2E6MDp7fXM6MzoibmV3IjthOjA6e319fQ==', 1752589678),
('UOEHTtKBrhCvV4HNjDZ8bJOSDTNKJCQNiA57nUb5', NULL, '156.197.79.191', 'Mozilla/5.0 (Windows NT 10.0; Win64; x64) AppleWebKit/537.36 (KHTML, like Gecko) Chrome/138.0.0.0 Safari/537.36', 'YTozOntzOjY6Il90b2tlbiI7czo0MDoiOGlmZ2ZUT09xRjlhOHp0ZlFxRkE1aWFuVkNaMjhaVFAxV0RVMjIybiI7czo5OiJfcHJldmlvdXMiO2E6MTp7czozOiJ1cmwiO3M6MzI6Imh0dHBzOi8vYXNzZXNtZW50LmF5ZWRhY2FkZW15LmNvIjt9czo2OiJfZmxhc2giO2E6Mjp7czozOiJvbGQiO2E6MDp7fXM6MzoibmV3IjthOjA6e319fQ==', 1752757684),
('vEfWaI2a9tlyR8o6x0RStKb5QBqPTlxf7gVZPajS', NULL, '156.197.37.61', 'Mozilla/5.0 (Windows NT 10.0; Win64; x64) AppleWebKit/537.36 (KHTML, like Gecko) Chrome/138.0.0.0 Safari/537.36', 'YTozOntzOjY6Il90b2tlbiI7czo0MDoiQlBGRXp0RGkxbERneFVVdUJpQzRYb2JLMmozek5lcWNuTjdRNlhRciI7czo5OiJfcHJldmlvdXMiO2E6MTp7czozOiJ1cmwiO3M6MzI6Imh0dHBzOi8vYXNzZXNtZW50LmF5ZWRhY2FkZW15LmNvIjt9czo2OiJfZmxhc2giO2E6Mjp7czozOiJvbGQiO2E6MDp7fXM6MzoibmV3IjthOjA6e319fQ==', 1752297119),
('VuKg0EDmxskKcnYPegYWHtY0oTYGGfn04sldK9LQ', NULL, '35.205.159.124', 'Mozilla/5.0 (Windows NT 10.0; Win64; x64) AppleWebKit/537.36 (KHTML, like Gecko) Chrome/136.0.0.0 Safari/537.36', 'YTozOntzOjY6Il90b2tlbiI7czo0MDoiWjVrSTh0eFJqRTM5REJpcWtwbll6VGNXZDZKNTlmMllKV2M2R2plMyI7czo5OiJfcHJldmlvdXMiO2E6MTp7czozOiJ1cmwiO3M6MzE6Imh0dHA6Ly9hc3Nlc21lbnQuYXllZGFjYWRlbXkuY28iO31zOjY6Il9mbGFzaCI7YToyOntzOjM6Im9sZCI7YTowOnt9czozOiJuZXciO2E6MDp7fX19', 1752642294),
('vyYmWgUxbjvww0f0TtVd2PuQrs1oC6j304sp4x6K', NULL, '34.34.88.117', 'Mozilla/5.0 (Macintosh; Intel Mac OS X 10_15_7) AppleWebKit/605.1.15 (KHTML, like Gecko) Version/17.1.4 Mobile/15E148 Safari/604.1', 'YTozOntzOjY6Il90b2tlbiI7czo0MDoiUXNjYVZPOFBNYkc0azY0cTZna1FIQ0tYc01WT2JOeXRkNGl0VEhJYyI7czo5OiJfcHJldmlvdXMiO2E6MTp7czozOiJ1cmwiO3M6MzI6Imh0dHBzOi8vYXNzZXNtZW50LmF5ZWRhY2FkZW15LmNvIjt9czo2OiJfZmxhc2giO2E6Mjp7czozOiJvbGQiO2E6MDp7fXM6MzoibmV3IjthOjA6e319fQ==', 1752472686),
('W313owE4pDbN1HK856GdTFwQY65VfJU7xECmLjnC', NULL, '66.249.93.197', 'Mozilla/5.0 (Linux; Android 10; K) AppleWebKit/537.36 (KHTML, like Gecko) Chrome/138.0.0.0 Mobile Safari/537.36 (compatible; Google-Read-Aloud; +https://support.google.com/webmasters/answer/1061943)', 'YTo0OntzOjY6Il90b2tlbiI7czo0MDoiU3hVOUYwdGtvZ213cE91eTA4aVVRNVMxT09lUDJvQU1TNlI5MFRYWiI7czozOiJ1cmwiO2E6MTp7czo4OiJpbnRlbmRlZCI7czo1MjoiaHR0cHM6Ly9hc3Nlc21lbnQuYXllZGFjYWRlbXkuY28vZW1wbG95ZWUvZXZhbHVhdGlvbiI7fXM6OToiX3ByZXZpb3VzIjthOjE6e3M6MzoidXJsIjtzOjUyOiJodHRwczovL2Fzc2VzbWVudC5heWVkYWNhZGVteS5jby9lbXBsb3llZS9ldmFsdWF0aW9uIjt9czo2OiJfZmxhc2giO2E6Mjp7czozOiJvbGQiO2E6MDp7fXM6MzoibmV3IjthOjA6e319fQ==', 1752245917),
('yeim9Z5lao6cSUO6eiXDPx8oJA0Xu9duxgRoKVCc', NULL, '196.251.88.64', 'Mozilla/5.0 (Windows NT 10.0; WOW64) AppleWebKit/537.36 (KHTML, like Gecko) Chrome/76.0.3809.100 Safari/537.36 OPR/63.0.3368.35', 'YTozOntzOjY6Il90b2tlbiI7czo0MDoiZHNqdGF0V0FSeDh2bTd2bWhtU2UxM1EwZzB5dlZtZDVXZGtBUEg5RyI7czo5OiJfcHJldmlvdXMiO2E6MTp7czozOiJ1cmwiO3M6MzI6Imh0dHBzOi8vYXNzZXNtZW50LmF5ZWRhY2FkZW15LmNvIjt9czo2OiJfZmxhc2giO2E6Mjp7czozOiJvbGQiO2E6MDp7fXM6MzoibmV3IjthOjA6e319fQ==', 1752292144),
('ZBq6iXwuNLPUZ31GYxvREj0qlaULaOX4KEhqDENB', NULL, '20.171.207.47', 'Mozilla/5.0 AppleWebKit/537.36 (KHTML, like Gecko; compatible; GPTBot/1.2; +https://openai.com/gptbot)', 'YTozOntzOjY6Il90b2tlbiI7czo0MDoiVlp2UnhjcTBhaGlleGxlcmhlMjVUT3ppZk5Dclo1VWFUSnh1QUxlQSI7czo5OiJfcHJldmlvdXMiO2E6MTp7czozOiJ1cmwiO3M6MzI6Imh0dHBzOi8vYXNzZXNtZW50LmF5ZWRhY2FkZW15LmNvIjt9czo2OiJfZmxhc2giO2E6Mjp7czozOiJvbGQiO2E6MDp7fXM6MzoibmV3IjthOjA6e319fQ==', 1752429521),
('Zqy8wiDpXJ2nvatZMkBQJGF6Mz73UFpcvMwVlfzj', NULL, '66.249.93.197', 'Mozilla/5.0 (Linux; Android 10; K) AppleWebKit/537.36 (KHTML, like Gecko) Chrome/138.0.0.0 Mobile Safari/537.36 (compatible; Google-Read-Aloud; +https://support.google.com/webmasters/answer/1061943)', 'YTozOntzOjY6Il90b2tlbiI7czo0MDoiVE1hU0NGdDJFYmJUOHdyZDlqSzdRVG5FalJtVTFaWFRpOHBzVG53USI7czo5OiJfcHJldmlvdXMiO2E6MTp7czozOiJ1cmwiO3M6MzI6Imh0dHBzOi8vYXNzZXNtZW50LmF5ZWRhY2FkZW15LmNvIjt9czo2OiJfZmxhc2giO2E6Mjp7czozOiJvbGQiO2E6MDp7fXM6MzoibmV3IjthOjA6e319fQ==', 1752245910);

-- --------------------------------------------------------

--
-- Table structure for table `standards`
--

CREATE TABLE `standards` (
  `id` bigint(20) UNSIGNED NOT NULL,
  `name` varchar(255) NOT NULL,
  `description` text DEFAULT NULL,
  `type` enum('global','employee') NOT NULL,
  `status` tinyint(1) NOT NULL DEFAULT 1,
  `employee_id` bigint(20) UNSIGNED DEFAULT NULL,
  `created_at` timestamp NULL DEFAULT NULL,
  `updated_at` timestamp NULL DEFAULT NULL
) ENGINE=InnoDB DEFAULT CHARSET=utf8mb4 COLLATE=utf8mb4_unicode_ci;

--
-- Dumping data for table `standards`
--

INSERT INTO `standards` (`id`, `name`, `description`, `type`, `status`, `employee_id`, `created_at`, `updated_at`) VALUES
(1, 'Teamwork', 'Works well with the team.', 'global', 0, NULL, '2025-05-04 07:07:40', '2025-05-25 17:34:21'),
(2, 'Punctuality', 'Shows up on time and meets deadlines.', 'global', 0, NULL, '2025-05-04 07:07:40', '2025-05-25 17:34:26'),
(3, 'Problem Solving', 'Solves work-related problems effectively.', 'global', 0, NULL, '2025-05-04 07:07:40', '2025-05-25 17:34:29'),
(21, 'ุงูุงูุชุฒุงู ุจุณุงุนุงุช ุงูุนูู ูุชุญููู ุงูุฅูุชุงุฌูุฉ', 'ูุณุชุบู ุณุงุนุงุช ุงูุนูู ูุงููุฉ ูุตุงูุญ ุงูุดุฑูุฉ ูุงูุฌุงุฒ ุงูููุงู ูุชุญุณูู ุงูุงุฏุงุก', 'employee', 1, 25, '2025-05-12 18:23:11', '2025-05-12 18:59:57'),
(22, 'ุชูููุฉ ุงูููุงุฑุงุช ูุชุทููุฑ ุงููุฑูู', 'ููุชู ุจุชูููุฉ ููุณู ููููุง ููุฏุฑุจ ุงุนุถุงุก ุงููุฑูู ููุทูุฑ ููุงุฑุงุชูู ููุธูุฑ ุฐูู ูู ุงุฏุงุก ุงููุฑูู :', 'employee', 1, 25, '2025-05-12 18:23:45', '2025-05-12 19:00:08'),
(23, 'ุงููุฑููุฉ ูู ุญู ุงููุดููุงุช ูุฅุฏุงุฑุฉ ุงูุฃุฒูุงุช', 'ูุฏูู ูุฏุฑุฉ ุนูู ุญู ุงููุดููุงุช ุงูููุงุฌุฆุฉ ูุงุฏุงุฑุฉ ุงูุงุฒูุงุช :', 'employee', 1, 25, '2025-05-12 18:24:49', '2025-05-12 19:00:14'),
(24, 'ููุงุกุฉ ุฅุฏุงุฑุฉ ุงูููุฒุงููุฉ ุงูุชุณููููุฉ', 'ูุฏูุฑ ููุฒุงููุฉ ุงูุชุณููู ุจููุงุกุฉ ููุญุตูู ุนูู ุงูุถู ูุชุงุฆุฌ', 'employee', 1, 25, '2025-05-12 18:25:18', '2025-05-12 19:00:21'),
(25, 'ุงูุฅุจุฏุงุน ุงููุฑุฏู ูุงูุฌูุงุนู ูู ุชุทููุฑ ุงูุดุฑูุฉ', 'ูุฏูู ูุฏุฑุฉ ุนูู ุงูุงุจุฏุงุน ููุณุงูู ุงุจุฏุงุน ูุฑููู ูู ุชุทููุฑ ุงูุดุฑูุฉ :', 'employee', 1, 25, '2025-05-12 18:25:33', '2025-05-12 19:00:28'),
(26, 'ุงูุชุนุงูู ูุงููุฑููุฉ ูููุงุฑุงุช ุงูุชูุงุตู', 'ูุชุนุงูู ูุน ุฑุคุณุงุก ุงูุงูุณุงู ุงูุงุฎุฑู ููุฏูู ูุฑููุฉ ูููุงุฑุงุช ุชูุงุตู ูุน ูุฑููู ูุงููุฑู ุงูุงุฎุฑู :', 'employee', 1, 25, '2025-05-12 18:25:45', '2025-05-12 19:00:37'),
(27, 'ุชูููู ุงูุฃุฏุงุก ูุชูุฏูู ุชุบุฐูุฉ ุฑุงุฌุนุฉ ูุนุงูุฉ', 'ุงููุฏุฑุฉ ุนูู ุชูููู ุงููุฑูู ููุชุงุจุฉ ููุญูุธุงุช ุฏูููุฉ ุนู ุงูุงุฏุงุก ูููุงุท ุงูููุฉ ูุงูุถุนู ูุชูุตูุงุช ูุชุญุณูู ุงูุงุฏุงุก:', 'employee', 1, 25, '2025-05-12 18:25:57', '2025-05-12 19:00:45'),
(28, 'ุชุญููู ุจูุงูุงุช ุงูุญููุงุช ุงูุชุณููููุฉ', 'ุชุญููู ุงูุจูุงูุงุช ููุญููุงุช ุงูุชุณููููุฉ ุงููุณุชุฎุฏูุฉ  ูุชุญููู ุงูุฏุงู ุงูุดุฑูุฉ', 'employee', 1, 25, '2025-05-12 18:26:11', '2025-05-12 19:00:53'),
(29, 'ุชูุจู ุงูููุฏ ุงูุจูุงุก ูุงูุชุทูุฑ ุงููููู', 'ูุชูุจู ุงูููุฏ ุงูุจูุงุก ูู ุฑุคุณุงุฆู :', 'employee', 1, 25, '2025-05-12 18:26:23', '2025-05-12 19:01:00'),
(30, 'ูุถุน ูุชูููุฐ ุงูุงุณุชุฑุงุชูุฌูุงุช ุงูุชุณููููุฉ', 'ูุถุน ุงุณุชุฑุงุชูุฌูุงุช ุชุณููููู ูุงูุนูู ุงูุฏุคูุจ ุนู ุชูููุฐูุง ูุงูุชุงูุฏ ูู ุงููุง ุชุคุชู ุซูุงุฑูุง', 'employee', 1, 25, '2025-05-12 18:26:37', '2025-05-12 19:01:07'),
(31, 'ููุงุณ ุงูุฃุฏุงุก ููุชุงุจุฉ ุงูุชูุตูุงุช ุงูุชุญุณูููุฉ', 'ููุงุณ ูุฌุงุญ ุญููุงุช ุงูุชุณููู ูู ุฎูุงู ูุฑุงูุจุฉ ุงูุฃุฏุงุก ููุชุงุจุฉ ุชูุตูุงุช', 'employee', 1, 25, '2025-05-12 18:26:52', '2025-05-12 19:01:17'),
(32, 'ุชุญููู ุงูุจูุงูุงุช ููุชุงุจุฉ ุงูุชูุตูุงุช', 'ูููู ุจูุถุน ุฎุทุฉ ุชุชุนุงูู ูุน ุงูุงุฑูุงู ูุชุญูู ุงูุงุญุตุงุฆูุงุช ูุน ูุชุงุจุฉ ุงูุชูุตูุงุช ูุงูููุชุฑุญุงุช', 'employee', 1, 26, '2025-05-12 18:27:24', '2025-05-12 19:01:48'),
(33, 'ุงูุชุทููุฑ ุงููููู ูุชุฏุฑูุจ ุงููุฑูู', 'ููุชู ุจุชูููุฉ ููุณู ููููุง ููุฏุฑุจ ุงุนุถุงุก ุงููุฑูู ููุทูุฑ ููุงุฑุงุชูู ููุธูุฑ ุฐูู ูู ุงุฏุงุก ุงููุฑูู :', 'employee', 1, 26, '2025-05-12 18:30:29', '2025-05-12 19:01:54'),
(34, 'ูุฑุงุฌุนุฉ ุงููุญุงุฏุซุงุช ูุถูุงู ุงูุฌูุฏุฉ', 'ูุฑุงุฌุนุฉ ุงูุดุงุช ูุงูุชุฃูุฏ ูู ุงูุฌูุฏุฉ ูุฎูููุง ูู ุงูุฃุฎุทุงุก :', 'employee', 1, 26, '2025-05-12 18:30:42', '2025-05-12 19:02:00'),
(35, 'ุชุฏุฑูุจ ุงููุฑูู ุนูู ุงูุญูุงุฑ ูุงูุชุนุงูู ูุน ุงูุนููุงุก', 'ุชุฏุฑูุจ ุงุนุถุงุก ุงููุฑูู ุนูู ุงุฏุงุฑุฉ ุงูุญูุงุฑ  ูุงููุงุน ุงูุนููู ุจุงูุฏูุฑุฉูุงุนุทุงุก ุชุบุฐูุฉ ุฑุงุฌุนู  ูุงูุชุงูุฏ ูู ุนุฏู ุชูุฑุงุฑ ุงูุงุฎุทุงุก:', 'employee', 1, 26, '2025-05-12 18:30:50', '2025-05-12 19:02:06'),
(36, 'ุชูุธูู ุฌุฏุงูู ุงูุนูู ูุงูุชุนุงูู ูุน ุงูุทูุงุฑุฆ', 'ุชุฑุชูุจ ุฌุฏูู ุงูุดูุช ุงูุฎุงุต ุจุงููุฑูู ูุชุนุฏููู ูู ุธุฑูู ุงูุทูุงุฑุฆ :', 'employee', 1, 26, '2025-05-12 18:31:00', '2025-05-12 19:02:13'),
(37, 'ุชูููู ุฃุฏุงุก ุงููุฑูู ูุชูุฏูู ุงูุชูุตูุงุช', 'ุชูููู ุฃุฏุงุก ุงููุฑูู ููุชุงุจุฉ ููุญูุธุงุช ุฏูููุฉ ุนู ุงูุฃุฏุงุก ูููุงุท ุงูููุฉ ูุงูุถุนู ูุน ุชูุฏูู ุชูุตูุงุช ูุชุญุณูู ุงูุฃุฏุงุก.', 'employee', 1, 26, '2025-05-12 18:31:11', '2025-05-12 19:02:20'),
(38, 'ุฅุฏุงุฑุฉ ุงููุญุงุฏุซุงุช ุนุจุฑ Respond IO ุจููุงุกุฉ', 'ุงูุชุนุงูู ูุน ูุธุงู Respond IO ุจููุงุกุฉ ูุชุญููู ุฃูุถู ุงุณุชุฎุฏุงู ูู ุฅุฏุงุฑุฉ ุงููุญุงุฏุซุงุช ูุงูุนููุงุก.', 'employee', 1, 26, '2025-05-12 18:31:23', '2025-05-12 19:02:27'),
(39, 'ุงูุชูุงุตู ุงูุฏุงุฎูู ูุฅุจูุงุบ ุงูุชุญุฏูุซุงุช', 'ุงูุชูุงุตู ูุน ุงูููุธููู ุจููููุฉ ูุฅุจูุงุบูู ุจุงููุณุชุฌุฏุงุช ุงูุฎุงุตุฉ ุจุงูุฏูุฑุงุช ูุซู ุงูุนุฑูุถ ูุงูุฎุตููุงุช.', 'employee', 1, 26, '2025-05-12 18:31:34', '2025-05-12 19:02:34'),
(40, 'ุชูุจู ุงูููุฏ ูุงูุชูุงุนู ุงูุฅูุฌุงุจู', 'ูุชูุจู ุงูููุฏ ุงูุจูุงุก ูู ุฑุคุณุงุฆู :', 'employee', 1, 26, '2025-05-12 18:31:45', '2025-05-12 19:02:41'),
(41, 'ุงูุชุฎุทูุท ุงูุฅุจุฏุงุนู ูุฑูุน ุงูุฅูุชุงุฌูุฉ', 'ุงูุชุฎุทูุท ุงูุฅุจุฏุงุนู ูุงุจุชูุงุฑ ุฃููุงุฑ ุฌุฏูุฏุฉ ุชุณุงูู ูู ุฑูุน ููุงุกุฉ ุงูุฃุฏุงุก ูุฒูุงุฏุฉ ุงูุฅูุชุงุฌูุฉ.', 'employee', 1, 26, '2025-05-12 18:31:58', '2025-05-12 19:02:48'),
(42, 'ุฅุนุฏุงุฏ ุงูุชูุงุฑูุฑ ูุชูุฏูู ุงูุชูุตูุงุช', 'ุชูุฏูู ุชูุงุฑูุฑ  ููุชุธูุฉ ุจุญุฌู ุงููุจูุนุงุช ุงู ูุงูุทูุจ ูู ุงูุงุฏุงุฑุฉ ุงูุชูููุฐูู ูุชูุฏูู ููุชุฑุญุงุช ูุชูุตูุงุช', 'employee', 1, 26, '2025-05-12 18:32:07', '2025-06-30 16:03:18'),
(43, 'ุงูููููุฉ ูุงูุญูุงุฏูุฉ ูู ุงูุชุนุงูู ูุน ุงููุฑูู', 'ุงูุชุนุงูู ุจููููุฉ ูุญูุงุฏูุฉ ูุน ุงุนุถุงุก ุงููุฑูู', 'employee', 1, 27, '2025-05-12 18:32:26', '2025-05-12 19:04:34'),
(44, 'ูุฑุงุฌุนุฉ ูุญุชูู ุงูุฏูุฑุงุช ูุถูุงู ุฌูุฏุชู', 'ูุชุงุจุนุฉ ุงููุญุชูู ุงูุฎุงุต ุจุงูุฏูุฑุงุช ูุงูุชุงูุฏ ูู ุณูุงูุชู ูููุงุฆูุชู', 'employee', 1, 27, '2025-05-12 18:32:34', '2025-05-12 19:04:41'),
(45, 'ุจูุงุก ุนูุงูุงุช ุนูู ุฅูุฌุงุจูุฉ ุจูู ุงูุฃูุณุงู', 'ุงูุงูุฉ ุนูุงูุฉ ุฌูุฏุฉ ุจุฒููุงุฆู ูู ุงููุณู ูุงูุฃูุณุงู ุงูุฃุฎุฑู ุฅุฐุง ุชุทูุจ ุงูุนููุ ูุงูุชุนุงูู ุจุดูู ุฅูุฌุงุจู.', 'employee', 1, 27, '2025-05-12 18:32:46', '2025-05-12 19:04:47'),
(46, 'ุชูุฏูู ุฃููุงุฑ ุฅุจุฏุงุนูุฉ ูุชุญุณูู ุงูุฃุฏุงุก', 'ุชูุฏูู ุฃููุงุฑ ุฌุฏูุฏุฉ ูุฅุจุฏุงุนูุฉ ุชุณุงูู ูู ุฑูุน ููุงุกุฉ ุงูุนูู ูุชุญุณูู ุงูุฃุฏุงุก ุงูุนุงู.', 'employee', 1, 27, '2025-05-12 18:32:58', '2025-05-12 19:04:54'),
(47, 'ููู ุงููุนุฑูุฉ ูุชุฏุฑูุจ ุงูุฒููุงุก ุดูุฑููุง', 'ุชุทููุฑ ุงููุนุฑูุฉ ุงูููููุฉ ูู ุงูุชุฎุตุต ูุชุฏุฑูุจ ุงูุฒููุงุก ุนูู ุฃููุงุฑ ูุงุณุชุฑุงุชูุฌูุงุช ุฌุฏูุฏุฉุจุดูู ุดูุฑู ูุชูุซูู ุฐูู', 'employee', 1, 27, '2025-05-12 18:33:07', '2025-05-12 19:05:01'),
(48, 'ูุชุงุจุนุฉ ุงููุญุงุถุฑุงุช ูุชูููู ุฃุฏุงุก ุงููุฏุฑุจูู', 'ูุชุงุจุนู ุงููุญุงุถุฑุงุช ููุชุงุจุฉ ุชูุฑูุฑ ุนู ุงุฏุงุก ุงููุฏุฑุจูู', 'employee', 1, 27, '2025-05-12 18:33:16', '2025-05-12 19:05:07'),
(49, 'ูุชุงุจุนุฉ ุขุฑุงุก ุงูุทูุงุจ ูุฌูุฏุฉ ุงููุญุชูู', 'ูุชุงุจุนุฉ ุงุฑุงุก ุงูุทูุงุจ ูุงูุชุงูุฏ ูู ุฌูุฏุฉ ูู ูุงูุชู ุชูุฏููู', 'employee', 1, 27, '2025-05-12 18:33:25', '2025-05-12 19:05:12'),
(50, 'ุญู ุงููุดููุงุช ูุงูุชุฏุฎู ูู ุงูุฃุฒูุงุช ููุฑูุง', 'ูุชุงุจุนุฉ ุงููุดููุงุช ูุงูุชุงูุฏ ูู ุญููุง. ูุงูุชุฎู ุงูููุฑู ูุญู ุงูุงุฒูุงุช', 'employee', 1, 27, '2025-05-12 18:33:34', '2025-05-12 19:05:19'),
(51, 'ูุชุงุจุนุฉ ุงุณุชูุณุงุฑุงุช ุงูุทูุงุจ ุนูู ุงูููุตุงุช', 'ุงูุชุงูุฏ ูู ูุชุงุจุนุฉุงุณุฆูุฉ ุงูุทูุงุจ ุนูู ูููุงุช ุงูุชูุฌุฑุงู ูุงููุงุชุณ ุงุจ', 'employee', 1, 27, '2025-05-12 18:33:46', '2025-05-12 19:05:26'),
(52, 'ุงูุชุฃูุฏ ูู ุชููุน ูุงุจุชูุงุฑ ุฃุณุงููุจ ุงูุชุฏุฑูุณ', 'ุงูุชุงูุฏ ูู  ุชูุธูู ุงููุฏุฑุจูู ู ุงุณุชุฑุงุชูุฌูุงุช ุชุฏุฑูุณ ูุชููุนุฉ ููุจุชูุฑุฉ ูุชุญููู ุฃูุฏุงู ุงูุชุนูู.', 'employee', 1, 27, '2025-05-12 18:33:56', '2025-05-12 19:05:31'),
(53, 'ุฅุนุฏุงุฏ ุชูุงุฑูุฑ ุฃุฏุงุก ุงููุณู ูุชูุซูู ุงูููุงุญุธุงุช', 'ุฅุนุฏุงุฏ ุชูุงุฑูุฑ ุฏูุฑูุฉ ุนู ุฃุฏุงุก ุงููุณู ูุชูุซูู ุงูููุงุญุธุงุช ูุชุทููุฑ ุงูุฃุฏุงุก ุงููุณุชูุจูู.', 'employee', 1, 27, '2025-05-12 18:34:07', '2025-05-12 19:05:38'),
(54, 'ุชุฎุทูุท ุชุทููุฑ ุงููุณู ูุชูุณูุน ุงูุฏูุฑุงุช', 'ูุฎุทุท ูุชุทููุฑ ูุชูุณูุน ุงููุณู ูุงุถุงูุฉ ุฏูุฑุงุช ูุณุชุญุฏุซุฉ ููุธูุฑ ุฐูู ูู ูุคุดุฑุงุช ุงูุงุฏุงุก', 'employee', 1, 28, '2025-05-15 15:05:41', '2025-05-15 15:05:41'),
(55, 'ุชุฏุฑูุจ ูุฑูู ุงูุฏุนู ุนูู ูุนูููุงุช ุงูุฏูุฑุงุช ุงูุทุจูุฉ', 'ูุฏุฑุจ ุงุนุถุงุก ุงูุฑูู ุงูุฏุนู ุนูู ุงููุนูููุงุช ุงููุงููุฉ ููุฏูุฑุงุช ุงูุทุจูุฉ', 'employee', 1, 28, '2025-05-15 15:05:50', '2025-05-15 15:06:09'),
(56, 'ูุฑุงุฌุนุฉ ุงููุญุงุฏุซุงุช ูุถูุงู ุฎูููุง ูู ุงูุฃุฎุทุงุก', 'ูุฑุงุฌุนุฉ ุงูุดุงุช ูุงูุชุฃูุฏ ูู ุงูุฌูุฏุฉ ูุฎูููุง ูู ุงูุฃุฎุทุงุก.', 'employee', 1, 28, '2025-05-15 15:06:02', '2025-05-15 15:06:02'),
(57, 'ุชูุณูู ูุญุชูู ุงูุฏูุฑุงุช ุจุงูุชุนุงูู ูุน ุงููุฏุฑุจูู', 'ูุชุงุนุฉ ูุชุงุจุฉ ูุชูุณูู ูุญุชูู ุงูุฏูุฑุงุช ูุงูุชุนุงูู ูุน ุงููุฏุฑุจ ููุญุตูู ุนูู ุงูุถู ุดูู ูููุญุชูู', 'employee', 1, 28, '2025-05-15 15:06:18', '2025-05-15 15:06:18'),
(58, 'ุชูุธูู ุฌุฏูู ุงูุดูุช ูุงูุชุนุงูู ูุน ุงูุทูุงุฑุฆ', 'ุชุฑุชูุจ ุฌุฏูู ุงูุดูุช ุงูุฎุงุต ุจุงููุณู ูุชุนุฏููู ูู ุญุงูุงุช ุงูุทูุงุฑุฆ.', 'employee', 1, 28, '2025-05-15 15:06:28', '2025-05-15 15:06:28'),
(59, 'ุฅุฏุงุฑุฉ ุงูุฃุฒูุงุช ูุงูุชุฎุทูุท ุงูููุงุฆู', 'ุงุฏุงุฑุฉ ุงูุงุฒูุงุช ูุงูุชุญุทูุท ูุชุฌูุจ ุงูุงุฒูุฉ ูุจู ูููุนูุง', 'employee', 1, 28, '2025-05-15 15:06:38', '2025-05-15 15:06:38'),
(60, 'ูุชุงุจุนุฉ ุงููุญุงุถุฑุงุช ุงูุทุจูุฉ ูุงูุชุฃูุฏ ูู ุฌูุฏุชูุง', 'ุญุถูุฑ ุงููุญุงุถุฑุงุช ุงูุทุจูุฉ ุนูู ุงูุฒูู ูุงูุชุงูุฏ ูู ุฎูู ุงููุญุงุถุฑุงุช ูู ุงู ูุดุงูู', 'employee', 1, 28, '2025-05-15 15:06:49', '2025-05-15 15:06:49'),
(61, 'ุทุฑุญ ุฃููุงุฑ ุฅุจุฏุงุนูุฉ ูุฑูุน ููุงุกุฉ ุงููุณู', 'ุชูุฏูู ุฃููุงุฑ ุฅุจุฏุงุนูุฉ ุชุฑูุน ููุงุกุฉ ุงููุณู.', 'employee', 1, 28, '2025-05-15 15:07:03', '2025-05-15 15:07:03'),
(62, 'ุงูุชุนุงูู ูุน ุฑุคุณุงุก ุงูุฃูุณุงู ููุชุงุจุนุฉ ุงูุชุณููู', 'ุงูุชุนุงูู ูุน ุฑุคุณุงุก ุงูุงูุณุงู ุจูุฑููุฉ- ููุชุงุจุนุฉ ุงูุชุณููู ุงูุฎุงุต ุจุงูุฏูุฑุงุช', 'employee', 1, 28, '2025-05-15 15:07:13', '2025-05-15 15:07:13'),
(63, 'ุงููุฑููุฉ ูุงูููููุฉ ูู ุงูุชุนุงูู ูุน ุงูุฒููุงุก', 'ูุชุนุงูู ุจููููุฉ ููุฑููุฉ ูุน ุงูุฌููุน ููุง ูุณูู ุงุฏุงุก ุงูููุงู', 'employee', 1, 28, '2025-05-15 15:07:21', '2025-05-15 15:07:21'),
(64, 'ุชุญููู ุขุฑุงุก ุงูุทูุงุจ ูุงููุฏุฑุจูู ูุชูุฏูู ุชูุงุฑูุฑ ุชุทููุฑูุฉ', 'ุชุญููู ุขุฑุงุก ุงูุทูุงุจ ูุงููุฏุฑุจูู ุนู ุงูุฏูุฑุงุช ุงูุทุจูุฉ ูุชูุฏูู ุชูุงุฑูุฑ ุดูุฑูุฉ ุนู ููุงุท ุงูููุฉ ูุงูุถุนู ูุชุญุณูู ุงูุฃุฏุงุก.', 'employee', 1, 28, '2025-05-15 15:07:32', '2025-05-15 15:07:32'),
(70, 'ุงูุงูุชุฒุงู ุจุงูููุงุนูุฏ', NULL, 'employee', 1, 62, '2025-05-25 17:25:15', '2025-05-25 17:25:15'),
(71, 'ุณุฑุนุฉ ุชูููุฐ ุงูููุงู', NULL, 'employee', 1, 62, '2025-05-25 17:25:51', '2025-05-25 17:25:51'),
(72, 'ุงุชุจุงุน ุชุนูููุงุช ุฑุฆูุณ ุงููุณู ูุชูููุฐูุง', NULL, 'employee', 1, 62, '2025-05-25 17:26:57', '2025-05-25 17:26:57'),
(73, 'ุงูููููุฉ ูุงููุฑููุฉ ูู ุงูุชุนุงูู', NULL, 'employee', 1, 62, '2025-05-25 17:28:47', '2025-05-25 17:28:47'),
(74, 'ุงูุชุญููู ุจุงููุฏูุก ูู ููุงุฌูุฉ ุงูุถุบูุท ูุงููุดููุงุช ูุงูุนูู ุนูู ุญููุง [ุจูุฏูุก]', NULL, 'employee', 1, 62, '2025-05-25 17:32:37', '2025-05-25 17:32:37'),
(75, 'ุงูุฅูุชุฒุงู ุจููุงุนูุฏ ุงูุดููุช', NULL, 'employee', 1, 54, '2025-05-26 18:23:33', '2025-05-26 18:34:10'),
(76, 'ูููู ููุณู ุจุงููุนุฑูุฉ ูู ุชุฎุตุตู ู ูููู ุจุชุฏุฑูุจ ุฒููุงุคู ุนูู ุงููุงุฑ ุฌุฏูุฏุฉ', NULL, 'employee', 1, 54, '2025-05-26 18:25:06', '2025-05-26 18:25:06'),
(78, 'Class management', NULL, 'employee', 1, 54, '2025-05-26 18:32:33', '2025-05-26 18:32:33'),
(79, 'Language proficiency', NULL, 'employee', 1, 54, '2025-05-26 18:32:43', '2025-05-26 18:32:43'),
(80, 'Students interaction ,motivation and progress', NULL, 'employee', 1, 54, '2025-05-26 18:32:57', '2025-05-26 18:42:03'),
(81, 'ูุชุงุจุนุฉ ุงูุทูุงุจ ู ุงูุฑุฏ ุนูู ุงุณุชูุณุงุฑุงุชูู', NULL, 'employee', 1, 54, '2025-05-26 18:33:13', '2025-05-26 18:33:13'),
(82, 'ุงููุฏุฑุฉ ุนูู ุงูุชุนุงูู ูุน ุงูุถุบุท ูุฅูุฌุงุฒ ุงูููุงู ุจุณุฑุนุฉ ูุฌูุฏุฉ.', NULL, 'employee', 1, 54, '2025-05-26 18:33:29', '2025-05-26 18:33:29'),
(83, 'ุงูุงูุชุฒุงู ุจููุงุนูุฏ ุชุณููู ุงูููุงู', NULL, 'employee', 1, 54, '2025-05-26 18:34:42', '2025-05-26 18:34:42'),
(84, 'ุนูุงูุชู ุจุฒููุงุฆู ูู ุงููุณู ู ุงูุงูุณุงู ุงูุงุฎุฑู ุงู ุชุทูุจ ุงูุนูู', NULL, 'employee', 1, 54, '2025-05-26 18:52:13', '2025-05-26 18:52:13'),
(85, 'Teaching strategies', NULL, 'employee', 1, 54, '2025-05-26 18:52:50', '2025-05-26 18:52:50'),
(86, 'ุงูุฅูุชุฒุงู ุจููุงุนูุฏ ุงูุดููุช', NULL, 'employee', 1, 55, '2025-05-26 18:58:50', '2025-05-26 18:58:50'),
(87, 'ุนูุงูุชู ุจุฒููุงุฆู ูู ุงููุณู ู ุงูุงูุณุงู ุงูุงุฎุฑู ุงู ุชุทูุจ ุงูุนูู', NULL, 'employee', 1, 55, '2025-05-26 18:59:17', '2025-05-26 18:59:17'),
(88, 'ูุฏู ุงูุงููุงู ุจุงููุนุฑูุฉ ุงูุดุงููู ุนูุฏ ุงูุฑุฏ', NULL, 'employee', 1, 55, '2025-05-26 18:59:33', '2025-05-26 18:59:33'),
(89, 'ุงูุชูุงุตู ุจูุถูุญ ู ุงุญุชุฑุงููู ูุน ุงูุทูุจุฉ', NULL, 'employee', 1, 55, '2025-05-26 18:59:43', '2025-05-26 18:59:43'),
(90, 'ุงูุณุฑุนู ูู ุงูุฑุฏ ุนูู ุงูุงุณุชูุณุงุฑุงุช ู ุงูุณุฑุนู ูู ุงูุชุนุงูู', NULL, 'employee', 1, 55, '2025-05-26 18:59:53', '2025-05-26 18:59:53'),
(91, 'ุงูุชุนูู ุงููุณุชูุฑ ู ุงููุฏุฑุฉ ุนูู ุญู ุงููุดููุงุช', NULL, 'employee', 1, 55, '2025-05-26 19:00:03', '2025-05-26 19:00:03'),
(92, 'ุงูุญูุงุธ ุนูู ุงูุงุฏุงุก ุงูุฌูุฏ ู ุฌูุฏุฉ ุงูุฑุฏ', NULL, 'employee', 1, 55, '2025-05-26 19:00:13', '2025-05-26 19:00:13'),
(93, 'ุงููุชุงุจุนุฉ ูุน ุงูุทูุงุจ ู ุงุณุชูุณุงุฑุงุชูู', NULL, 'employee', 1, 55, '2025-05-26 19:00:23', '2025-05-26 19:00:23'),
(94, 'ุงููุฏุฑุฉ ุนูู ุงูุชุนุงูู ูุน ุงูุถุบุท ูุฅูุฌุงุฒ ุงูููุงู ุจุณุฑุนุฉ ูุฌูุฏุฉ.', NULL, 'employee', 1, 55, '2025-05-26 19:00:34', '2025-05-26 19:00:34'),
(95, 'ุงูุชุฑุงุญ ุฃููุงุฑ ุฌุฏูุฏุฉ ููุจุชูุฑุฉ', NULL, 'employee', 1, 55, '2025-05-26 19:00:47', '2025-05-26 19:00:47'),
(96, 'ุงูุฅูุชุฒุงู ุจููุงุนูุฏ ุงูุดููุช', NULL, 'employee', 1, 56, '2025-05-26 19:02:01', '2025-05-26 19:02:01'),
(97, 'ูููู ููุณู ุจุงููุนุฑูุฉ ูู ุชุฎุตุตู ู ูููู ุจุชุฏุฑูุจ ุฒููุงุคู ุนูู ุงููุงุฑ ุฌุฏูุฏุฉ', NULL, 'employee', 1, 56, '2025-05-26 19:02:01', '2025-05-26 19:02:01'),
(98, 'Class management', NULL, 'employee', 1, 56, '2025-05-26 19:02:01', '2025-05-26 19:02:01'),
(99, 'Language proficiency', NULL, 'employee', 1, 56, '2025-05-26 19:02:01', '2025-05-26 19:02:01'),
(100, 'Students interaction ,motivation and progress', NULL, 'employee', 1, 56, '2025-05-26 19:02:01', '2025-05-26 19:02:01'),
(101, 'ูุชุงุจุนุฉ ุงูุทูุงุจ ู ุงูุฑุฏ ุนูู ุงุณุชูุณุงุฑุงุชูู', NULL, 'employee', 1, 56, '2025-05-26 19:02:01', '2025-05-26 19:02:01'),
(102, 'ุงููุฏุฑุฉ ุนูู ุงูุชุนุงูู ูุน ุงูุถุบุท ูุฅูุฌุงุฒ ุงูููุงู ุจุณุฑุนุฉ ูุฌูุฏุฉ.', NULL, 'employee', 1, 56, '2025-05-26 19:02:01', '2025-05-26 19:02:01'),
(103, 'ุงูุงูุชุฒุงู ุจููุงุนูุฏ ุชุณููู ุงูููุงู', NULL, 'employee', 1, 56, '2025-05-26 19:02:01', '2025-05-26 19:02:01'),
(104, 'ุนูุงูุชู ุจุฒููุงุฆู ูู ุงููุณู ู ุงูุงูุณุงู ุงูุงุฎุฑู ุงู ุชุทูุจ ุงูุนูู', NULL, 'employee', 1, 56, '2025-05-26 19:02:01', '2025-05-26 19:02:01'),
(105, 'Teaching strategies', NULL, 'employee', 1, 56, '2025-05-26 19:02:01', '2025-05-26 19:02:01'),
(106, 'ุงูุฅูุชุฒุงู ุจููุงุนูุฏ ุงูุดููุช', NULL, 'employee', 1, 57, '2025-05-26 19:02:01', '2025-05-26 19:02:01'),
(107, 'ูููู ููุณู ุจุงููุนุฑูุฉ ูู ุชุฎุตุตู ู ูููู ุจุชุฏุฑูุจ ุฒููุงุคู ุนูู ุงููุงุฑ ุฌุฏูุฏุฉ', NULL, 'employee', 1, 57, '2025-05-26 19:02:01', '2025-05-26 19:02:01'),
(108, 'Class management', NULL, 'employee', 1, 57, '2025-05-26 19:02:01', '2025-05-26 19:02:01'),
(109, 'Language proficiency', NULL, 'employee', 1, 57, '2025-05-26 19:02:01', '2025-05-26 19:02:01'),
(110, 'Students interaction ,motivation and progress', NULL, 'employee', 1, 57, '2025-05-26 19:02:01', '2025-05-26 19:02:01'),
(111, 'ูุชุงุจุนุฉ ุงูุทูุงุจ ู ุงูุฑุฏ ุนูู ุงุณุชูุณุงุฑุงุชูู', NULL, 'employee', 1, 57, '2025-05-26 19:02:01', '2025-05-26 19:02:01'),
(112, 'ุงููุฏุฑุฉ ุนูู ุงูุชุนุงูู ูุน ุงูุถุบุท ูุฅูุฌุงุฒ ุงูููุงู ุจุณุฑุนุฉ ูุฌูุฏุฉ.', NULL, 'employee', 1, 57, '2025-05-26 19:02:01', '2025-05-26 19:02:01'),
(113, 'ุงูุงูุชุฒุงู ุจููุงุนูุฏ ุชุณููู ุงูููุงู', NULL, 'employee', 1, 57, '2025-05-26 19:02:01', '2025-05-26 19:02:01'),
(114, 'ุนูุงูุชู ุจุฒููุงุฆู ูู ุงููุณู ู ุงูุงูุณุงู ุงูุงุฎุฑู ุงู ุชุทูุจ ุงูุนูู', NULL, 'employee', 1, 57, '2025-05-26 19:02:01', '2025-05-26 19:02:01'),
(115, 'Teaching strategies', NULL, 'employee', 1, 57, '2025-05-26 19:02:01', '2025-05-26 19:02:01'),
(116, 'ุงูุฅูุชุฒุงู ุจููุงุนูุฏ ุงูุดููุช', NULL, 'employee', 1, 58, '2025-05-26 19:02:01', '2025-05-26 19:02:01'),
(117, 'ูููู ููุณู ุจุงููุนุฑูุฉ ูู ุชุฎุตุตู ู ูููู ุจุชุฏุฑูุจ ุฒููุงุคู ุนูู ุงููุงุฑ ุฌุฏูุฏุฉ', NULL, 'employee', 1, 58, '2025-05-26 19:02:01', '2025-05-26 19:02:01'),
(118, 'Class management', NULL, 'employee', 1, 58, '2025-05-26 19:02:01', '2025-05-26 19:02:01'),
(119, 'Language proficiency', NULL, 'employee', 1, 58, '2025-05-26 19:02:01', '2025-05-26 19:02:01'),
(120, 'Students interaction ,motivation and progress', NULL, 'employee', 1, 58, '2025-05-26 19:02:01', '2025-05-26 19:02:01'),
(121, 'ูุชุงุจุนุฉ ุงูุทูุงุจ ู ุงูุฑุฏ ุนูู ุงุณุชูุณุงุฑุงุชูู', NULL, 'employee', 1, 58, '2025-05-26 19:02:01', '2025-05-26 19:02:01'),
(122, 'ุงููุฏุฑุฉ ุนูู ุงูุชุนุงูู ูุน ุงูุถุบุท ูุฅูุฌุงุฒ ุงูููุงู ุจุณุฑุนุฉ ูุฌูุฏุฉ.', NULL, 'employee', 1, 58, '2025-05-26 19:02:01', '2025-05-26 19:02:01'),
(123, 'ุงูุงูุชุฒุงู ุจููุงุนูุฏ ุชุณููู ุงูููุงู', NULL, 'employee', 1, 58, '2025-05-26 19:02:01', '2025-05-26 19:02:01'),
(124, 'ุนูุงูุชู ุจุฒููุงุฆู ูู ุงููุณู ู ุงูุงูุณุงู ุงูุงุฎุฑู ุงู ุชุทูุจ ุงูุนูู', NULL, 'employee', 1, 58, '2025-05-26 19:02:01', '2025-05-26 19:02:01'),
(125, 'Teaching strategies', NULL, 'employee', 1, 58, '2025-05-26 19:02:01', '2025-05-26 19:02:01'),
(126, 'ุงูุงูุชุฒุงู ุจุงูุญุถูุฑ ูุงูุงูุตุฑุงู ูู ุงูููุงุนูุฏ ุงููุญุฏุฏุฉ ุฏูู ุชุฃุฎูุฑ ุฃู ุบูุงุจ ุบูุฑ ูุจุฑุฑ.', 'ุงูุงูุชุฒุงู ุจุงูููุงุนูุฏ', 'employee', 1, 29, '2025-05-26 19:11:17', '2025-05-26 19:11:17'),
(127, 'ุงูุงูุชุฒุงู ุจุงูููุงุนูุฏ ุงููุญุฏุฏุฉ ููุฌููุณ ุนูู ุงูุฌูุงุฒุ ูุน ุงูุฑุฏ ุนูู ุงูุฑุณุงุฆู ูู ุงูููุช ุงูููุงุณุจ ูุจุดูู ูุนูุงู.', 'ุงุฏุงุฑุฉ ุงูููุช ูุงูููุงุกุฉ', 'employee', 1, 29, '2025-05-26 19:11:55', '2025-05-26 19:11:55'),
(128, 'ุชูููุฐ ุงูุชุนูููุงุช ุจุฏูุฉ ููู ุชูุฌููุงุช ุฑุฆูุณ ุงููุณูุ ูุน ุงููุฏุฑุฉ ุนูู ุงูุงุณุชุฌุงุจุฉ ุงูุณุฑูุนุฉ ูู ุญุงูุงุช ุงูุทูุงุฑุฆ.', 'ุชูููุฐ ุงูุชุนูููุงุช', 'employee', 1, 29, '2025-05-26 19:12:41', '2025-05-26 19:12:41'),
(129, 'ุฅุชูุงู ุงูุชุนุงูู ูุน ุงูุฃูุธูุฉ ูุซู Respondุ ูุงุณุชุฎุฏุงู ุงูุฃุฏูุงุช ุงูุชูููุฉ ุงููุชุงุญุฉ ูุชูููุฐ ุงูููุงู ุจููุงุกุฉ.', 'ุงูุชุนุงูู ูุน ุงูุฃูุธูุฉ ูุงูุฃุฏูุงุช ุงูุชูููุฉ', 'employee', 1, 29, '2025-05-26 19:13:16', '2025-05-26 19:13:16'),
(130, 'ุงููุนุฑูุฉ ุงููุงููุฉ ุจูุญุชูู ุงูุฏูุฑุงุช ูุชูุงุตูููุงุ ูุงููุฏุฑุฉ ุนูู ุงูุฅุฌุงุจุฉ ุนู ุงูุงุณุชูุณุงุฑุงุช ุจุดูู ูุณุชูู.', 'ุงูุฅููุงู ุงูุชุงู ุจุงูุฏูุฑุงุช ุงูุชุฏุฑูุจูุฉ:', 'employee', 1, 29, '2025-05-26 19:14:10', '2025-05-26 19:14:10'),
(131, 'ุงููุฏุฑุฉ ุนูู ุงูุชูุงุตู ูุน ุงูุนููุงุก ุจุทุฑููุฉ ูุงุถุญุฉ ูุงุญุชุฑุงููุฉุ ูุน ุงูุงูุชูุงู ุจุชูุฏูู ุชุฌุฑุจุฉ ูููุฒุฉ.', 'ุงูุชูุงุตู ูุน ุงูุนููุงุก', 'employee', 1, 29, '2025-05-26 19:14:40', '2025-05-26 19:14:40'),
(132, 'ุณุฑุนุฉ ุงูุงุณุชุฌุงุจุฉ ููุงุณุชูุณุงุฑุงุช ูุงูุนูู ุนูู ุชูุจูุฉ ุงุญุชูุงุฌุงุช ุงูุนููุงุก ุจููุงุกุฉ.', 'ุงูุณุฑุนุฉ ูู ุงูุฑุฏ ุนูู ุงูุงุณุชูุณุงุฑุงุช', 'employee', 1, 29, '2025-05-26 19:15:08', '2025-05-26 19:15:08'),
(133, 'ุงููุฏุฑุฉ ุนูู ุงูุชุนูู ุงููุณุชูุฑุ ูุงุณุชุฎูุงุต ุงูุฏุฑูุณ ูู ุงูุฃุฎุทุงุก ูุชุฌูุจ ุชูุฑุงุฑูุง ูุชุญุณูู ุงูุฃุฏุงุก.', 'ุงูุชุนูู ูู ุงูุฃุฎุทุงุก', 'employee', 1, 29, '2025-05-26 19:15:32', '2025-05-26 19:15:32'),
(134, 'ุงูุฅูุชุฒุงู ุจููุงุนูุฏ ุงูุดููุช', NULL, 'employee', 1, 69, '2025-05-26 19:15:52', '2025-05-26 19:15:52'),
(135, 'ูููู ููุณู ุจุงููุนุฑูุฉ ูู ุชุฎุตุตู ู ูููู ุจุชุฏุฑูุจ ุฒููุงุคู ุนูู ุงููุงุฑ ุฌุฏูุฏุฉ', NULL, 'employee', 1, 69, '2025-05-26 19:15:52', '2025-05-26 19:15:52'),
(136, 'Class management', NULL, 'employee', 1, 69, '2025-05-26 19:15:52', '2025-05-26 19:15:52'),
(137, 'Language proficiency', NULL, 'employee', 1, 69, '2025-05-26 19:15:52', '2025-05-26 19:15:52'),
(138, 'Students interaction ,motivation and progress', NULL, 'employee', 1, 69, '2025-05-26 19:15:52', '2025-05-26 19:15:52'),
(139, 'ูุชุงุจุนุฉ ุงูุทูุงุจ ู ุงูุฑุฏ ุนูู ุงุณุชูุณุงุฑุงุชูู', NULL, 'employee', 1, 69, '2025-05-26 19:15:52', '2025-05-26 19:15:52'),
(140, 'ุงููุฏุฑุฉ ุนูู ุงูุชุนุงูู ูุน ุงูุถุบุท ูุฅูุฌุงุฒ ุงูููุงู ุจุณุฑุนุฉ ูุฌูุฏุฉ.', NULL, 'employee', 1, 69, '2025-05-26 19:15:52', '2025-05-26 19:15:52'),
(141, 'ุงูุงูุชุฒุงู ุจููุงุนูุฏ ุชุณููู ุงูููุงู', NULL, 'employee', 1, 69, '2025-05-26 19:15:52', '2025-05-26 19:15:52'),
(142, 'ุนูุงูุชู ุจุฒููุงุฆู ูู ุงููุณู ู ุงูุงูุณุงู ุงูุงุฎุฑู ุงู ุชุทูุจ ุงูุนูู', NULL, 'employee', 1, 69, '2025-05-26 19:15:52', '2025-05-26 19:15:52'),
(143, 'Teaching strategies', NULL, 'employee', 1, 69, '2025-05-26 19:15:52', '2025-05-26 19:15:52'),
(144, 'ุงููุฏุฑุฉ ุนูู ุญู ุงููุดููุงุช ุจูุนุงููุฉุ ูุน ุชูุฏูู ุญููู ูุจุชูุฑุฉ ูุนูููุฉ ุชูุจู ุงุญุชูุงุฌุงุช ุงูุนููู.', 'ุญู ุงููุดููุงุช', 'employee', 1, 29, '2025-05-26 19:16:04', '2025-05-26 19:16:04'),
(145, 'ุงูุชุนุงูู ุจููุงุกุฉ ูุน ุถุบุท ุงูุนููุ ูุงูุญูุงุธ ุนูู ุงูุฃุฏุงุก ุงูุฌูุฏ ุฃุซูุงุก ุชุนุฏุฏ ุงูููุงู.', 'ุงููุฏุฑุฉ ุนูู ุงูุนูู ุชุญุช ุงูุถุบุท', 'employee', 1, 29, '2025-05-26 19:16:34', '2025-05-26 19:16:34'),
(146, 'ูุฏู ุงูุชุฒุงู ุงูููุธู ุจุญุถูุฑ ุงูุฏูุฑุงุช ุงูุชุฏุฑูุจูุฉ ููุฑุด ุงูุนูู ุงูููุฑุฑุฉุ ููุดุงุฑูุชู ุงููุนูุงูุฉ ุฎูุงููุง ุจูุฏู ุชุทููุฑ ููุงุฑุงุชู ุงูุจูุนูุฉ ูุงููุนุฑููุฉ.', 'ุงูุงูุชุฒุงู ุจุญุถูุฑ ุงูุชุฏุฑูุจ', 'employee', 1, 29, '2025-05-26 19:18:59', '2025-05-26 19:18:59'),
(147, 'ุงูุงูุชุฒุงู ุจุฅุฌุฑุงุกุงุช ุงูุชุฏุฑุฌ ุงููุธููู ูู ูุณู ุงูุชุณุฌููุ ูุน ุฅุจูุงุบ ูุฏูุฑ ุงููุณู ุจูู ุงููุณุชุฌุฏุงุช ุจุดูู ุฏูุฑู.', 'ุงูุงูุชุฒุงู ุจุงูุชุฏุฑุฌ ุงููุธููู', 'employee', 1, 29, '2025-05-26 19:19:21', '2025-05-26 19:19:21'),
(148, 'ุงูุงูุชุฒุงู ุจุงูุญุถูุฑ ูุงูุงูุตุฑุงู ูู ุงูููุงุนูุฏ ุงููุญุฏุฏุฉ ุฏูู ุชุฃุฎูุฑ ุฃู ุบูุงุจ ุบูุฑ ูุจุฑุฑ.', 'ุงูุงูุชุฒุงู ุจุงูููุงุนูุฏ', 'employee', 1, 30, '2025-05-26 19:21:02', '2025-05-26 19:21:02'),
(149, 'ุงูุงูุชุฒุงู ุจุงูููุงุนูุฏ ุงููุญุฏุฏุฉ ููุฌููุณ ุนูู ุงูุฌูุงุฒุ ูุน ุงูุฑุฏ ุนูู ุงูุฑุณุงุฆู ูู ุงูููุช ุงูููุงุณุจ ูุจุดูู ูุนูุงู.', 'ุงุฏุงุฑุฉ ุงูููุช ูุงูููุงุกุฉ', 'employee', 1, 30, '2025-05-26 19:21:02', '2025-05-26 19:21:02'),
(150, 'ุชูููุฐ ุงูุชุนูููุงุช ุจุฏูุฉ ููู ุชูุฌููุงุช ุฑุฆูุณ ุงููุณูุ ูุน ุงููุฏุฑุฉ ุนูู ุงูุงุณุชุฌุงุจุฉ ุงูุณุฑูุนุฉ ูู ุญุงูุงุช ุงูุทูุงุฑุฆ.', 'ุชูููุฐ ุงูุชุนูููุงุช', 'employee', 1, 30, '2025-05-26 19:21:02', '2025-05-26 19:21:02'),
(151, 'ุฅุชูุงู ุงูุชุนุงูู ูุน ุงูุฃูุธูุฉ ูุซู Respondุ ูุงุณุชุฎุฏุงู ุงูุฃุฏูุงุช ุงูุชูููุฉ ุงููุชุงุญุฉ ูุชูููุฐ ุงูููุงู ุจููุงุกุฉ.', 'ุงูุชุนุงูู ูุน ุงูุฃูุธูุฉ ูุงูุฃุฏูุงุช ุงูุชูููุฉ', 'employee', 1, 30, '2025-05-26 19:21:02', '2025-05-26 19:21:02'),
(152, 'ุงููุนุฑูุฉ ุงููุงููุฉ ุจูุญุชูู ุงูุฏูุฑุงุช ูุชูุงุตูููุงุ ูุงููุฏุฑุฉ ุนูู ุงูุฅุฌุงุจุฉ ุนู ุงูุงุณุชูุณุงุฑุงุช ุจุดูู ูุณุชูู.', 'ุงูุฅููุงู ุงูุชุงู ุจุงูุฏูุฑุงุช ุงูุชุฏุฑูุจูุฉ:', 'employee', 1, 30, '2025-05-26 19:21:02', '2025-05-26 19:21:02'),
(153, 'ุงููุฏุฑุฉ ุนูู ุงูุชูุงุตู ูุน ุงูุนููุงุก ุจุทุฑููุฉ ูุงุถุญุฉ ูุงุญุชุฑุงููุฉุ ูุน ุงูุงูุชูุงู ุจุชูุฏูู ุชุฌุฑุจุฉ ูููุฒุฉ.', 'ุงูุชูุงุตู ูุน ุงูุนููุงุก', 'employee', 1, 30, '2025-05-26 19:21:02', '2025-05-26 19:21:02'),
(154, 'ุณุฑุนุฉ ุงูุงุณุชุฌุงุจุฉ ููุงุณุชูุณุงุฑุงุช ูุงูุนูู ุนูู ุชูุจูุฉ ุงุญุชูุงุฌุงุช ุงูุนููุงุก ุจููุงุกุฉ.', 'ุงูุณุฑุนุฉ ูู ุงูุฑุฏ ุนูู ุงูุงุณุชูุณุงุฑุงุช', 'employee', 1, 30, '2025-05-26 19:21:02', '2025-05-26 19:21:02'),
(155, 'ุงููุฏุฑุฉ ุนูู ุงูุชุนูู ุงููุณุชูุฑุ ูุงุณุชุฎูุงุต ุงูุฏุฑูุณ ูู ุงูุฃุฎุทุงุก ูุชุฌูุจ ุชูุฑุงุฑูุง ูุชุญุณูู ุงูุฃุฏุงุก.', 'ุงูุชุนูู ูู ุงูุฃุฎุทุงุก', 'employee', 1, 30, '2025-05-26 19:21:02', '2025-05-26 19:21:02'),
(156, 'ุงููุฏุฑุฉ ุนูู ุญู ุงููุดููุงุช ุจูุนุงููุฉุ ูุน ุชูุฏูู ุญููู ูุจุชูุฑุฉ ูุนูููุฉ ุชูุจู ุงุญุชูุงุฌุงุช ุงูุนููู.', 'ุญู ุงููุดููุงุช', 'employee', 1, 30, '2025-05-26 19:21:02', '2025-05-26 19:21:02'),
(157, 'ุงูุชุนุงูู ุจููุงุกุฉ ูุน ุถุบุท ุงูุนููุ ูุงูุญูุงุธ ุนูู ุงูุฃุฏุงุก ุงูุฌูุฏ ุฃุซูุงุก ุชุนุฏุฏ ุงูููุงู.', 'ุงููุฏุฑุฉ ุนูู ุงูุนูู ุชุญุช ุงูุถุบุท', 'employee', 1, 30, '2025-05-26 19:21:02', '2025-05-26 19:21:02'),
(158, 'ูุฏู ุงูุชุฒุงู ุงูููุธู ุจุญุถูุฑ ุงูุฏูุฑุงุช ุงูุชุฏุฑูุจูุฉ ููุฑุด ุงูุนูู ุงูููุฑุฑุฉุ ููุดุงุฑูุชู ุงููุนูุงูุฉ ุฎูุงููุง ุจูุฏู ุชุทููุฑ ููุงุฑุงุชู ุงูุจูุนูุฉ ูุงููุนุฑููุฉ.', 'ุงูุงูุชุฒุงู ุจุญุถูุฑ ุงูุชุฏุฑูุจ', 'employee', 1, 30, '2025-05-26 19:21:02', '2025-05-26 19:21:02'),
(159, 'ุงูุงูุชุฒุงู ุจุฅุฌุฑุงุกุงุช ุงูุชุฏุฑุฌ ุงููุธููู ูู ูุณู ุงูุชุณุฌููุ ูุน ุฅุจูุงุบ ูุฏูุฑ ุงููุณู ุจูู ุงููุณุชุฌุฏุงุช ุจุดูู ุฏูุฑู.', 'ุงูุงูุชุฒุงู ุจุงูุชุฏุฑุฌ ุงููุธููู', 'employee', 1, 30, '2025-05-26 19:21:02', '2025-05-26 19:21:02'),
(160, 'ุงูุงูุชุฒุงู ุจุงูุญุถูุฑ ูุงูุงูุตุฑุงู ูู ุงูููุงุนูุฏ ุงููุญุฏุฏุฉ ุฏูู ุชุฃุฎูุฑ ุฃู ุบูุงุจ ุบูุฑ ูุจุฑุฑ.', 'ุงูุงูุชุฒุงู ุจุงูููุงุนูุฏ', 'employee', 1, 31, '2025-05-26 19:21:02', '2025-05-26 19:21:02'),
(161, 'ุงูุงูุชุฒุงู ุจุงูููุงุนูุฏ ุงููุญุฏุฏุฉ ููุฌููุณ ุนูู ุงูุฌูุงุฒุ ูุน ุงูุฑุฏ ุนูู ุงูุฑุณุงุฆู ูู ุงูููุช ุงูููุงุณุจ ูุจุดูู ูุนูุงู.', 'ุงุฏุงุฑุฉ ุงูููุช ูุงูููุงุกุฉ', 'employee', 1, 31, '2025-05-26 19:21:02', '2025-05-26 19:21:02'),
(162, 'ุชูููุฐ ุงูุชุนูููุงุช ุจุฏูุฉ ููู ุชูุฌููุงุช ุฑุฆูุณ ุงููุณูุ ูุน ุงููุฏุฑุฉ ุนูู ุงูุงุณุชุฌุงุจุฉ ุงูุณุฑูุนุฉ ูู ุญุงูุงุช ุงูุทูุงุฑุฆ.', 'ุชูููุฐ ุงูุชุนูููุงุช', 'employee', 1, 31, '2025-05-26 19:21:02', '2025-05-26 19:21:02'),
(163, 'ุฅุชูุงู ุงูุชุนุงูู ูุน ุงูุฃูุธูุฉ ูุซู Respondุ ูุงุณุชุฎุฏุงู ุงูุฃุฏูุงุช ุงูุชูููุฉ ุงููุชุงุญุฉ ูุชูููุฐ ุงูููุงู ุจููุงุกุฉ.', 'ุงูุชุนุงูู ูุน ุงูุฃูุธูุฉ ูุงูุฃุฏูุงุช ุงูุชูููุฉ', 'employee', 1, 31, '2025-05-26 19:21:02', '2025-05-26 19:21:02'),
(164, 'ุงููุนุฑูุฉ ุงููุงููุฉ ุจูุญุชูู ุงูุฏูุฑุงุช ูุชูุงุตูููุงุ ูุงููุฏุฑุฉ ุนูู ุงูุฅุฌุงุจุฉ ุนู ุงูุงุณุชูุณุงุฑุงุช ุจุดูู ูุณุชูู.', 'ุงูุฅููุงู ุงูุชุงู ุจุงูุฏูุฑุงุช ุงูุชุฏุฑูุจูุฉ:', 'employee', 1, 31, '2025-05-26 19:21:02', '2025-05-26 19:21:02'),
(165, 'ุงููุฏุฑุฉ ุนูู ุงูุชูุงุตู ูุน ุงูุนููุงุก ุจุทุฑููุฉ ูุงุถุญุฉ ูุงุญุชุฑุงููุฉุ ูุน ุงูุงูุชูุงู ุจุชูุฏูู ุชุฌุฑุจุฉ ูููุฒุฉ.', 'ุงูุชูุงุตู ูุน ุงูุนููุงุก', 'employee', 1, 31, '2025-05-26 19:21:02', '2025-05-26 19:21:02'),
(166, 'ุณุฑุนุฉ ุงูุงุณุชุฌุงุจุฉ ููุงุณุชูุณุงุฑุงุช ูุงูุนูู ุนูู ุชูุจูุฉ ุงุญุชูุงุฌุงุช ุงูุนููุงุก ุจููุงุกุฉ.', 'ุงูุณุฑุนุฉ ูู ุงูุฑุฏ ุนูู ุงูุงุณุชูุณุงุฑุงุช', 'employee', 1, 31, '2025-05-26 19:21:02', '2025-05-26 19:21:02'),
(167, 'ุงููุฏุฑุฉ ุนูู ุงูุชุนูู ุงููุณุชูุฑุ ูุงุณุชุฎูุงุต ุงูุฏุฑูุณ ูู ุงูุฃุฎุทุงุก ูุชุฌูุจ ุชูุฑุงุฑูุง ูุชุญุณูู ุงูุฃุฏุงุก.', 'ุงูุชุนูู ูู ุงูุฃุฎุทุงุก', 'employee', 1, 31, '2025-05-26 19:21:02', '2025-05-26 19:21:02'),
(168, 'ุงููุฏุฑุฉ ุนูู ุญู ุงููุดููุงุช ุจูุนุงููุฉุ ูุน ุชูุฏูู ุญููู ูุจุชูุฑุฉ ูุนูููุฉ ุชูุจู ุงุญุชูุงุฌุงุช ุงูุนููู.', 'ุญู ุงููุดููุงุช', 'employee', 1, 31, '2025-05-26 19:21:02', '2025-05-26 19:21:02'),
(169, 'ุงูุชุนุงูู ุจููุงุกุฉ ูุน ุถุบุท ุงูุนููุ ูุงูุญูุงุธ ุนูู ุงูุฃุฏุงุก ุงูุฌูุฏ ุฃุซูุงุก ุชุนุฏุฏ ุงูููุงู.', 'ุงููุฏุฑุฉ ุนูู ุงูุนูู ุชุญุช ุงูุถุบุท', 'employee', 1, 31, '2025-05-26 19:21:02', '2025-05-26 19:21:02'),
(170, 'ูุฏู ุงูุชุฒุงู ุงูููุธู ุจุญุถูุฑ ุงูุฏูุฑุงุช ุงูุชุฏุฑูุจูุฉ ููุฑุด ุงูุนูู ุงูููุฑุฑุฉุ ููุดุงุฑูุชู ุงููุนูุงูุฉ ุฎูุงููุง ุจูุฏู ุชุทููุฑ ููุงุฑุงุชู ุงูุจูุนูุฉ ูุงููุนุฑููุฉ.', 'ุงูุงูุชุฒุงู ุจุญุถูุฑ ุงูุชุฏุฑูุจ', 'employee', 1, 31, '2025-05-26 19:21:02', '2025-05-26 19:21:02'),
(171, 'ุงูุงูุชุฒุงู ุจุฅุฌุฑุงุกุงุช ุงูุชุฏุฑุฌ ุงููุธููู ูู ูุณู ุงูุชุณุฌููุ ูุน ุฅุจูุงุบ ูุฏูุฑ ุงููุณู ุจูู ุงููุณุชุฌุฏุงุช ุจุดูู ุฏูุฑู.', 'ุงูุงูุชุฒุงู ุจุงูุชุฏุฑุฌ ุงููุธููู', 'employee', 1, 31, '2025-05-26 19:21:02', '2025-05-26 19:21:02'),
(172, 'ุงูุงูุชุฒุงู ุจุงูุญุถูุฑ ูุงูุงูุตุฑุงู ูู ุงูููุงุนูุฏ ุงููุญุฏุฏุฉ ุฏูู ุชุฃุฎูุฑ ุฃู ุบูุงุจ ุบูุฑ ูุจุฑุฑ.', 'ุงูุงูุชุฒุงู ุจุงูููุงุนูุฏ', 'employee', 1, 32, '2025-05-26 19:21:02', '2025-05-26 19:21:02'),
(173, 'ุงูุงูุชุฒุงู ุจุงูููุงุนูุฏ ุงููุญุฏุฏุฉ ููุฌููุณ ุนูู ุงูุฌูุงุฒุ ูุน ุงูุฑุฏ ุนูู ุงูุฑุณุงุฆู ูู ุงูููุช ุงูููุงุณุจ ูุจุดูู ูุนูุงู.', 'ุงุฏุงุฑุฉ ุงูููุช ูุงูููุงุกุฉ', 'employee', 1, 32, '2025-05-26 19:21:02', '2025-05-26 19:21:02'),
(174, 'ุชูููุฐ ุงูุชุนูููุงุช ุจุฏูุฉ ููู ุชูุฌููุงุช ุฑุฆูุณ ุงููุณูุ ูุน ุงููุฏุฑุฉ ุนูู ุงูุงุณุชุฌุงุจุฉ ุงูุณุฑูุนุฉ ูู ุญุงูุงุช ุงูุทูุงุฑุฆ.', 'ุชูููุฐ ุงูุชุนูููุงุช', 'employee', 1, 32, '2025-05-26 19:21:02', '2025-05-26 19:21:02'),
(175, 'ุฅุชูุงู ุงูุชุนุงูู ูุน ุงูุฃูุธูุฉ ูุซู Respondุ ูุงุณุชุฎุฏุงู ุงูุฃุฏูุงุช ุงูุชูููุฉ ุงููุชุงุญุฉ ูุชูููุฐ ุงูููุงู ุจููุงุกุฉ.', 'ุงูุชุนุงูู ูุน ุงูุฃูุธูุฉ ูุงูุฃุฏูุงุช ุงูุชูููุฉ', 'employee', 1, 32, '2025-05-26 19:21:02', '2025-05-26 19:21:02'),
(176, 'ุงููุนุฑูุฉ ุงููุงููุฉ ุจูุญุชูู ุงูุฏูุฑุงุช ูุชูุงุตูููุงุ ูุงููุฏุฑุฉ ุนูู ุงูุฅุฌุงุจุฉ ุนู ุงูุงุณุชูุณุงุฑุงุช ุจุดูู ูุณุชูู.', 'ุงูุฅููุงู ุงูุชุงู ุจุงูุฏูุฑุงุช ุงูุชุฏุฑูุจูุฉ:', 'employee', 1, 32, '2025-05-26 19:21:02', '2025-05-26 19:21:02'),
(177, 'ุงููุฏุฑุฉ ุนูู ุงูุชูุงุตู ูุน ุงูุนููุงุก ุจุทุฑููุฉ ูุงุถุญุฉ ูุงุญุชุฑุงููุฉุ ูุน ุงูุงูุชูุงู ุจุชูุฏูู ุชุฌุฑุจุฉ ูููุฒุฉ.', 'ุงูุชูุงุตู ูุน ุงูุนููุงุก', 'employee', 1, 32, '2025-05-26 19:21:02', '2025-05-26 19:21:02'),
(178, 'ุณุฑุนุฉ ุงูุงุณุชุฌุงุจุฉ ููุงุณุชูุณุงุฑุงุช ูุงูุนูู ุนูู ุชูุจูุฉ ุงุญุชูุงุฌุงุช ุงูุนููุงุก ุจููุงุกุฉ.', 'ุงูุณุฑุนุฉ ูู ุงูุฑุฏ ุนูู ุงูุงุณุชูุณุงุฑุงุช', 'employee', 1, 32, '2025-05-26 19:21:02', '2025-05-26 19:21:02'),
(179, 'ุงููุฏุฑุฉ ุนูู ุงูุชุนูู ุงููุณุชูุฑุ ูุงุณุชุฎูุงุต ุงูุฏุฑูุณ ูู ุงูุฃุฎุทุงุก ูุชุฌูุจ ุชูุฑุงุฑูุง ูุชุญุณูู ุงูุฃุฏุงุก.', 'ุงูุชุนูู ูู ุงูุฃุฎุทุงุก', 'employee', 1, 32, '2025-05-26 19:21:02', '2025-05-26 19:21:02'),
(180, 'ุงููุฏุฑุฉ ุนูู ุญู ุงููุดููุงุช ุจูุนุงููุฉุ ูุน ุชูุฏูู ุญููู ูุจุชูุฑุฉ ูุนูููุฉ ุชูุจู ุงุญุชูุงุฌุงุช ุงูุนููู.', 'ุญู ุงููุดููุงุช', 'employee', 1, 32, '2025-05-26 19:21:02', '2025-05-26 19:21:02'),
(181, 'ุงูุชุนุงูู ุจููุงุกุฉ ูุน ุถุบุท ุงูุนููุ ูุงูุญูุงุธ ุนูู ุงูุฃุฏุงุก ุงูุฌูุฏ ุฃุซูุงุก ุชุนุฏุฏ ุงูููุงู.', 'ุงููุฏุฑุฉ ุนูู ุงูุนูู ุชุญุช ุงูุถุบุท', 'employee', 1, 32, '2025-05-26 19:21:02', '2025-05-26 19:21:02'),
(182, 'ูุฏู ุงูุชุฒุงู ุงูููุธู ุจุญุถูุฑ ุงูุฏูุฑุงุช ุงูุชุฏุฑูุจูุฉ ููุฑุด ุงูุนูู ุงูููุฑุฑุฉุ ููุดุงุฑูุชู ุงููุนูุงูุฉ ุฎูุงููุง ุจูุฏู ุชุทููุฑ ููุงุฑุงุชู ุงูุจูุนูุฉ ูุงููุนุฑููุฉ.', 'ุงูุงูุชุฒุงู ุจุญุถูุฑ ุงูุชุฏุฑูุจ', 'employee', 1, 32, '2025-05-26 19:21:02', '2025-05-26 19:21:02'),
(183, 'ุงูุงูุชุฒุงู ุจุฅุฌุฑุงุกุงุช ุงูุชุฏุฑุฌ ุงููุธููู ูู ูุณู ุงูุชุณุฌููุ ูุน ุฅุจูุงุบ ูุฏูุฑ ุงููุณู ุจูู ุงููุณุชุฌุฏุงุช ุจุดูู ุฏูุฑู.', 'ุงูุงูุชุฒุงู ุจุงูุชุฏุฑุฌ ุงููุธููู', 'employee', 1, 32, '2025-05-26 19:21:02', '2025-05-26 19:21:02'),
(184, 'ุงูุงูุชุฒุงู ุจุงูุญุถูุฑ ูุงูุงูุตุฑุงู ูู ุงูููุงุนูุฏ ุงููุญุฏุฏุฉ ุฏูู ุชุฃุฎูุฑ ุฃู ุบูุงุจ ุบูุฑ ูุจุฑุฑ.', 'ุงูุงูุชุฒุงู ุจุงูููุงุนูุฏ', 'employee', 1, 33, '2025-05-26 19:21:02', '2025-05-26 19:21:02'),
(185, 'ุงูุงูุชุฒุงู ุจุงูููุงุนูุฏ ุงููุญุฏุฏุฉ ููุฌููุณ ุนูู ุงูุฌูุงุฒุ ูุน ุงูุฑุฏ ุนูู ุงูุฑุณุงุฆู ูู ุงูููุช ุงูููุงุณุจ ูุจุดูู ูุนูุงู.', 'ุงุฏุงุฑุฉ ุงูููุช ูุงูููุงุกุฉ', 'employee', 1, 33, '2025-05-26 19:21:02', '2025-05-26 19:21:02'),
(186, 'ุชูููุฐ ุงูุชุนูููุงุช ุจุฏูุฉ ููู ุชูุฌููุงุช ุฑุฆูุณ ุงููุณูุ ูุน ุงููุฏุฑุฉ ุนูู ุงูุงุณุชุฌุงุจุฉ ุงูุณุฑูุนุฉ ูู ุญุงูุงุช ุงูุทูุงุฑุฆ.', 'ุชูููุฐ ุงูุชุนูููุงุช', 'employee', 1, 33, '2025-05-26 19:21:02', '2025-05-26 19:21:02'),
(187, 'ุฅุชูุงู ุงูุชุนุงูู ูุน ุงูุฃูุธูุฉ ูุซู Respondุ ูุงุณุชุฎุฏุงู ุงูุฃุฏูุงุช ุงูุชูููุฉ ุงููุชุงุญุฉ ูุชูููุฐ ุงูููุงู ุจููุงุกุฉ.', 'ุงูุชุนุงูู ูุน ุงูุฃูุธูุฉ ูุงูุฃุฏูุงุช ุงูุชูููุฉ', 'employee', 1, 33, '2025-05-26 19:21:02', '2025-05-26 19:21:02'),
(188, 'ุงููุนุฑูุฉ ุงููุงููุฉ ุจูุญุชูู ุงูุฏูุฑุงุช ูุชูุงุตูููุงุ ูุงููุฏุฑุฉ ุนูู ุงูุฅุฌุงุจุฉ ุนู ุงูุงุณุชูุณุงุฑุงุช ุจุดูู ูุณุชูู.', 'ุงูุฅููุงู ุงูุชุงู ุจุงูุฏูุฑุงุช ุงูุชุฏุฑูุจูุฉ:', 'employee', 1, 33, '2025-05-26 19:21:02', '2025-05-26 19:21:02'),
(189, 'ุงููุฏุฑุฉ ุนูู ุงูุชูุงุตู ูุน ุงูุนููุงุก ุจุทุฑููุฉ ูุงุถุญุฉ ูุงุญุชุฑุงููุฉุ ูุน ุงูุงูุชูุงู ุจุชูุฏูู ุชุฌุฑุจุฉ ูููุฒุฉ.', 'ุงูุชูุงุตู ูุน ุงูุนููุงุก', 'employee', 1, 33, '2025-05-26 19:21:02', '2025-05-26 19:21:02'),
(190, 'ุณุฑุนุฉ ุงูุงุณุชุฌุงุจุฉ ููุงุณุชูุณุงุฑุงุช ูุงูุนูู ุนูู ุชูุจูุฉ ุงุญุชูุงุฌุงุช ุงูุนููุงุก ุจููุงุกุฉ.', 'ุงูุณุฑุนุฉ ูู ุงูุฑุฏ ุนูู ุงูุงุณุชูุณุงุฑุงุช', 'employee', 1, 33, '2025-05-26 19:21:02', '2025-05-26 19:21:02'),
(191, 'ุงููุฏุฑุฉ ุนูู ุงูุชุนูู ุงููุณุชูุฑุ ูุงุณุชุฎูุงุต ุงูุฏุฑูุณ ูู ุงูุฃุฎุทุงุก ูุชุฌูุจ ุชูุฑุงุฑูุง ูุชุญุณูู ุงูุฃุฏุงุก.', 'ุงูุชุนูู ูู ุงูุฃุฎุทุงุก', 'employee', 1, 33, '2025-05-26 19:21:02', '2025-05-26 19:21:02'),
(192, 'ุงููุฏุฑุฉ ุนูู ุญู ุงููุดููุงุช ุจูุนุงููุฉุ ูุน ุชูุฏูู ุญููู ูุจุชูุฑุฉ ูุนูููุฉ ุชูุจู ุงุญุชูุงุฌุงุช ุงูุนููู.', 'ุญู ุงููุดููุงุช', 'employee', 1, 33, '2025-05-26 19:21:02', '2025-05-26 19:21:02'),
(193, 'ุงูุชุนุงูู ุจููุงุกุฉ ูุน ุถุบุท ุงูุนููุ ูุงูุญูุงุธ ุนูู ุงูุฃุฏุงุก ุงูุฌูุฏ ุฃุซูุงุก ุชุนุฏุฏ ุงูููุงู.', 'ุงููุฏุฑุฉ ุนูู ุงูุนูู ุชุญุช ุงูุถุบุท', 'employee', 1, 33, '2025-05-26 19:21:02', '2025-05-26 19:21:02'),
(194, 'ูุฏู ุงูุชุฒุงู ุงูููุธู ุจุญุถูุฑ ุงูุฏูุฑุงุช ุงูุชุฏุฑูุจูุฉ ููุฑุด ุงูุนูู ุงูููุฑุฑุฉุ ููุดุงุฑูุชู ุงููุนูุงูุฉ ุฎูุงููุง ุจูุฏู ุชุทููุฑ ููุงุฑุงุชู ุงูุจูุนูุฉ ูุงููุนุฑููุฉ.', 'ุงูุงูุชุฒุงู ุจุญุถูุฑ ุงูุชุฏุฑูุจ', 'employee', 1, 33, '2025-05-26 19:21:02', '2025-05-26 19:21:02'),
(195, 'ุงูุงูุชุฒุงู ุจุฅุฌุฑุงุกุงุช ุงูุชุฏุฑุฌ ุงููุธููู ูู ูุณู ุงูุชุณุฌููุ ูุน ุฅุจูุงุบ ูุฏูุฑ ุงููุณู ุจูู ุงููุณุชุฌุฏุงุช ุจุดูู ุฏูุฑู.', 'ุงูุงูุชุฒุงู ุจุงูุชุฏุฑุฌ ุงููุธููู', 'employee', 1, 33, '2025-05-26 19:21:02', '2025-05-26 19:21:02'),
(196, 'ุงูุงูุชุฒุงู ุจุงูุญุถูุฑ ูุงูุงูุตุฑุงู ูู ุงูููุงุนูุฏ ุงููุญุฏุฏุฉ ุฏูู ุชุฃุฎูุฑ ุฃู ุบูุงุจ ุบูุฑ ูุจุฑุฑ.', 'ุงูุงูุชุฒุงู ุจุงูููุงุนูุฏ', 'employee', 1, 34, '2025-05-26 19:21:02', '2025-05-26 19:21:02'),
(197, 'ุงูุงูุชุฒุงู ุจุงูููุงุนูุฏ ุงููุญุฏุฏุฉ ููุฌููุณ ุนูู ุงูุฌูุงุฒุ ูุน ุงูุฑุฏ ุนูู ุงูุฑุณุงุฆู ูู ุงูููุช ุงูููุงุณุจ ูุจุดูู ูุนูุงู.', 'ุงุฏุงุฑุฉ ุงูููุช ูุงูููุงุกุฉ', 'employee', 1, 34, '2025-05-26 19:21:02', '2025-05-26 19:21:02'),
(198, 'ุชูููุฐ ุงูุชุนูููุงุช ุจุฏูุฉ ููู ุชูุฌููุงุช ุฑุฆูุณ ุงููุณูุ ูุน ุงููุฏุฑุฉ ุนูู ุงูุงุณุชุฌุงุจุฉ ุงูุณุฑูุนุฉ ูู ุญุงูุงุช ุงูุทูุงุฑุฆ.', 'ุชูููุฐ ุงูุชุนูููุงุช', 'employee', 1, 34, '2025-05-26 19:21:02', '2025-05-26 19:21:02'),
(199, 'ุฅุชูุงู ุงูุชุนุงูู ูุน ุงูุฃูุธูุฉ ูุซู Respondุ ูุงุณุชุฎุฏุงู ุงูุฃุฏูุงุช ุงูุชูููุฉ ุงููุชุงุญุฉ ูุชูููุฐ ุงูููุงู ุจููุงุกุฉ.', 'ุงูุชุนุงูู ูุน ุงูุฃูุธูุฉ ูุงูุฃุฏูุงุช ุงูุชูููุฉ', 'employee', 1, 34, '2025-05-26 19:21:02', '2025-05-26 19:21:02'),
(200, 'ุงููุนุฑูุฉ ุงููุงููุฉ ุจูุญุชูู ุงูุฏูุฑุงุช ูุชูุงุตูููุงุ ูุงููุฏุฑุฉ ุนูู ุงูุฅุฌุงุจุฉ ุนู ุงูุงุณุชูุณุงุฑุงุช ุจุดูู ูุณุชูู.', 'ุงูุฅููุงู ุงูุชุงู ุจุงูุฏูุฑุงุช ุงูุชุฏุฑูุจูุฉ:', 'employee', 1, 34, '2025-05-26 19:21:02', '2025-05-26 19:21:02'),
(201, 'ุงููุฏุฑุฉ ุนูู ุงูุชูุงุตู ูุน ุงูุนููุงุก ุจุทุฑููุฉ ูุงุถุญุฉ ูุงุญุชุฑุงููุฉุ ูุน ุงูุงูุชูุงู ุจุชูุฏูู ุชุฌุฑุจุฉ ูููุฒุฉ.', 'ุงูุชูุงุตู ูุน ุงูุนููุงุก', 'employee', 1, 34, '2025-05-26 19:21:02', '2025-05-26 19:21:02'),
(202, 'ุณุฑุนุฉ ุงูุงุณุชุฌุงุจุฉ ููุงุณุชูุณุงุฑุงุช ูุงูุนูู ุนูู ุชูุจูุฉ ุงุญุชูุงุฌุงุช ุงูุนููุงุก ุจููุงุกุฉ.', 'ุงูุณุฑุนุฉ ูู ุงูุฑุฏ ุนูู ุงูุงุณุชูุณุงุฑุงุช', 'employee', 1, 34, '2025-05-26 19:21:02', '2025-05-26 19:21:02'),
(203, 'ุงููุฏุฑุฉ ุนูู ุงูุชุนูู ุงููุณุชูุฑุ ูุงุณุชุฎูุงุต ุงูุฏุฑูุณ ูู ุงูุฃุฎุทุงุก ูุชุฌูุจ ุชูุฑุงุฑูุง ูุชุญุณูู ุงูุฃุฏุงุก.', 'ุงูุชุนูู ูู ุงูุฃุฎุทุงุก', 'employee', 1, 34, '2025-05-26 19:21:02', '2025-05-26 19:21:02'),
(204, 'ุงููุฏุฑุฉ ุนูู ุญู ุงููุดููุงุช ุจูุนุงููุฉุ ูุน ุชูุฏูู ุญููู ูุจุชูุฑุฉ ูุนูููุฉ ุชูุจู ุงุญุชูุงุฌุงุช ุงูุนููู.', 'ุญู ุงููุดููุงุช', 'employee', 1, 34, '2025-05-26 19:21:02', '2025-05-26 19:21:02'),
(205, 'ุงูุชุนุงูู ุจููุงุกุฉ ูุน ุถุบุท ุงูุนููุ ูุงูุญูุงุธ ุนูู ุงูุฃุฏุงุก ุงูุฌูุฏ ุฃุซูุงุก ุชุนุฏุฏ ุงูููุงู.', 'ุงููุฏุฑุฉ ุนูู ุงูุนูู ุชุญุช ุงูุถุบุท', 'employee', 1, 34, '2025-05-26 19:21:02', '2025-05-26 19:21:02'),
(206, 'ูุฏู ุงูุชุฒุงู ุงูููุธู ุจุญุถูุฑ ุงูุฏูุฑุงุช ุงูุชุฏุฑูุจูุฉ ููุฑุด ุงูุนูู ุงูููุฑุฑุฉุ ููุดุงุฑูุชู ุงููุนูุงูุฉ ุฎูุงููุง ุจูุฏู ุชุทููุฑ ููุงุฑุงุชู ุงูุจูุนูุฉ ูุงููุนุฑููุฉ.', 'ุงูุงูุชุฒุงู ุจุญุถูุฑ ุงูุชุฏุฑูุจ', 'employee', 1, 34, '2025-05-26 19:21:02', '2025-05-26 19:21:02'),
(207, 'ุงูุงูุชุฒุงู ุจุฅุฌุฑุงุกุงุช ุงูุชุฏุฑุฌ ุงููุธููู ูู ูุณู ุงูุชุณุฌููุ ูุน ุฅุจูุงุบ ูุฏูุฑ ุงููุณู ุจูู ุงููุณุชุฌุฏุงุช ุจุดูู ุฏูุฑู.', 'ุงูุงูุชุฒุงู ุจุงูุชุฏุฑุฌ ุงููุธููู', 'employee', 1, 34, '2025-05-26 19:21:02', '2025-05-26 19:21:02'),
(208, 'ุงูุงูุชุฒุงู ุจุงูุญุถูุฑ ูุงูุงูุตุฑุงู ูู ุงูููุงุนูุฏ ุงููุญุฏุฏุฉ ุฏูู ุชุฃุฎูุฑ ุฃู ุบูุงุจ ุบูุฑ ูุจุฑุฑ.', 'ุงูุงูุชุฒุงู ุจุงูููุงุนูุฏ', 'employee', 1, 35, '2025-05-26 19:21:02', '2025-05-26 19:21:02'),
(209, 'ุงูุงูุชุฒุงู ุจุงูููุงุนูุฏ ุงููุญุฏุฏุฉ ููุฌููุณ ุนูู ุงูุฌูุงุฒุ ูุน ุงูุฑุฏ ุนูู ุงูุฑุณุงุฆู ูู ุงูููุช ุงูููุงุณุจ ูุจุดูู ูุนูุงู.', 'ุงุฏุงุฑุฉ ุงูููุช ูุงูููุงุกุฉ', 'employee', 1, 35, '2025-05-26 19:21:02', '2025-05-26 19:21:02'),
(210, 'ุชูููุฐ ุงูุชุนูููุงุช ุจุฏูุฉ ููู ุชูุฌููุงุช ุฑุฆูุณ ุงููุณูุ ูุน ุงููุฏุฑุฉ ุนูู ุงูุงุณุชุฌุงุจุฉ ุงูุณุฑูุนุฉ ูู ุญุงูุงุช ุงูุทูุงุฑุฆ.', 'ุชูููุฐ ุงูุชุนูููุงุช', 'employee', 1, 35, '2025-05-26 19:21:02', '2025-05-26 19:21:02'),
(211, 'ุฅุชูุงู ุงูุชุนุงูู ูุน ุงูุฃูุธูุฉ ูุซู Respondุ ูุงุณุชุฎุฏุงู ุงูุฃุฏูุงุช ุงูุชูููุฉ ุงููุชุงุญุฉ ูุชูููุฐ ุงูููุงู ุจููุงุกุฉ.', 'ุงูุชุนุงูู ูุน ุงูุฃูุธูุฉ ูุงูุฃุฏูุงุช ุงูุชูููุฉ', 'employee', 1, 35, '2025-05-26 19:21:02', '2025-05-26 19:21:02'),
(212, 'ุงููุนุฑูุฉ ุงููุงููุฉ ุจูุญุชูู ุงูุฏูุฑุงุช ูุชูุงุตูููุงุ ูุงููุฏุฑุฉ ุนูู ุงูุฅุฌุงุจุฉ ุนู ุงูุงุณุชูุณุงุฑุงุช ุจุดูู ูุณุชูู.', 'ุงูุฅููุงู ุงูุชุงู ุจุงูุฏูุฑุงุช ุงูุชุฏุฑูุจูุฉ:', 'employee', 1, 35, '2025-05-26 19:21:02', '2025-05-26 19:21:02'),
(213, 'ุงููุฏุฑุฉ ุนูู ุงูุชูุงุตู ูุน ุงูุนููุงุก ุจุทุฑููุฉ ูุงุถุญุฉ ูุงุญุชุฑุงููุฉุ ูุน ุงูุงูุชูุงู ุจุชูุฏูู ุชุฌุฑุจุฉ ูููุฒุฉ.', 'ุงูุชูุงุตู ูุน ุงูุนููุงุก', 'employee', 1, 35, '2025-05-26 19:21:02', '2025-05-26 19:21:02'),
(214, 'ุณุฑุนุฉ ุงูุงุณุชุฌุงุจุฉ ููุงุณุชูุณุงุฑุงุช ูุงูุนูู ุนูู ุชูุจูุฉ ุงุญุชูุงุฌุงุช ุงูุนููุงุก ุจููุงุกุฉ.', 'ุงูุณุฑุนุฉ ูู ุงูุฑุฏ ุนูู ุงูุงุณุชูุณุงุฑุงุช', 'employee', 1, 35, '2025-05-26 19:21:02', '2025-05-26 19:21:02'),
(215, 'ุงููุฏุฑุฉ ุนูู ุงูุชุนูู ุงููุณุชูุฑุ ูุงุณุชุฎูุงุต ุงูุฏุฑูุณ ูู ุงูุฃุฎุทุงุก ูุชุฌูุจ ุชูุฑุงุฑูุง ูุชุญุณูู ุงูุฃุฏุงุก.', 'ุงูุชุนูู ูู ุงูุฃุฎุทุงุก', 'employee', 1, 35, '2025-05-26 19:21:02', '2025-05-26 19:21:02'),
(216, 'ุงููุฏุฑุฉ ุนูู ุญู ุงููุดููุงุช ุจูุนุงููุฉุ ูุน ุชูุฏูู ุญููู ูุจุชูุฑุฉ ูุนูููุฉ ุชูุจู ุงุญุชูุงุฌุงุช ุงูุนููู.', 'ุญู ุงููุดููุงุช', 'employee', 1, 35, '2025-05-26 19:21:02', '2025-05-26 19:21:02'),
(217, 'ุงูุชุนุงูู ุจููุงุกุฉ ูุน ุถุบุท ุงูุนููุ ูุงูุญูุงุธ ุนูู ุงูุฃุฏุงุก ุงูุฌูุฏ ุฃุซูุงุก ุชุนุฏุฏ ุงูููุงู.', 'ุงููุฏุฑุฉ ุนูู ุงูุนูู ุชุญุช ุงูุถุบุท', 'employee', 1, 35, '2025-05-26 19:21:02', '2025-05-26 19:21:02'),
(218, 'ูุฏู ุงูุชุฒุงู ุงูููุธู ุจุญุถูุฑ ุงูุฏูุฑุงุช ุงูุชุฏุฑูุจูุฉ ููุฑุด ุงูุนูู ุงูููุฑุฑุฉุ ููุดุงุฑูุชู ุงููุนูุงูุฉ ุฎูุงููุง ุจูุฏู ุชุทููุฑ ููุงุฑุงุชู ุงูุจูุนูุฉ ูุงููุนุฑููุฉ.', 'ุงูุงูุชุฒุงู ุจุญุถูุฑ ุงูุชุฏุฑูุจ', 'employee', 1, 35, '2025-05-26 19:21:02', '2025-05-26 19:21:02'),
(219, 'ุงูุงูุชุฒุงู ุจุฅุฌุฑุงุกุงุช ุงูุชุฏุฑุฌ ุงููุธููู ูู ูุณู ุงูุชุณุฌููุ ูุน ุฅุจูุงุบ ูุฏูุฑ ุงููุณู ุจูู ุงููุณุชุฌุฏุงุช ุจุดูู ุฏูุฑู.', 'ุงูุงูุชุฒุงู ุจุงูุชุฏุฑุฌ ุงููุธููู', 'employee', 1, 35, '2025-05-26 19:21:02', '2025-05-26 19:21:02'),
(220, 'ุงูุงูุชุฒุงู ุจุงูุญุถูุฑ ูุงูุงูุตุฑุงู ูู ุงูููุงุนูุฏ ุงููุญุฏุฏุฉ ุฏูู ุชุฃุฎูุฑ ุฃู ุบูุงุจ ุบูุฑ ูุจุฑุฑ.', 'ุงูุงูุชุฒุงู ุจุงูููุงุนูุฏ', 'employee', 1, 36, '2025-05-26 19:21:02', '2025-05-26 19:21:02'),
(221, 'ุงูุงูุชุฒุงู ุจุงูููุงุนูุฏ ุงููุญุฏุฏุฉ ููุฌููุณ ุนูู ุงูุฌูุงุฒุ ูุน ุงูุฑุฏ ุนูู ุงูุฑุณุงุฆู ูู ุงูููุช ุงูููุงุณุจ ูุจุดูู ูุนูุงู.', 'ุงุฏุงุฑุฉ ุงูููุช ูุงูููุงุกุฉ', 'employee', 1, 36, '2025-05-26 19:21:02', '2025-05-26 19:21:02'),
(222, 'ุชูููุฐ ุงูุชุนูููุงุช ุจุฏูุฉ ููู ุชูุฌููุงุช ุฑุฆูุณ ุงููุณูุ ูุน ุงููุฏุฑุฉ ุนูู ุงูุงุณุชุฌุงุจุฉ ุงูุณุฑูุนุฉ ูู ุญุงูุงุช ุงูุทูุงุฑุฆ.', 'ุชูููุฐ ุงูุชุนูููุงุช', 'employee', 1, 36, '2025-05-26 19:21:02', '2025-05-26 19:21:02'),
(223, 'ุฅุชูุงู ุงูุชุนุงูู ูุน ุงูุฃูุธูุฉ ูุซู Respondุ ูุงุณุชุฎุฏุงู ุงูุฃุฏูุงุช ุงูุชูููุฉ ุงููุชุงุญุฉ ูุชูููุฐ ุงูููุงู ุจููุงุกุฉ.', 'ุงูุชุนุงูู ูุน ุงูุฃูุธูุฉ ูุงูุฃุฏูุงุช ุงูุชูููุฉ', 'employee', 1, 36, '2025-05-26 19:21:02', '2025-05-26 19:21:02'),
(224, 'ุงููุนุฑูุฉ ุงููุงููุฉ ุจูุญุชูู ุงูุฏูุฑุงุช ูุชูุงุตูููุงุ ูุงููุฏุฑุฉ ุนูู ุงูุฅุฌุงุจุฉ ุนู ุงูุงุณุชูุณุงุฑุงุช ุจุดูู ูุณุชูู.', 'ุงูุฅููุงู ุงูุชุงู ุจุงูุฏูุฑุงุช ุงูุชุฏุฑูุจูุฉ:', 'employee', 1, 36, '2025-05-26 19:21:02', '2025-05-26 19:21:02'),
(225, 'ุงููุฏุฑุฉ ุนูู ุงูุชูุงุตู ูุน ุงูุนููุงุก ุจุทุฑููุฉ ูุงุถุญุฉ ูุงุญุชุฑุงููุฉุ ูุน ุงูุงูุชูุงู ุจุชูุฏูู ุชุฌุฑุจุฉ ูููุฒุฉ.', 'ุงูุชูุงุตู ูุน ุงูุนููุงุก', 'employee', 1, 36, '2025-05-26 19:21:02', '2025-05-26 19:21:02'),
(226, 'ุณุฑุนุฉ ุงูุงุณุชุฌุงุจุฉ ููุงุณุชูุณุงุฑุงุช ูุงูุนูู ุนูู ุชูุจูุฉ ุงุญุชูุงุฌุงุช ุงูุนููุงุก ุจููุงุกุฉ.', 'ุงูุณุฑุนุฉ ูู ุงูุฑุฏ ุนูู ุงูุงุณุชูุณุงุฑุงุช', 'employee', 1, 36, '2025-05-26 19:21:02', '2025-05-26 19:21:02'),
(227, 'ุงููุฏุฑุฉ ุนูู ุงูุชุนูู ุงููุณุชูุฑุ ูุงุณุชุฎูุงุต ุงูุฏุฑูุณ ูู ุงูุฃุฎุทุงุก ูุชุฌูุจ ุชูุฑุงุฑูุง ูุชุญุณูู ุงูุฃุฏุงุก.', 'ุงูุชุนูู ูู ุงูุฃุฎุทุงุก', 'employee', 1, 36, '2025-05-26 19:21:02', '2025-05-26 19:21:02'),
(228, 'ุงููุฏุฑุฉ ุนูู ุญู ุงููุดููุงุช ุจูุนุงููุฉุ ูุน ุชูุฏูู ุญููู ูุจุชูุฑุฉ ูุนูููุฉ ุชูุจู ุงุญุชูุงุฌุงุช ุงูุนููู.', 'ุญู ุงููุดููุงุช', 'employee', 1, 36, '2025-05-26 19:21:02', '2025-05-26 19:21:02'),
(229, 'ุงูุชุนุงูู ุจููุงุกุฉ ูุน ุถุบุท ุงูุนููุ ูุงูุญูุงุธ ุนูู ุงูุฃุฏุงุก ุงูุฌูุฏ ุฃุซูุงุก ุชุนุฏุฏ ุงูููุงู.', 'ุงููุฏุฑุฉ ุนูู ุงูุนูู ุชุญุช ุงูุถุบุท', 'employee', 1, 36, '2025-05-26 19:21:02', '2025-05-26 19:21:02'),
(230, 'ูุฏู ุงูุชุฒุงู ุงูููุธู ุจุญุถูุฑ ุงูุฏูุฑุงุช ุงูุชุฏุฑูุจูุฉ ููุฑุด ุงูุนูู ุงูููุฑุฑุฉุ ููุดุงุฑูุชู ุงููุนูุงูุฉ ุฎูุงููุง ุจูุฏู ุชุทููุฑ ููุงุฑุงุชู ุงูุจูุนูุฉ ูุงููุนุฑููุฉ.', 'ุงูุงูุชุฒุงู ุจุญุถูุฑ ุงูุชุฏุฑูุจ', 'employee', 1, 36, '2025-05-26 19:21:02', '2025-05-26 19:21:02'),
(231, 'ุงูุงูุชุฒุงู ุจุฅุฌุฑุงุกุงุช ุงูุชุฏุฑุฌ ุงููุธููู ูู ูุณู ุงูุชุณุฌููุ ูุน ุฅุจูุงุบ ูุฏูุฑ ุงููุณู ุจูู ุงููุณุชุฌุฏุงุช ุจุดูู ุฏูุฑู.', 'ุงูุงูุชุฒุงู ุจุงูุชุฏุฑุฌ ุงููุธููู', 'employee', 1, 36, '2025-05-26 19:21:02', '2025-05-26 19:21:02'),
(232, 'ุงูุงูุชุฒุงู ุจุงูุญุถูุฑ ูุงูุงูุตุฑุงู ูู ุงูููุงุนูุฏ ุงููุญุฏุฏุฉ ุฏูู ุชุฃุฎูุฑ ุฃู ุบูุงุจ ุบูุฑ ูุจุฑุฑ.', 'ุงูุงูุชุฒุงู ุจุงูููุงุนูุฏ', 'employee', 1, 37, '2025-05-26 19:21:02', '2025-05-26 19:21:02'),
(233, 'ุงูุงูุชุฒุงู ุจุงูููุงุนูุฏ ุงููุญุฏุฏุฉ ููุฌููุณ ุนูู ุงูุฌูุงุฒุ ูุน ุงูุฑุฏ ุนูู ุงูุฑุณุงุฆู ูู ุงูููุช ุงูููุงุณุจ ูุจุดูู ูุนูุงู.', 'ุงุฏุงุฑุฉ ุงูููุช ูุงูููุงุกุฉ', 'employee', 1, 37, '2025-05-26 19:21:02', '2025-05-26 19:21:02'),
(234, 'ุชูููุฐ ุงูุชุนูููุงุช ุจุฏูุฉ ููู ุชูุฌููุงุช ุฑุฆูุณ ุงููุณูุ ูุน ุงููุฏุฑุฉ ุนูู ุงูุงุณุชุฌุงุจุฉ ุงูุณุฑูุนุฉ ูู ุญุงูุงุช ุงูุทูุงุฑุฆ.', 'ุชูููุฐ ุงูุชุนูููุงุช', 'employee', 1, 37, '2025-05-26 19:21:02', '2025-05-26 19:21:02'),
(235, 'ุฅุชูุงู ุงูุชุนุงูู ูุน ุงูุฃูุธูุฉ ูุซู Respondุ ูุงุณุชุฎุฏุงู ุงูุฃุฏูุงุช ุงูุชูููุฉ ุงููุชุงุญุฉ ูุชูููุฐ ุงูููุงู ุจููุงุกุฉ.', 'ุงูุชุนุงูู ูุน ุงูุฃูุธูุฉ ูุงูุฃุฏูุงุช ุงูุชูููุฉ', 'employee', 1, 37, '2025-05-26 19:21:02', '2025-05-26 19:21:02'),
(236, 'ุงููุนุฑูุฉ ุงููุงููุฉ ุจูุญุชูู ุงูุฏูุฑุงุช ูุชูุงุตูููุงุ ูุงููุฏุฑุฉ ุนูู ุงูุฅุฌุงุจุฉ ุนู ุงูุงุณุชูุณุงุฑุงุช ุจุดูู ูุณุชูู.', 'ุงูุฅููุงู ุงูุชุงู ุจุงูุฏูุฑุงุช ุงูุชุฏุฑูุจูุฉ:', 'employee', 1, 37, '2025-05-26 19:21:02', '2025-05-26 19:21:02'),
(237, 'ุงููุฏุฑุฉ ุนูู ุงูุชูุงุตู ูุน ุงูุนููุงุก ุจุทุฑููุฉ ูุงุถุญุฉ ูุงุญุชุฑุงููุฉุ ูุน ุงูุงูุชูุงู ุจุชูุฏูู ุชุฌุฑุจุฉ ูููุฒุฉ.', 'ุงูุชูุงุตู ูุน ุงูุนููุงุก', 'employee', 1, 37, '2025-05-26 19:21:02', '2025-05-26 19:21:02'),
(238, 'ุณุฑุนุฉ ุงูุงุณุชุฌุงุจุฉ ููุงุณุชูุณุงุฑุงุช ูุงูุนูู ุนูู ุชูุจูุฉ ุงุญุชูุงุฌุงุช ุงูุนููุงุก ุจููุงุกุฉ.', 'ุงูุณุฑุนุฉ ูู ุงูุฑุฏ ุนูู ุงูุงุณุชูุณุงุฑุงุช', 'employee', 1, 37, '2025-05-26 19:21:02', '2025-05-26 19:21:02'),
(239, 'ุงููุฏุฑุฉ ุนูู ุงูุชุนูู ุงููุณุชูุฑุ ูุงุณุชุฎูุงุต ุงูุฏุฑูุณ ูู ุงูุฃุฎุทุงุก ูุชุฌูุจ ุชูุฑุงุฑูุง ูุชุญุณูู ุงูุฃุฏุงุก.', 'ุงูุชุนูู ูู ุงูุฃุฎุทุงุก', 'employee', 1, 37, '2025-05-26 19:21:02', '2025-05-26 19:21:02'),
(240, 'ุงููุฏุฑุฉ ุนูู ุญู ุงููุดููุงุช ุจูุนุงููุฉุ ูุน ุชูุฏูู ุญููู ูุจุชูุฑุฉ ูุนูููุฉ ุชูุจู ุงุญุชูุงุฌุงุช ุงูุนููู.', 'ุญู ุงููุดููุงุช', 'employee', 1, 37, '2025-05-26 19:21:02', '2025-05-26 19:21:02'),
(241, 'ุงูุชุนุงูู ุจููุงุกุฉ ูุน ุถุบุท ุงูุนููุ ูุงูุญูุงุธ ุนูู ุงูุฃุฏุงุก ุงูุฌูุฏ ุฃุซูุงุก ุชุนุฏุฏ ุงูููุงู.', 'ุงููุฏุฑุฉ ุนูู ุงูุนูู ุชุญุช ุงูุถุบุท', 'employee', 1, 37, '2025-05-26 19:21:02', '2025-05-26 19:21:02'),
(242, 'ูุฏู ุงูุชุฒุงู ุงูููุธู ุจุญุถูุฑ ุงูุฏูุฑุงุช ุงูุชุฏุฑูุจูุฉ ููุฑุด ุงูุนูู ุงูููุฑุฑุฉุ ููุดุงุฑูุชู ุงููุนูุงูุฉ ุฎูุงููุง ุจูุฏู ุชุทููุฑ ููุงุฑุงุชู ุงูุจูุนูุฉ ูุงููุนุฑููุฉ.', 'ุงูุงูุชุฒุงู ุจุญุถูุฑ ุงูุชุฏุฑูุจ', 'employee', 1, 37, '2025-05-26 19:21:02', '2025-05-26 19:21:02'),
(243, 'ุงูุงูุชุฒุงู ุจุฅุฌุฑุงุกุงุช ุงูุชุฏุฑุฌ ุงููุธููู ูู ูุณู ุงูุชุณุฌููุ ูุน ุฅุจูุงุบ ูุฏูุฑ ุงููุณู ุจูู ุงููุณุชุฌุฏุงุช ุจุดูู ุฏูุฑู.', 'ุงูุงูุชุฒุงู ุจุงูุชุฏุฑุฌ ุงููุธููู', 'employee', 1, 37, '2025-05-26 19:21:02', '2025-05-26 19:21:02'),
(244, 'ุงูุงูุชุฒุงู ุจุงูุญุถูุฑ ูุงูุงูุตุฑุงู ูู ุงูููุงุนูุฏ ุงููุญุฏุฏุฉ ุฏูู ุชุฃุฎูุฑ ุฃู ุบูุงุจ ุบูุฑ ูุจุฑุฑ.', 'ุงูุงูุชุฒุงู ุจุงูููุงุนูุฏ', 'employee', 1, 38, '2025-05-26 19:21:02', '2025-05-26 19:21:02'),
(245, 'ุงูุงูุชุฒุงู ุจุงูููุงุนูุฏ ุงููุญุฏุฏุฉ ููุฌููุณ ุนูู ุงูุฌูุงุฒุ ูุน ุงูุฑุฏ ุนูู ุงูุฑุณุงุฆู ูู ุงูููุช ุงูููุงุณุจ ูุจุดูู ูุนูุงู.', 'ุงุฏุงุฑุฉ ุงูููุช ูุงูููุงุกุฉ', 'employee', 1, 38, '2025-05-26 19:21:02', '2025-05-26 19:21:02'),
(246, 'ุชูููุฐ ุงูุชุนูููุงุช ุจุฏูุฉ ููู ุชูุฌููุงุช ุฑุฆูุณ ุงููุณูุ ูุน ุงููุฏุฑุฉ ุนูู ุงูุงุณุชุฌุงุจุฉ ุงูุณุฑูุนุฉ ูู ุญุงูุงุช ุงูุทูุงุฑุฆ.', 'ุชูููุฐ ุงูุชุนูููุงุช', 'employee', 1, 38, '2025-05-26 19:21:02', '2025-05-26 19:21:02'),
(247, 'ุฅุชูุงู ุงูุชุนุงูู ูุน ุงูุฃูุธูุฉ ูุซู Respondุ ูุงุณุชุฎุฏุงู ุงูุฃุฏูุงุช ุงูุชูููุฉ ุงููุชุงุญุฉ ูุชูููุฐ ุงูููุงู ุจููุงุกุฉ.', 'ุงูุชุนุงูู ูุน ุงูุฃูุธูุฉ ูุงูุฃุฏูุงุช ุงูุชูููุฉ', 'employee', 1, 38, '2025-05-26 19:21:02', '2025-05-26 19:21:02'),
(248, 'ุงููุนุฑูุฉ ุงููุงููุฉ ุจูุญุชูู ุงูุฏูุฑุงุช ูุชูุงุตูููุงุ ูุงููุฏุฑุฉ ุนูู ุงูุฅุฌุงุจุฉ ุนู ุงูุงุณุชูุณุงุฑุงุช ุจุดูู ูุณุชูู.', 'ุงูุฅููุงู ุงูุชุงู ุจุงูุฏูุฑุงุช ุงูุชุฏุฑูุจูุฉ:', 'employee', 1, 38, '2025-05-26 19:21:02', '2025-05-26 19:21:02'),
(249, 'ุงููุฏุฑุฉ ุนูู ุงูุชูุงุตู ูุน ุงูุนููุงุก ุจุทุฑููุฉ ูุงุถุญุฉ ูุงุญุชุฑุงููุฉุ ูุน ุงูุงูุชูุงู ุจุชูุฏูู ุชุฌุฑุจุฉ ูููุฒุฉ.', 'ุงูุชูุงุตู ูุน ุงูุนููุงุก', 'employee', 1, 38, '2025-05-26 19:21:02', '2025-05-26 19:21:02'),
(250, 'ุณุฑุนุฉ ุงูุงุณุชุฌุงุจุฉ ููุงุณุชูุณุงุฑุงุช ูุงูุนูู ุนูู ุชูุจูุฉ ุงุญุชูุงุฌุงุช ุงูุนููุงุก ุจููุงุกุฉ.', 'ุงูุณุฑุนุฉ ูู ุงูุฑุฏ ุนูู ุงูุงุณุชูุณุงุฑุงุช', 'employee', 1, 38, '2025-05-26 19:21:02', '2025-05-26 19:21:02'),
(251, 'ุงููุฏุฑุฉ ุนูู ุงูุชุนูู ุงููุณุชูุฑุ ูุงุณุชุฎูุงุต ุงูุฏุฑูุณ ูู ุงูุฃุฎุทุงุก ูุชุฌูุจ ุชูุฑุงุฑูุง ูุชุญุณูู ุงูุฃุฏุงุก.', 'ุงูุชุนูู ูู ุงูุฃุฎุทุงุก', 'employee', 1, 38, '2025-05-26 19:21:02', '2025-05-26 19:21:02'),
(252, 'ุงููุฏุฑุฉ ุนูู ุญู ุงููุดููุงุช ุจูุนุงููุฉุ ูุน ุชูุฏูู ุญููู ูุจุชูุฑุฉ ูุนูููุฉ ุชูุจู ุงุญุชูุงุฌุงุช ุงูุนููู.', 'ุญู ุงููุดููุงุช', 'employee', 1, 38, '2025-05-26 19:21:02', '2025-05-26 19:21:02'),
(253, 'ุงูุชุนุงูู ุจููุงุกุฉ ูุน ุถุบุท ุงูุนููุ ูุงูุญูุงุธ ุนูู ุงูุฃุฏุงุก ุงูุฌูุฏ ุฃุซูุงุก ุชุนุฏุฏ ุงูููุงู.', 'ุงููุฏุฑุฉ ุนูู ุงูุนูู ุชุญุช ุงูุถุบุท', 'employee', 1, 38, '2025-05-26 19:21:02', '2025-05-26 19:21:02'),
(254, 'ูุฏู ุงูุชุฒุงู ุงูููุธู ุจุญุถูุฑ ุงูุฏูุฑุงุช ุงูุชุฏุฑูุจูุฉ ููุฑุด ุงูุนูู ุงูููุฑุฑุฉุ ููุดุงุฑูุชู ุงููุนูุงูุฉ ุฎูุงููุง ุจูุฏู ุชุทููุฑ ููุงุฑุงุชู ุงูุจูุนูุฉ ูุงููุนุฑููุฉ.', 'ุงูุงูุชุฒุงู ุจุญุถูุฑ ุงูุชุฏุฑูุจ', 'employee', 1, 38, '2025-05-26 19:21:02', '2025-05-26 19:21:02'),
(255, 'ุงูุงูุชุฒุงู ุจุฅุฌุฑุงุกุงุช ุงูุชุฏุฑุฌ ุงููุธููู ูู ูุณู ุงูุชุณุฌููุ ูุน ุฅุจูุงุบ ูุฏูุฑ ุงููุณู ุจูู ุงููุณุชุฌุฏุงุช ุจุดูู ุฏูุฑู.', 'ุงูุงูุชุฒุงู ุจุงูุชุฏุฑุฌ ุงููุธููู', 'employee', 1, 38, '2025-05-26 19:21:02', '2025-05-26 19:21:02'),
(256, 'ุงูุงูุชุฒุงู ุจุงูุญุถูุฑ ูุงูุงูุตุฑุงู ูู ุงูููุงุนูุฏ ุงููุญุฏุฏุฉ ุฏูู ุชุฃุฎูุฑ ุฃู ุบูุงุจ ุบูุฑ ูุจุฑุฑ.', 'ุงูุงูุชุฒุงู ุจุงูููุงุนูุฏ', 'employee', 1, 39, '2025-05-26 19:27:30', '2025-05-26 19:27:30'),
(257, 'ุงูุงูุชุฒุงู ุจุงูููุงุนูุฏ ุงููุญุฏุฏุฉ ููุฌููุณ ุนูู ุงูุฌูุงุฒุ ูุน ุงูุฑุฏ ุนูู ุงูุฑุณุงุฆู ูู ุงูููุช ุงูููุงุณุจ ูุจุดูู ูุนูุงู.', 'ุงุฏุงุฑุฉ ุงูููุช ูุงูููุงุกุฉ', 'employee', 1, 39, '2025-05-26 19:27:30', '2025-05-26 19:27:30'),
(258, 'ุชูููุฐ ุงูุชุนูููุงุช ุจุฏูุฉ ููู ุชูุฌููุงุช ุฑุฆูุณ ุงููุณูุ ูุน ุงููุฏุฑุฉ ุนูู ุงูุงุณุชุฌุงุจุฉ ุงูุณุฑูุนุฉ ูู ุญุงูุงุช ุงูุทูุงุฑุฆ.', 'ุชูููุฐ ุงูุชุนูููุงุช', 'employee', 1, 39, '2025-05-26 19:27:30', '2025-05-26 19:27:30'),
(259, 'ุฅุชูุงู ุงูุชุนุงูู ูุน ุงูุฃูุธูุฉ ูุซู Respondุ ูุงุณุชุฎุฏุงู ุงูุฃุฏูุงุช ุงูุชูููุฉ ุงููุชุงุญุฉ ูุชูููุฐ ุงูููุงู ุจููุงุกุฉ.', 'ุงูุชุนุงูู ูุน ุงูุฃูุธูุฉ ูุงูุฃุฏูุงุช ุงูุชูููุฉ', 'employee', 1, 39, '2025-05-26 19:27:30', '2025-05-26 19:27:30'),
(260, 'ุงููุนุฑูุฉ ุงููุงููุฉ ุจูุญุชูู ุงูุฏูุฑุงุช ูุชูุงุตูููุงุ ูุงููุฏุฑุฉ ุนูู ุงูุฅุฌุงุจุฉ ุนู ุงูุงุณุชูุณุงุฑุงุช ุจุดูู ูุณุชูู.', 'ุงูุฅููุงู ุงูุชุงู ุจุงูุฏูุฑุงุช ุงูุชุฏุฑูุจูุฉ:', 'employee', 1, 39, '2025-05-26 19:27:30', '2025-05-26 19:27:30'),
(261, 'ุงููุฏุฑุฉ ุนูู ุงูุชูุงุตู ูุน ุงูุนููุงุก ุจุทุฑููุฉ ูุงุถุญุฉ ูุงุญุชุฑุงููุฉุ ูุน ุงูุงูุชูุงู ุจุชูุฏูู ุชุฌุฑุจุฉ ูููุฒุฉ.', 'ุงูุชูุงุตู ูุน ุงูุนููุงุก', 'employee', 1, 39, '2025-05-26 19:27:30', '2025-05-26 19:27:30'),
(262, 'ุณุฑุนุฉ ุงูุงุณุชุฌุงุจุฉ ููุงุณุชูุณุงุฑุงุช ูุงูุนูู ุนูู ุชูุจูุฉ ุงุญุชูุงุฌุงุช ุงูุนููุงุก ุจููุงุกุฉ.', 'ุงูุณุฑุนุฉ ูู ุงูุฑุฏ ุนูู ุงูุงุณุชูุณุงุฑุงุช', 'employee', 1, 39, '2025-05-26 19:27:30', '2025-05-26 19:27:30'),
(263, 'ุงููุฏุฑุฉ ุนูู ุงูุชุนูู ุงููุณุชูุฑุ ูุงุณุชุฎูุงุต ุงูุฏุฑูุณ ูู ุงูุฃุฎุทุงุก ูุชุฌูุจ ุชูุฑุงุฑูุง ูุชุญุณูู ุงูุฃุฏุงุก.', 'ุงูุชุนูู ูู ุงูุฃุฎุทุงุก', 'employee', 1, 39, '2025-05-26 19:27:30', '2025-05-26 19:27:30'),
(264, 'ุงููุฏุฑุฉ ุนูู ุญู ุงููุดููุงุช ุจูุนุงููุฉุ ูุน ุชูุฏูู ุญููู ูุจุชูุฑุฉ ูุนูููุฉ ุชูุจู ุงุญุชูุงุฌุงุช ุงูุนููู.', 'ุญู ุงููุดููุงุช', 'employee', 1, 39, '2025-05-26 19:27:30', '2025-05-26 19:27:30'),
(265, 'ุงูุชุนุงูู ุจููุงุกุฉ ูุน ุถุบุท ุงูุนููุ ูุงูุญูุงุธ ุนูู ุงูุฃุฏุงุก ุงูุฌูุฏ ุฃุซูุงุก ุชุนุฏุฏ ุงูููุงู.', 'ุงููุฏุฑุฉ ุนูู ุงูุนูู ุชุญุช ุงูุถุบุท', 'employee', 1, 39, '2025-05-26 19:27:30', '2025-05-26 19:27:30'),
(266, 'ูุฏู ุงูุชุฒุงู ุงูููุธู ุจุญุถูุฑ ุงูุฏูุฑุงุช ุงูุชุฏุฑูุจูุฉ ููุฑุด ุงูุนูู ุงูููุฑุฑุฉุ ููุดุงุฑูุชู ุงููุนูุงูุฉ ุฎูุงููุง ุจูุฏู ุชุทููุฑ ููุงุฑุงุชู ุงูุจูุนูุฉ ูุงููุนุฑููุฉ.', 'ุงูุงูุชุฒุงู ุจุญุถูุฑ ุงูุชุฏุฑูุจ', 'employee', 1, 39, '2025-05-26 19:27:30', '2025-05-26 19:27:30'),
(267, 'ุงูุงูุชุฒุงู ุจุฅุฌุฑุงุกุงุช ุงูุชุฏุฑุฌ ุงููุธููู ูู ูุณู ุงูุชุณุฌููุ ูุน ุฅุจูุงุบ ูุฏูุฑ ุงููุณู ุจูู ุงููุณุชุฌุฏุงุช ุจุดูู ุฏูุฑู.', 'ุงูุงูุชุฒุงู ุจุงูุชุฏุฑุฌ ุงููุธููู', 'employee', 1, 39, '2025-05-26 19:27:30', '2025-05-26 19:27:30'),
(268, 'ุงูุงูุชุฒุงู ุจุงูุญุถูุฑ ูุงูุงูุตุฑุงู ูู ุงูููุงุนูุฏ ุงููุญุฏุฏุฉ ุฏูู ุชุฃุฎูุฑ ุฃู ุบูุงุจ ุบูุฑ ูุจุฑุฑ.', 'ุงูุงูุชุฒุงู ุจุงูููุงุนูุฏ', 'employee', 1, 40, '2025-05-26 19:27:30', '2025-05-26 19:27:30'),
(269, 'ุงูุงูุชุฒุงู ุจุงูููุงุนูุฏ ุงููุญุฏุฏุฉ ููุฌููุณ ุนูู ุงูุฌูุงุฒุ ูุน ุงูุฑุฏ ุนูู ุงูุฑุณุงุฆู ูู ุงูููุช ุงูููุงุณุจ ูุจุดูู ูุนูุงู.', 'ุงุฏุงุฑุฉ ุงูููุช ูุงูููุงุกุฉ', 'employee', 1, 40, '2025-05-26 19:27:30', '2025-05-26 19:27:30'),
(270, 'ุชูููุฐ ุงูุชุนูููุงุช ุจุฏูุฉ ููู ุชูุฌููุงุช ุฑุฆูุณ ุงููุณูุ ูุน ุงููุฏุฑุฉ ุนูู ุงูุงุณุชุฌุงุจุฉ ุงูุณุฑูุนุฉ ูู ุญุงูุงุช ุงูุทูุงุฑุฆ.', 'ุชูููุฐ ุงูุชุนูููุงุช', 'employee', 1, 40, '2025-05-26 19:27:30', '2025-05-26 19:27:30'),
(271, 'ุฅุชูุงู ุงูุชุนุงูู ูุน ุงูุฃูุธูุฉ ูุซู Respondุ ูุงุณุชุฎุฏุงู ุงูุฃุฏูุงุช ุงูุชูููุฉ ุงููุชุงุญุฉ ูุชูููุฐ ุงูููุงู ุจููุงุกุฉ.', 'ุงูุชุนุงูู ูุน ุงูุฃูุธูุฉ ูุงูุฃุฏูุงุช ุงูุชูููุฉ', 'employee', 1, 40, '2025-05-26 19:27:30', '2025-05-26 19:27:30'),
(272, 'ุงููุนุฑูุฉ ุงููุงููุฉ ุจูุญุชูู ุงูุฏูุฑุงุช ูุชูุงุตูููุงุ ูุงููุฏุฑุฉ ุนูู ุงูุฅุฌุงุจุฉ ุนู ุงูุงุณุชูุณุงุฑุงุช ุจุดูู ูุณุชูู.', 'ุงูุฅููุงู ุงูุชุงู ุจุงูุฏูุฑุงุช ุงูุชุฏุฑูุจูุฉ:', 'employee', 1, 40, '2025-05-26 19:27:30', '2025-05-26 19:27:30'),
(273, 'ุงููุฏุฑุฉ ุนูู ุงูุชูุงุตู ูุน ุงูุนููุงุก ุจุทุฑููุฉ ูุงุถุญุฉ ูุงุญุชุฑุงููุฉุ ูุน ุงูุงูุชูุงู ุจุชูุฏูู ุชุฌุฑุจุฉ ูููุฒุฉ.', 'ุงูุชูุงุตู ูุน ุงูุนููุงุก', 'employee', 1, 40, '2025-05-26 19:27:30', '2025-05-26 19:27:30'),
(274, 'ุณุฑุนุฉ ุงูุงุณุชุฌุงุจุฉ ููุงุณุชูุณุงุฑุงุช ูุงูุนูู ุนูู ุชูุจูุฉ ุงุญุชูุงุฌุงุช ุงูุนููุงุก ุจููุงุกุฉ.', 'ุงูุณุฑุนุฉ ูู ุงูุฑุฏ ุนูู ุงูุงุณุชูุณุงุฑุงุช', 'employee', 1, 40, '2025-05-26 19:27:30', '2025-05-26 19:27:30'),
(275, 'ุงููุฏุฑุฉ ุนูู ุงูุชุนูู ุงููุณุชูุฑุ ูุงุณุชุฎูุงุต ุงูุฏุฑูุณ ูู ุงูุฃุฎุทุงุก ูุชุฌูุจ ุชูุฑุงุฑูุง ูุชุญุณูู ุงูุฃุฏุงุก.', 'ุงูุชุนูู ูู ุงูุฃุฎุทุงุก', 'employee', 1, 40, '2025-05-26 19:27:30', '2025-05-26 19:27:30'),
(276, 'ุงููุฏุฑุฉ ุนูู ุญู ุงููุดููุงุช ุจูุนุงููุฉุ ูุน ุชูุฏูู ุญููู ูุจุชูุฑุฉ ูุนูููุฉ ุชูุจู ุงุญุชูุงุฌุงุช ุงูุนููู.', 'ุญู ุงููุดููุงุช', 'employee', 1, 40, '2025-05-26 19:27:30', '2025-05-26 19:27:30'),
(277, 'ุงูุชุนุงูู ุจููุงุกุฉ ูุน ุถุบุท ุงูุนููุ ูุงูุญูุงุธ ุนูู ุงูุฃุฏุงุก ุงูุฌูุฏ ุฃุซูุงุก ุชุนุฏุฏ ุงูููุงู.', 'ุงููุฏุฑุฉ ุนูู ุงูุนูู ุชุญุช ุงูุถุบุท', 'employee', 1, 40, '2025-05-26 19:27:30', '2025-05-26 19:27:30'),
(278, 'ูุฏู ุงูุชุฒุงู ุงูููุธู ุจุญุถูุฑ ุงูุฏูุฑุงุช ุงูุชุฏุฑูุจูุฉ ููุฑุด ุงูุนูู ุงูููุฑุฑุฉุ ููุดุงุฑูุชู ุงููุนูุงูุฉ ุฎูุงููุง ุจูุฏู ุชุทููุฑ ููุงุฑุงุชู ุงูุจูุนูุฉ ูุงููุนุฑููุฉ.', 'ุงูุงูุชุฒุงู ุจุญุถูุฑ ุงูุชุฏุฑูุจ', 'employee', 1, 40, '2025-05-26 19:27:30', '2025-05-26 19:27:30'),
(279, 'ุงูุงูุชุฒุงู ุจุฅุฌุฑุงุกุงุช ุงูุชุฏุฑุฌ ุงููุธููู ูู ูุณู ุงูุชุณุฌููุ ูุน ุฅุจูุงุบ ูุฏูุฑ ุงููุณู ุจูู ุงููุณุชุฌุฏุงุช ุจุดูู ุฏูุฑู.', 'ุงูุงูุชุฒุงู ุจุงูุชุฏุฑุฌ ุงููุธููู', 'employee', 1, 40, '2025-05-26 19:27:30', '2025-05-26 19:27:30'),
(280, 'ุงูุงูุชุฒุงู ุจุงูุญุถูุฑ ูุงูุงูุตุฑุงู ูู ุงูููุงุนูุฏ ุงููุญุฏุฏุฉ ุฏูู ุชุฃุฎูุฑ ุฃู ุบูุงุจ ุบูุฑ ูุจุฑุฑ.', 'ุงูุงูุชุฒุงู ุจุงูููุงุนูุฏ', 'employee', 1, 41, '2025-05-26 19:27:30', '2025-05-26 19:27:30'),
(281, 'ุงูุงูุชุฒุงู ุจุงูููุงุนูุฏ ุงููุญุฏุฏุฉ ููุฌููุณ ุนูู ุงูุฌูุงุฒุ ูุน ุงูุฑุฏ ุนูู ุงูุฑุณุงุฆู ูู ุงูููุช ุงูููุงุณุจ ูุจุดูู ูุนูุงู.', 'ุงุฏุงุฑุฉ ุงูููุช ูุงูููุงุกุฉ', 'employee', 1, 41, '2025-05-26 19:27:30', '2025-05-26 19:27:30'),
(282, 'ุชูููุฐ ุงูุชุนูููุงุช ุจุฏูุฉ ููู ุชูุฌููุงุช ุฑุฆูุณ ุงููุณูุ ูุน ุงููุฏุฑุฉ ุนูู ุงูุงุณุชุฌุงุจุฉ ุงูุณุฑูุนุฉ ูู ุญุงูุงุช ุงูุทูุงุฑุฆ.', 'ุชูููุฐ ุงูุชุนูููุงุช', 'employee', 1, 41, '2025-05-26 19:27:30', '2025-05-26 19:27:30'),
(283, 'ุฅุชูุงู ุงูุชุนุงูู ูุน ุงูุฃูุธูุฉ ูุซู Respondุ ูุงุณุชุฎุฏุงู ุงูุฃุฏูุงุช ุงูุชูููุฉ ุงููุชุงุญุฉ ูุชูููุฐ ุงูููุงู ุจููุงุกุฉ.', 'ุงูุชุนุงูู ูุน ุงูุฃูุธูุฉ ูุงูุฃุฏูุงุช ุงูุชูููุฉ', 'employee', 1, 41, '2025-05-26 19:27:30', '2025-05-26 19:27:30'),
(284, 'ุงููุนุฑูุฉ ุงููุงููุฉ ุจูุญุชูู ุงูุฏูุฑุงุช ูุชูุงุตูููุงุ ูุงููุฏุฑุฉ ุนูู ุงูุฅุฌุงุจุฉ ุนู ุงูุงุณุชูุณุงุฑุงุช ุจุดูู ูุณุชูู.', 'ุงูุฅููุงู ุงูุชุงู ุจุงูุฏูุฑุงุช ุงูุชุฏุฑูุจูุฉ:', 'employee', 1, 41, '2025-05-26 19:27:30', '2025-05-26 19:27:30'),
(285, 'ุงููุฏุฑุฉ ุนูู ุงูุชูุงุตู ูุน ุงูุนููุงุก ุจุทุฑููุฉ ูุงุถุญุฉ ูุงุญุชุฑุงููุฉุ ูุน ุงูุงูุชูุงู ุจุชูุฏูู ุชุฌุฑุจุฉ ูููุฒุฉ.', 'ุงูุชูุงุตู ูุน ุงูุนููุงุก', 'employee', 1, 41, '2025-05-26 19:27:30', '2025-05-26 19:27:30'),
(286, 'ุณุฑุนุฉ ุงูุงุณุชุฌุงุจุฉ ููุงุณุชูุณุงุฑุงุช ูุงูุนูู ุนูู ุชูุจูุฉ ุงุญุชูุงุฌุงุช ุงูุนููุงุก ุจููุงุกุฉ.', 'ุงูุณุฑุนุฉ ูู ุงูุฑุฏ ุนูู ุงูุงุณุชูุณุงุฑุงุช', 'employee', 1, 41, '2025-05-26 19:27:30', '2025-05-26 19:27:30'),
(287, 'ุงููุฏุฑุฉ ุนูู ุงูุชุนูู ุงููุณุชูุฑุ ูุงุณุชุฎูุงุต ุงูุฏุฑูุณ ูู ุงูุฃุฎุทุงุก ูุชุฌูุจ ุชูุฑุงุฑูุง ูุชุญุณูู ุงูุฃุฏุงุก.', 'ุงูุชุนูู ูู ุงูุฃุฎุทุงุก', 'employee', 1, 41, '2025-05-26 19:27:30', '2025-05-26 19:27:30'),
(288, 'ุงููุฏุฑุฉ ุนูู ุญู ุงููุดููุงุช ุจูุนุงููุฉุ ูุน ุชูุฏูู ุญููู ูุจุชูุฑุฉ ูุนูููุฉ ุชูุจู ุงุญุชูุงุฌุงุช ุงูุนููู.', 'ุญู ุงููุดููุงุช', 'employee', 1, 41, '2025-05-26 19:27:30', '2025-05-26 19:27:30'),
(289, 'ุงูุชุนุงูู ุจููุงุกุฉ ูุน ุถุบุท ุงูุนููุ ูุงูุญูุงุธ ุนูู ุงูุฃุฏุงุก ุงูุฌูุฏ ุฃุซูุงุก ุชุนุฏุฏ ุงูููุงู.', 'ุงููุฏุฑุฉ ุนูู ุงูุนูู ุชุญุช ุงูุถุบุท', 'employee', 1, 41, '2025-05-26 19:27:30', '2025-05-26 19:27:30'),
(290, 'ูุฏู ุงูุชุฒุงู ุงูููุธู ุจุญุถูุฑ ุงูุฏูุฑุงุช ุงูุชุฏุฑูุจูุฉ ููุฑุด ุงูุนูู ุงูููุฑุฑุฉุ ููุดุงุฑูุชู ุงููุนูุงูุฉ ุฎูุงููุง ุจูุฏู ุชุทููุฑ ููุงุฑุงุชู ุงูุจูุนูุฉ ูุงููุนุฑููุฉ.', 'ุงูุงูุชุฒุงู ุจุญุถูุฑ ุงูุชุฏุฑูุจ', 'employee', 1, 41, '2025-05-26 19:27:30', '2025-05-26 19:27:30'),
(291, 'ุงูุงูุชุฒุงู ุจุฅุฌุฑุงุกุงุช ุงูุชุฏุฑุฌ ุงููุธููู ูู ูุณู ุงูุชุณุฌููุ ูุน ุฅุจูุงุบ ูุฏูุฑ ุงููุณู ุจูู ุงููุณุชุฌุฏุงุช ุจุดูู ุฏูุฑู.', 'ุงูุงูุชุฒุงู ุจุงูุชุฏุฑุฌ ุงููุธููู', 'employee', 1, 41, '2025-05-26 19:27:30', '2025-05-26 19:27:30'),
(292, 'ุงูุงูุชุฒุงู ุจุงูุญุถูุฑ ูุงูุงูุตุฑุงู ูู ุงูููุงุนูุฏ ุงููุญุฏุฏุฉ ุฏูู ุชุฃุฎูุฑ ุฃู ุบูุงุจ ุบูุฑ ูุจุฑุฑ.', 'ุงูุงูุชุฒุงู ุจุงูููุงุนูุฏ', 'employee', 1, 42, '2025-05-26 19:27:30', '2025-05-26 19:27:30'),
(293, 'ุงูุงูุชุฒุงู ุจุงูููุงุนูุฏ ุงููุญุฏุฏุฉ ููุฌููุณ ุนูู ุงูุฌูุงุฒุ ูุน ุงูุฑุฏ ุนูู ุงูุฑุณุงุฆู ูู ุงูููุช ุงูููุงุณุจ ูุจุดูู ูุนูุงู.', 'ุงุฏุงุฑุฉ ุงูููุช ูุงูููุงุกุฉ', 'employee', 1, 42, '2025-05-26 19:27:30', '2025-05-26 19:27:30'),
(294, 'ุชูููุฐ ุงูุชุนูููุงุช ุจุฏูุฉ ููู ุชูุฌููุงุช ุฑุฆูุณ ุงููุณูุ ูุน ุงููุฏุฑุฉ ุนูู ุงูุงุณุชุฌุงุจุฉ ุงูุณุฑูุนุฉ ูู ุญุงูุงุช ุงูุทูุงุฑุฆ.', 'ุชูููุฐ ุงูุชุนูููุงุช', 'employee', 1, 42, '2025-05-26 19:27:30', '2025-05-26 19:27:30'),
(295, 'ุฅุชูุงู ุงูุชุนุงูู ูุน ุงูุฃูุธูุฉ ูุซู Respondุ ูุงุณุชุฎุฏุงู ุงูุฃุฏูุงุช ุงูุชูููุฉ ุงููุชุงุญุฉ ูุชูููุฐ ุงูููุงู ุจููุงุกุฉ.', 'ุงูุชุนุงูู ูุน ุงูุฃูุธูุฉ ูุงูุฃุฏูุงุช ุงูุชูููุฉ', 'employee', 1, 42, '2025-05-26 19:27:30', '2025-05-26 19:27:30'),
(296, 'ุงููุนุฑูุฉ ุงููุงููุฉ ุจูุญุชูู ุงูุฏูุฑุงุช ูุชูุงุตูููุงุ ูุงููุฏุฑุฉ ุนูู ุงูุฅุฌุงุจุฉ ุนู ุงูุงุณุชูุณุงุฑุงุช ุจุดูู ูุณุชูู.', 'ุงูุฅููุงู ุงูุชุงู ุจุงูุฏูุฑุงุช ุงูุชุฏุฑูุจูุฉ:', 'employee', 1, 42, '2025-05-26 19:27:30', '2025-05-26 19:27:30'),
(297, 'ุงููุฏุฑุฉ ุนูู ุงูุชูุงุตู ูุน ุงูุนููุงุก ุจุทุฑููุฉ ูุงุถุญุฉ ูุงุญุชุฑุงููุฉุ ูุน ุงูุงูุชูุงู ุจุชูุฏูู ุชุฌุฑุจุฉ ูููุฒุฉ.', 'ุงูุชูุงุตู ูุน ุงูุนููุงุก', 'employee', 1, 42, '2025-05-26 19:27:30', '2025-05-26 19:27:30'),
(298, 'ุณุฑุนุฉ ุงูุงุณุชุฌุงุจุฉ ููุงุณุชูุณุงุฑุงุช ูุงูุนูู ุนูู ุชูุจูุฉ ุงุญุชูุงุฌุงุช ุงูุนููุงุก ุจููุงุกุฉ.', 'ุงูุณุฑุนุฉ ูู ุงูุฑุฏ ุนูู ุงูุงุณุชูุณุงุฑุงุช', 'employee', 1, 42, '2025-05-26 19:27:30', '2025-05-26 19:27:30'),
(299, 'ุงููุฏุฑุฉ ุนูู ุงูุชุนูู ุงููุณุชูุฑุ ูุงุณุชุฎูุงุต ุงูุฏุฑูุณ ูู ุงูุฃุฎุทุงุก ูุชุฌูุจ ุชูุฑุงุฑูุง ูุชุญุณูู ุงูุฃุฏุงุก.', 'ุงูุชุนูู ูู ุงูุฃุฎุทุงุก', 'employee', 1, 42, '2025-05-26 19:27:30', '2025-05-26 19:27:30'),
(300, 'ุงููุฏุฑุฉ ุนูู ุญู ุงููุดููุงุช ุจูุนุงููุฉุ ูุน ุชูุฏูู ุญููู ูุจุชูุฑุฉ ูุนูููุฉ ุชูุจู ุงุญุชูุงุฌุงุช ุงูุนููู.', 'ุญู ุงููุดููุงุช', 'employee', 1, 42, '2025-05-26 19:27:30', '2025-05-26 19:27:30'),
(301, 'ุงูุชุนุงูู ุจููุงุกุฉ ูุน ุถุบุท ุงูุนููุ ูุงูุญูุงุธ ุนูู ุงูุฃุฏุงุก ุงูุฌูุฏ ุฃุซูุงุก ุชุนุฏุฏ ุงูููุงู.', 'ุงููุฏุฑุฉ ุนูู ุงูุนูู ุชุญุช ุงูุถุบุท', 'employee', 1, 42, '2025-05-26 19:27:30', '2025-05-26 19:27:30'),
(302, 'ูุฏู ุงูุชุฒุงู ุงูููุธู ุจุญุถูุฑ ุงูุฏูุฑุงุช ุงูุชุฏุฑูุจูุฉ ููุฑุด ุงูุนูู ุงูููุฑุฑุฉุ ููุดุงุฑูุชู ุงููุนูุงูุฉ ุฎูุงููุง ุจูุฏู ุชุทููุฑ ููุงุฑุงุชู ุงูุจูุนูุฉ ูุงููุนุฑููุฉ.', 'ุงูุงูุชุฒุงู ุจุญุถูุฑ ุงูุชุฏุฑูุจ', 'employee', 1, 42, '2025-05-26 19:27:30', '2025-05-26 19:27:30'),
(303, 'ุงูุงูุชุฒุงู ุจุฅุฌุฑุงุกุงุช ุงูุชุฏุฑุฌ ุงููุธููู ูู ูุณู ุงูุชุณุฌููุ ูุน ุฅุจูุงุบ ูุฏูุฑ ุงููุณู ุจูู ุงููุณุชุฌุฏุงุช ุจุดูู ุฏูุฑู.', 'ุงูุงูุชุฒุงู ุจุงูุชุฏุฑุฌ ุงููุธููู', 'employee', 1, 42, '2025-05-26 19:27:30', '2025-05-26 19:27:30'),
(304, 'ุงูุงูุชุฒุงู ุจุงูุญุถูุฑ ูุงูุงูุตุฑุงู ูู ุงูููุงุนูุฏ ุงููุญุฏุฏุฉ ุฏูู ุชุฃุฎูุฑ ุฃู ุบูุงุจ ุบูุฑ ูุจุฑุฑ.', 'ุงูุงูุชุฒุงู ุจุงูููุงุนูุฏ', 'employee', 1, 52, '2025-05-26 19:27:30', '2025-05-26 19:27:30'),
(305, 'ุงูุงูุชุฒุงู ุจุงูููุงุนูุฏ ุงููุญุฏุฏุฉ ููุฌููุณ ุนูู ุงูุฌูุงุฒุ ูุน ุงูุฑุฏ ุนูู ุงูุฑุณุงุฆู ูู ุงูููุช ุงูููุงุณุจ ูุจุดูู ูุนูุงู.', 'ุงุฏุงุฑุฉ ุงูููุช ูุงูููุงุกุฉ', 'employee', 1, 52, '2025-05-26 19:27:30', '2025-05-26 19:27:30'),
(306, 'ุชูููุฐ ุงูุชุนูููุงุช ุจุฏูุฉ ููู ุชูุฌููุงุช ุฑุฆูุณ ุงููุณูุ ูุน ุงููุฏุฑุฉ ุนูู ุงูุงุณุชุฌุงุจุฉ ุงูุณุฑูุนุฉ ูู ุญุงูุงุช ุงูุทูุงุฑุฆ.', 'ุชูููุฐ ุงูุชุนูููุงุช', 'employee', 1, 52, '2025-05-26 19:27:30', '2025-05-26 19:27:30'),
(307, 'ุฅุชูุงู ุงูุชุนุงูู ูุน ุงูุฃูุธูุฉ ูุซู Respondุ ูุงุณุชุฎุฏุงู ุงูุฃุฏูุงุช ุงูุชูููุฉ ุงููุชุงุญุฉ ูุชูููุฐ ุงูููุงู ุจููุงุกุฉ.', 'ุงูุชุนุงูู ูุน ุงูุฃูุธูุฉ ูุงูุฃุฏูุงุช ุงูุชูููุฉ', 'employee', 1, 52, '2025-05-26 19:27:30', '2025-05-26 19:27:30'),
(308, 'ุงููุนุฑูุฉ ุงููุงููุฉ ุจูุญุชูู ุงูุฏูุฑุงุช ูุชูุงุตูููุงุ ูุงููุฏุฑุฉ ุนูู ุงูุฅุฌุงุจุฉ ุนู ุงูุงุณุชูุณุงุฑุงุช ุจุดูู ูุณุชูู.', 'ุงูุฅููุงู ุงูุชุงู ุจุงูุฏูุฑุงุช ุงูุชุฏุฑูุจูุฉ:', 'employee', 1, 52, '2025-05-26 19:27:30', '2025-05-26 19:27:30'),
(309, 'ุงููุฏุฑุฉ ุนูู ุงูุชูุงุตู ูุน ุงูุนููุงุก ุจุทุฑููุฉ ูุงุถุญุฉ ูุงุญุชุฑุงููุฉุ ูุน ุงูุงูุชูุงู ุจุชูุฏูู ุชุฌุฑุจุฉ ูููุฒุฉ.', 'ุงูุชูุงุตู ูุน ุงูุนููุงุก', 'employee', 1, 52, '2025-05-26 19:27:30', '2025-05-26 19:27:30'),
(310, 'ุณุฑุนุฉ ุงูุงุณุชุฌุงุจุฉ ููุงุณุชูุณุงุฑุงุช ูุงูุนูู ุนูู ุชูุจูุฉ ุงุญุชูุงุฌุงุช ุงูุนููุงุก ุจููุงุกุฉ.', 'ุงูุณุฑุนุฉ ูู ุงูุฑุฏ ุนูู ุงูุงุณุชูุณุงุฑุงุช', 'employee', 1, 52, '2025-05-26 19:27:30', '2025-05-26 19:27:30'),
(311, 'ุงููุฏุฑุฉ ุนูู ุงูุชุนูู ุงููุณุชูุฑุ ูุงุณุชุฎูุงุต ุงูุฏุฑูุณ ูู ุงูุฃุฎุทุงุก ูุชุฌูุจ ุชูุฑุงุฑูุง ูุชุญุณูู ุงูุฃุฏุงุก.', 'ุงูุชุนูู ูู ุงูุฃุฎุทุงุก', 'employee', 1, 52, '2025-05-26 19:27:30', '2025-05-26 19:27:30'),
(312, 'ุงููุฏุฑุฉ ุนูู ุญู ุงููุดููุงุช ุจูุนุงููุฉุ ูุน ุชูุฏูู ุญููู ูุจุชูุฑุฉ ูุนูููุฉ ุชูุจู ุงุญุชูุงุฌุงุช ุงูุนููู.', 'ุญู ุงููุดููุงุช', 'employee', 1, 52, '2025-05-26 19:27:30', '2025-05-26 19:27:30'),
(313, 'ุงูุชุนุงูู ุจููุงุกุฉ ูุน ุถุบุท ุงูุนููุ ูุงูุญูุงุธ ุนูู ุงูุฃุฏุงุก ุงูุฌูุฏ ุฃุซูุงุก ุชุนุฏุฏ ุงูููุงู.', 'ุงููุฏุฑุฉ ุนูู ุงูุนูู ุชุญุช ุงูุถุบุท', 'employee', 1, 52, '2025-05-26 19:27:30', '2025-05-26 19:27:30'),
(314, 'ูุฏู ุงูุชุฒุงู ุงูููุธู ุจุญุถูุฑ ุงูุฏูุฑุงุช ุงูุชุฏุฑูุจูุฉ ููุฑุด ุงูุนูู ุงูููุฑุฑุฉุ ููุดุงุฑูุชู ุงููุนูุงูุฉ ุฎูุงููุง ุจูุฏู ุชุทููุฑ ููุงุฑุงุชู ุงูุจูุนูุฉ ูุงููุนุฑููุฉ.', 'ุงูุงูุชุฒุงู ุจุญุถูุฑ ุงูุชุฏุฑูุจ', 'employee', 1, 52, '2025-05-26 19:27:30', '2025-05-26 19:27:30'),
(315, 'ุงูุงูุชุฒุงู ุจุฅุฌุฑุงุกุงุช ุงูุชุฏุฑุฌ ุงููุธููู ูู ูุณู ุงูุชุณุฌููุ ูุน ุฅุจูุงุบ ูุฏูุฑ ุงููุณู ุจูู ุงููุณุชุฌุฏุงุช ุจุดูู ุฏูุฑู.', 'ุงูุงูุชุฒุงู ุจุงูุชุฏุฑุฌ ุงููุธููู', 'employee', 1, 52, '2025-05-26 19:27:30', '2025-05-26 19:27:30'),
(316, 'ุงูุงูุชุฒุงู ุจุงูุญุถูุฑ ูุงูุงูุตุฑุงู ูู ุงูููุงุนูุฏ ุงููุญุฏุฏุฉ ุฏูู ุชุฃุฎูุฑ ุฃู ุบูุงุจ ุบูุฑ ูุจุฑุฑ.', 'ุงูุงูุชุฒุงู ุจุงูููุงุนูุฏ', 'employee', 1, 70, '2025-05-26 19:27:30', '2025-05-26 19:27:30');
INSERT INTO `standards` (`id`, `name`, `description`, `type`, `status`, `employee_id`, `created_at`, `updated_at`) VALUES
(317, 'ุงูุงูุชุฒุงู ุจุงูููุงุนูุฏ ุงููุญุฏุฏุฉ ููุฌููุณ ุนูู ุงูุฌูุงุฒุ ูุน ุงูุฑุฏ ุนูู ุงูุฑุณุงุฆู ูู ุงูููุช ุงูููุงุณุจ ูุจุดูู ูุนูุงู.', 'ุงุฏุงุฑุฉ ุงูููุช ูุงูููุงุกุฉ', 'employee', 1, 70, '2025-05-26 19:27:30', '2025-05-26 19:27:30'),
(318, 'ุชูููุฐ ุงูุชุนูููุงุช ุจุฏูุฉ ููู ุชูุฌููุงุช ุฑุฆูุณ ุงููุณูุ ูุน ุงููุฏุฑุฉ ุนูู ุงูุงุณุชุฌุงุจุฉ ุงูุณุฑูุนุฉ ูู ุญุงูุงุช ุงูุทูุงุฑุฆ.', 'ุชูููุฐ ุงูุชุนูููุงุช', 'employee', 1, 70, '2025-05-26 19:27:30', '2025-05-26 19:27:30'),
(319, 'ุฅุชูุงู ุงูุชุนุงูู ูุน ุงูุฃูุธูุฉ ูุซู Respondุ ูุงุณุชุฎุฏุงู ุงูุฃุฏูุงุช ุงูุชูููุฉ ุงููุชุงุญุฉ ูุชูููุฐ ุงูููุงู ุจููุงุกุฉ.', 'ุงูุชุนุงูู ูุน ุงูุฃูุธูุฉ ูุงูุฃุฏูุงุช ุงูุชูููุฉ', 'employee', 1, 70, '2025-05-26 19:27:30', '2025-05-26 19:27:30'),
(320, 'ุงููุนุฑูุฉ ุงููุงููุฉ ุจูุญุชูู ุงูุฏูุฑุงุช ูุชูุงุตูููุงุ ูุงููุฏุฑุฉ ุนูู ุงูุฅุฌุงุจุฉ ุนู ุงูุงุณุชูุณุงุฑุงุช ุจุดูู ูุณุชูู.', 'ุงูุฅููุงู ุงูุชุงู ุจุงูุฏูุฑุงุช ุงูุชุฏุฑูุจูุฉ:', 'employee', 1, 70, '2025-05-26 19:27:30', '2025-05-26 19:27:30'),
(321, 'ุงููุฏุฑุฉ ุนูู ุงูุชูุงุตู ูุน ุงูุนููุงุก ุจุทุฑููุฉ ูุงุถุญุฉ ูุงุญุชุฑุงููุฉุ ูุน ุงูุงูุชูุงู ุจุชูุฏูู ุชุฌุฑุจุฉ ูููุฒุฉ.', 'ุงูุชูุงุตู ูุน ุงูุนููุงุก', 'employee', 1, 70, '2025-05-26 19:27:30', '2025-05-26 19:27:30'),
(322, 'ุณุฑุนุฉ ุงูุงุณุชุฌุงุจุฉ ููุงุณุชูุณุงุฑุงุช ูุงูุนูู ุนูู ุชูุจูุฉ ุงุญุชูุงุฌุงุช ุงูุนููุงุก ุจููุงุกุฉ.', 'ุงูุณุฑุนุฉ ูู ุงูุฑุฏ ุนูู ุงูุงุณุชูุณุงุฑุงุช', 'employee', 1, 70, '2025-05-26 19:27:30', '2025-05-26 19:27:30'),
(323, 'ุงููุฏุฑุฉ ุนูู ุงูุชุนูู ุงููุณุชูุฑุ ูุงุณุชุฎูุงุต ุงูุฏุฑูุณ ูู ุงูุฃุฎุทุงุก ูุชุฌูุจ ุชูุฑุงุฑูุง ูุชุญุณูู ุงูุฃุฏุงุก.', 'ุงูุชุนูู ูู ุงูุฃุฎุทุงุก', 'employee', 1, 70, '2025-05-26 19:27:30', '2025-05-26 19:27:30'),
(324, 'ุงููุฏุฑุฉ ุนูู ุญู ุงููุดููุงุช ุจูุนุงููุฉุ ูุน ุชูุฏูู ุญููู ูุจุชูุฑุฉ ูุนูููุฉ ุชูุจู ุงุญุชูุงุฌุงุช ุงูุนููู.', 'ุญู ุงููุดููุงุช', 'employee', 1, 70, '2025-05-26 19:27:30', '2025-05-26 19:27:30'),
(325, 'ุงูุชุนุงูู ุจููุงุกุฉ ูุน ุถุบุท ุงูุนููุ ูุงูุญูุงุธ ุนูู ุงูุฃุฏุงุก ุงูุฌูุฏ ุฃุซูุงุก ุชุนุฏุฏ ุงูููุงู.', 'ุงููุฏุฑุฉ ุนูู ุงูุนูู ุชุญุช ุงูุถุบุท', 'employee', 1, 70, '2025-05-26 19:27:30', '2025-05-26 19:27:30'),
(326, 'ูุฏู ุงูุชุฒุงู ุงูููุธู ุจุญุถูุฑ ุงูุฏูุฑุงุช ุงูุชุฏุฑูุจูุฉ ููุฑุด ุงูุนูู ุงูููุฑุฑุฉุ ููุดุงุฑูุชู ุงููุนูุงูุฉ ุฎูุงููุง ุจูุฏู ุชุทููุฑ ููุงุฑุงุชู ุงูุจูุนูุฉ ูุงููุนุฑููุฉ.', 'ุงูุงูุชุฒุงู ุจุญุถูุฑ ุงูุชุฏุฑูุจ', 'employee', 1, 70, '2025-05-26 19:27:30', '2025-05-26 19:27:30'),
(327, 'ุงูุงูุชุฒุงู ุจุฅุฌุฑุงุกุงุช ุงูุชุฏุฑุฌ ุงููุธููู ูู ูุณู ุงูุชุณุฌููุ ูุน ุฅุจูุงุบ ูุฏูุฑ ุงููุณู ุจูู ุงููุณุชุฌุฏุงุช ุจุดูู ุฏูุฑู.', 'ุงูุงูุชุฒุงู ุจุงูุชุฏุฑุฌ ุงููุธููู', 'employee', 1, 70, '2025-05-26 19:27:30', '2025-05-26 19:27:30'),
(328, 'ุงูุงูุชุฒุงู ุจุงูุญุถูุฑ ูุงูุงูุตุฑุงู ูู ุงูููุงุนูุฏ ุงููุญุฏุฏุฉ ุฏูู ุชุฃุฎูุฑ ุฃู ุบูุงุจ ุบูุฑ ูุจุฑุฑ.', 'ุงูุงูุชุฒุงู ุจุงูููุงุนูุฏ', 'employee', 1, 71, '2025-05-26 19:27:30', '2025-05-26 19:27:30'),
(329, 'ุงูุงูุชุฒุงู ุจุงูููุงุนูุฏ ุงููุญุฏุฏุฉ ููุฌููุณ ุนูู ุงูุฌูุงุฒุ ูุน ุงูุฑุฏ ุนูู ุงูุฑุณุงุฆู ูู ุงูููุช ุงูููุงุณุจ ูุจุดูู ูุนูุงู.', 'ุงุฏุงุฑุฉ ุงูููุช ูุงูููุงุกุฉ', 'employee', 1, 71, '2025-05-26 19:27:30', '2025-05-26 19:27:30'),
(330, 'ุชูููุฐ ุงูุชุนูููุงุช ุจุฏูุฉ ููู ุชูุฌููุงุช ุฑุฆูุณ ุงููุณูุ ูุน ุงููุฏุฑุฉ ุนูู ุงูุงุณุชุฌุงุจุฉ ุงูุณุฑูุนุฉ ูู ุญุงูุงุช ุงูุทูุงุฑุฆ.', 'ุชูููุฐ ุงูุชุนูููุงุช', 'employee', 1, 71, '2025-05-26 19:27:30', '2025-05-26 19:27:30'),
(331, 'ุฅุชูุงู ุงูุชุนุงูู ูุน ุงูุฃูุธูุฉ ูุซู Respondุ ูุงุณุชุฎุฏุงู ุงูุฃุฏูุงุช ุงูุชูููุฉ ุงููุชุงุญุฉ ูุชูููุฐ ุงูููุงู ุจููุงุกุฉ.', 'ุงูุชุนุงูู ูุน ุงูุฃูุธูุฉ ูุงูุฃุฏูุงุช ุงูุชูููุฉ', 'employee', 1, 71, '2025-05-26 19:27:30', '2025-05-26 19:27:30'),
(332, 'ุงููุนุฑูุฉ ุงููุงููุฉ ุจูุญุชูู ุงูุฏูุฑุงุช ูุชูุงุตูููุงุ ูุงููุฏุฑุฉ ุนูู ุงูุฅุฌุงุจุฉ ุนู ุงูุงุณุชูุณุงุฑุงุช ุจุดูู ูุณุชูู.', 'ุงูุฅููุงู ุงูุชุงู ุจุงูุฏูุฑุงุช ุงูุชุฏุฑูุจูุฉ:', 'employee', 1, 71, '2025-05-26 19:27:30', '2025-05-26 19:27:30'),
(333, 'ุงููุฏุฑุฉ ุนูู ุงูุชูุงุตู ูุน ุงูุนููุงุก ุจุทุฑููุฉ ูุงุถุญุฉ ูุงุญุชุฑุงููุฉุ ูุน ุงูุงูุชูุงู ุจุชูุฏูู ุชุฌุฑุจุฉ ูููุฒุฉ.', 'ุงูุชูุงุตู ูุน ุงูุนููุงุก', 'employee', 1, 71, '2025-05-26 19:27:30', '2025-05-26 19:27:30'),
(334, 'ุณุฑุนุฉ ุงูุงุณุชุฌุงุจุฉ ููุงุณุชูุณุงุฑุงุช ูุงูุนูู ุนูู ุชูุจูุฉ ุงุญุชูุงุฌุงุช ุงูุนููุงุก ุจููุงุกุฉ.', 'ุงูุณุฑุนุฉ ูู ุงูุฑุฏ ุนูู ุงูุงุณุชูุณุงุฑุงุช', 'employee', 1, 71, '2025-05-26 19:27:30', '2025-05-26 19:27:30'),
(335, 'ุงููุฏุฑุฉ ุนูู ุงูุชุนูู ุงููุณุชูุฑุ ูุงุณุชุฎูุงุต ุงูุฏุฑูุณ ูู ุงูุฃุฎุทุงุก ูุชุฌูุจ ุชูุฑุงุฑูุง ูุชุญุณูู ุงูุฃุฏุงุก.', 'ุงูุชุนูู ูู ุงูุฃุฎุทุงุก', 'employee', 1, 71, '2025-05-26 19:27:30', '2025-05-26 19:27:30'),
(336, 'ุงููุฏุฑุฉ ุนูู ุญู ุงููุดููุงุช ุจูุนุงููุฉุ ูุน ุชูุฏูู ุญููู ูุจุชูุฑุฉ ูุนูููุฉ ุชูุจู ุงุญุชูุงุฌุงุช ุงูุนููู.', 'ุญู ุงููุดููุงุช', 'employee', 1, 71, '2025-05-26 19:27:30', '2025-05-26 19:27:30'),
(337, 'ุงูุชุนุงูู ุจููุงุกุฉ ูุน ุถุบุท ุงูุนููุ ูุงูุญูุงุธ ุนูู ุงูุฃุฏุงุก ุงูุฌูุฏ ุฃุซูุงุก ุชุนุฏุฏ ุงูููุงู.', 'ุงููุฏุฑุฉ ุนูู ุงูุนูู ุชุญุช ุงูุถุบุท', 'employee', 1, 71, '2025-05-26 19:27:30', '2025-05-26 19:27:30'),
(338, 'ูุฏู ุงูุชุฒุงู ุงูููุธู ุจุญุถูุฑ ุงูุฏูุฑุงุช ุงูุชุฏุฑูุจูุฉ ููุฑุด ุงูุนูู ุงูููุฑุฑุฉุ ููุดุงุฑูุชู ุงููุนูุงูุฉ ุฎูุงููุง ุจูุฏู ุชุทููุฑ ููุงุฑุงุชู ุงูุจูุนูุฉ ูุงููุนุฑููุฉ.', 'ุงูุงูุชุฒุงู ุจุญุถูุฑ ุงูุชุฏุฑูุจ', 'employee', 1, 71, '2025-05-26 19:27:30', '2025-05-26 19:27:30'),
(339, 'ุงูุงูุชุฒุงู ุจุฅุฌุฑุงุกุงุช ุงูุชุฏุฑุฌ ุงููุธููู ูู ูุณู ุงูุชุณุฌููุ ูุน ุฅุจูุงุบ ูุฏูุฑ ุงููุณู ุจูู ุงููุณุชุฌุฏุงุช ุจุดูู ุฏูุฑู.', 'ุงูุงูุชุฒุงู ุจุงูุชุฏุฑุฌ ุงููุธููู', 'employee', 1, 71, '2025-05-26 19:27:30', '2025-05-26 19:27:30'),
(340, 'ุงูุงูุชุฒุงู ุจุงูุญุถูุฑ ูุงูุงูุตุฑุงู ูู ุงูููุงุนูุฏ ุงููุญุฏุฏุฉ ุฏูู ุชุฃุฎูุฑ ุฃู ุบูุงุจ ุบูุฑ ูุจุฑุฑ.', 'ุงูุงูุชุฒุงู ุจุงูููุงุนูุฏ', 'employee', 1, 73, '2025-05-26 19:27:30', '2025-05-26 19:27:30'),
(341, 'ุงูุงูุชุฒุงู ุจุงูููุงุนูุฏ ุงููุญุฏุฏุฉ ููุฌููุณ ุนูู ุงูุฌูุงุฒุ ูุน ุงูุฑุฏ ุนูู ุงูุฑุณุงุฆู ูู ุงูููุช ุงูููุงุณุจ ูุจุดูู ูุนูุงู.', 'ุงุฏุงุฑุฉ ุงูููุช ูุงูููุงุกุฉ', 'employee', 1, 73, '2025-05-26 19:27:30', '2025-05-26 19:27:30'),
(342, 'ุชูููุฐ ุงูุชุนูููุงุช ุจุฏูุฉ ููู ุชูุฌููุงุช ุฑุฆูุณ ุงููุณูุ ูุน ุงููุฏุฑุฉ ุนูู ุงูุงุณุชุฌุงุจุฉ ุงูุณุฑูุนุฉ ูู ุญุงูุงุช ุงูุทูุงุฑุฆ.', 'ุชูููุฐ ุงูุชุนูููุงุช', 'employee', 1, 73, '2025-05-26 19:27:30', '2025-05-26 19:27:30'),
(343, 'ุฅุชูุงู ุงูุชุนุงูู ูุน ุงูุฃูุธูุฉ ูุซู Respondุ ูุงุณุชุฎุฏุงู ุงูุฃุฏูุงุช ุงูุชูููุฉ ุงููุชุงุญุฉ ูุชูููุฐ ุงูููุงู ุจููุงุกุฉ.', 'ุงูุชุนุงูู ูุน ุงูุฃูุธูุฉ ูุงูุฃุฏูุงุช ุงูุชูููุฉ', 'employee', 1, 73, '2025-05-26 19:27:30', '2025-05-26 19:27:30'),
(344, 'ุงููุนุฑูุฉ ุงููุงููุฉ ุจูุญุชูู ุงูุฏูุฑุงุช ูุชูุงุตูููุงุ ูุงููุฏุฑุฉ ุนูู ุงูุฅุฌุงุจุฉ ุนู ุงูุงุณุชูุณุงุฑุงุช ุจุดูู ูุณุชูู.', 'ุงูุฅููุงู ุงูุชุงู ุจุงูุฏูุฑุงุช ุงูุชุฏุฑูุจูุฉ:', 'employee', 1, 73, '2025-05-26 19:27:30', '2025-05-26 19:27:30'),
(345, 'ุงููุฏุฑุฉ ุนูู ุงูุชูุงุตู ูุน ุงูุนููุงุก ุจุทุฑููุฉ ูุงุถุญุฉ ูุงุญุชุฑุงููุฉุ ูุน ุงูุงูุชูุงู ุจุชูุฏูู ุชุฌุฑุจุฉ ูููุฒุฉ.', 'ุงูุชูุงุตู ูุน ุงูุนููุงุก', 'employee', 1, 73, '2025-05-26 19:27:30', '2025-05-26 19:27:30'),
(346, 'ุณุฑุนุฉ ุงูุงุณุชุฌุงุจุฉ ููุงุณุชูุณุงุฑุงุช ูุงูุนูู ุนูู ุชูุจูุฉ ุงุญุชูุงุฌุงุช ุงูุนููุงุก ุจููุงุกุฉ.', 'ุงูุณุฑุนุฉ ูู ุงูุฑุฏ ุนูู ุงูุงุณุชูุณุงุฑุงุช', 'employee', 1, 73, '2025-05-26 19:27:30', '2025-05-26 19:27:30'),
(347, 'ุงููุฏุฑุฉ ุนูู ุงูุชุนูู ุงููุณุชูุฑุ ูุงุณุชุฎูุงุต ุงูุฏุฑูุณ ูู ุงูุฃุฎุทุงุก ูุชุฌูุจ ุชูุฑุงุฑูุง ูุชุญุณูู ุงูุฃุฏุงุก.', 'ุงูุชุนูู ูู ุงูุฃุฎุทุงุก', 'employee', 1, 73, '2025-05-26 19:27:30', '2025-05-26 19:27:30'),
(348, 'ุงููุฏุฑุฉ ุนูู ุญู ุงููุดููุงุช ุจูุนุงููุฉุ ูุน ุชูุฏูู ุญููู ูุจุชูุฑุฉ ูุนูููุฉ ุชูุจู ุงุญุชูุงุฌุงุช ุงูุนููู.', 'ุญู ุงููุดููุงุช', 'employee', 1, 73, '2025-05-26 19:27:30', '2025-05-26 19:27:30'),
(349, 'ุงูุชุนุงูู ุจููุงุกุฉ ูุน ุถุบุท ุงูุนููุ ูุงูุญูุงุธ ุนูู ุงูุฃุฏุงุก ุงูุฌูุฏ ุฃุซูุงุก ุชุนุฏุฏ ุงูููุงู.', 'ุงููุฏุฑุฉ ุนูู ุงูุนูู ุชุญุช ุงูุถุบุท', 'employee', 1, 73, '2025-05-26 19:27:30', '2025-05-26 19:27:30'),
(350, 'ูุฏู ุงูุชุฒุงู ุงูููุธู ุจุญุถูุฑ ุงูุฏูุฑุงุช ุงูุชุฏุฑูุจูุฉ ููุฑุด ุงูุนูู ุงูููุฑุฑุฉุ ููุดุงุฑูุชู ุงููุนูุงูุฉ ุฎูุงููุง ุจูุฏู ุชุทููุฑ ููุงุฑุงุชู ุงูุจูุนูุฉ ูุงููุนุฑููุฉ.', 'ุงูุงูุชุฒุงู ุจุญุถูุฑ ุงูุชุฏุฑูุจ', 'employee', 1, 73, '2025-05-26 19:27:30', '2025-05-26 19:27:30'),
(351, 'ุงูุงูุชุฒุงู ุจุฅุฌุฑุงุกุงุช ุงูุชุฏุฑุฌ ุงููุธููู ูู ูุณู ุงูุชุณุฌููุ ูุน ุฅุจูุงุบ ูุฏูุฑ ุงููุณู ุจูู ุงููุณุชุฌุฏุงุช ุจุดูู ุฏูุฑู.', 'ุงูุงูุชุฒุงู ุจุงูุชุฏุฑุฌ ุงููุธููู', 'employee', 1, 73, '2025-05-26 19:27:30', '2025-05-26 19:27:30'),
(352, 'ุงูุงูุชุฒุงู ุจุงูุญุถูุฑ ูุงูุงูุตุฑุงู ูู ุงูููุงุนูุฏ ุงููุญุฏุฏุฉ ุฏูู ุชุฃุฎูุฑ ุฃู ุบูุงุจ ุบูุฑ ูุจุฑุฑ.', 'ุงูุงูุชุฒุงู ุจุงูููุงุนูุฏ', 'employee', 1, 74, '2025-05-26 19:27:30', '2025-05-26 19:27:30'),
(353, 'ุงูุงูุชุฒุงู ุจุงูููุงุนูุฏ ุงููุญุฏุฏุฉ ููุฌููุณ ุนูู ุงูุฌูุงุฒุ ูุน ุงูุฑุฏ ุนูู ุงูุฑุณุงุฆู ูู ุงูููุช ุงูููุงุณุจ ูุจุดูู ูุนูุงู.', 'ุงุฏุงุฑุฉ ุงูููุช ูุงูููุงุกุฉ', 'employee', 1, 74, '2025-05-26 19:27:30', '2025-05-26 19:27:30'),
(354, 'ุชูููุฐ ุงูุชุนูููุงุช ุจุฏูุฉ ููู ุชูุฌููุงุช ุฑุฆูุณ ุงููุณูุ ูุน ุงููุฏุฑุฉ ุนูู ุงูุงุณุชุฌุงุจุฉ ุงูุณุฑูุนุฉ ูู ุญุงูุงุช ุงูุทูุงุฑุฆ.', 'ุชูููุฐ ุงูุชุนูููุงุช', 'employee', 1, 74, '2025-05-26 19:27:30', '2025-05-26 19:27:30'),
(355, 'ุฅุชูุงู ุงูุชุนุงูู ูุน ุงูุฃูุธูุฉ ูุซู Respondุ ูุงุณุชุฎุฏุงู ุงูุฃุฏูุงุช ุงูุชูููุฉ ุงููุชุงุญุฉ ูุชูููุฐ ุงูููุงู ุจููุงุกุฉ.', 'ุงูุชุนุงูู ูุน ุงูุฃูุธูุฉ ูุงูุฃุฏูุงุช ุงูุชูููุฉ', 'employee', 1, 74, '2025-05-26 19:27:30', '2025-05-26 19:27:30'),
(356, 'ุงููุนุฑูุฉ ุงููุงููุฉ ุจูุญุชูู ุงูุฏูุฑุงุช ูุชูุงุตูููุงุ ูุงููุฏุฑุฉ ุนูู ุงูุฅุฌุงุจุฉ ุนู ุงูุงุณุชูุณุงุฑุงุช ุจุดูู ูุณุชูู.', 'ุงูุฅููุงู ุงูุชุงู ุจุงูุฏูุฑุงุช ุงูุชุฏุฑูุจูุฉ:', 'employee', 1, 74, '2025-05-26 19:27:30', '2025-05-26 19:27:30'),
(357, 'ุงููุฏุฑุฉ ุนูู ุงูุชูุงุตู ูุน ุงูุนููุงุก ุจุทุฑููุฉ ูุงุถุญุฉ ูุงุญุชุฑุงููุฉุ ูุน ุงูุงูุชูุงู ุจุชูุฏูู ุชุฌุฑุจุฉ ูููุฒุฉ.', 'ุงูุชูุงุตู ูุน ุงูุนููุงุก', 'employee', 1, 74, '2025-05-26 19:27:30', '2025-05-26 19:27:30'),
(358, 'ุณุฑุนุฉ ุงูุงุณุชุฌุงุจุฉ ููุงุณุชูุณุงุฑุงุช ูุงูุนูู ุนูู ุชูุจูุฉ ุงุญุชูุงุฌุงุช ุงูุนููุงุก ุจููุงุกุฉ.', 'ุงูุณุฑุนุฉ ูู ุงูุฑุฏ ุนูู ุงูุงุณุชูุณุงุฑุงุช', 'employee', 1, 74, '2025-05-26 19:27:30', '2025-05-26 19:27:30'),
(359, 'ุงููุฏุฑุฉ ุนูู ุงูุชุนูู ุงููุณุชูุฑุ ูุงุณุชุฎูุงุต ุงูุฏุฑูุณ ูู ุงูุฃุฎุทุงุก ูุชุฌูุจ ุชูุฑุงุฑูุง ูุชุญุณูู ุงูุฃุฏุงุก.', 'ุงูุชุนูู ูู ุงูุฃุฎุทุงุก', 'employee', 1, 74, '2025-05-26 19:27:30', '2025-05-26 19:27:30'),
(360, 'ุงููุฏุฑุฉ ุนูู ุญู ุงููุดููุงุช ุจูุนุงููุฉุ ูุน ุชูุฏูู ุญููู ูุจุชูุฑุฉ ูุนูููุฉ ุชูุจู ุงุญุชูุงุฌุงุช ุงูุนููู.', 'ุญู ุงููุดููุงุช', 'employee', 1, 74, '2025-05-26 19:27:30', '2025-05-26 19:27:30'),
(361, 'ุงูุชุนุงูู ุจููุงุกุฉ ูุน ุถุบุท ุงูุนููุ ูุงูุญูุงุธ ุนูู ุงูุฃุฏุงุก ุงูุฌูุฏ ุฃุซูุงุก ุชุนุฏุฏ ุงูููุงู.', 'ุงููุฏุฑุฉ ุนูู ุงูุนูู ุชุญุช ุงูุถุบุท', 'employee', 1, 74, '2025-05-26 19:27:30', '2025-05-26 19:27:30'),
(362, 'ูุฏู ุงูุชุฒุงู ุงูููุธู ุจุญุถูุฑ ุงูุฏูุฑุงุช ุงูุชุฏุฑูุจูุฉ ููุฑุด ุงูุนูู ุงูููุฑุฑุฉุ ููุดุงุฑูุชู ุงููุนูุงูุฉ ุฎูุงููุง ุจูุฏู ุชุทููุฑ ููุงุฑุงุชู ุงูุจูุนูุฉ ูุงููุนุฑููุฉ.', 'ุงูุงูุชุฒุงู ุจุญุถูุฑ ุงูุชุฏุฑูุจ', 'employee', 1, 74, '2025-05-26 19:27:30', '2025-05-26 19:27:30'),
(363, 'ุงูุงูุชุฒุงู ุจุฅุฌุฑุงุกุงุช ุงูุชุฏุฑุฌ ุงููุธููู ูู ูุณู ุงูุชุณุฌููุ ูุน ุฅุจูุงุบ ูุฏูุฑ ุงููุณู ุจูู ุงููุณุชุฌุฏุงุช ุจุดูู ุฏูุฑู.', 'ุงูุงูุชุฒุงู ุจุงูุชุฏุฑุฌ ุงููุธููู', 'employee', 1, 74, '2025-05-26 19:27:30', '2025-05-26 19:27:30'),
(364, 'ุงูุฅูุชุฒุงู ุจููุงุนูุฏ ุงูุญุถูุฑ ูุงูุฅูุตุฑุงู ูุงูุชุฃุฎูุฑุงุช', NULL, 'employee', 1, 63, '2025-05-26 23:39:14', '2025-05-26 23:39:31'),
(365, 'ุฅูุฌุงุฒ ุงูุนูู ุจุงููุณุชูู ุงููุทููุจ', NULL, 'employee', 1, 63, '2025-05-26 23:39:43', '2025-05-26 23:39:43'),
(366, 'ุงูุชุนุงูู ููุณุงุนุฏุฉ ุงูุฒููุงุก ูู ุฃุฏุงุก ููุงููู', NULL, 'employee', 1, 63, '2025-05-26 23:39:54', '2025-05-26 23:39:54'),
(367, 'ุชูุจู ูุงุณุชุฌุงุจุฉ ุชูุฌููุงุช ุฑุฆูุณ ุงููุณู', NULL, 'employee', 1, 63, '2025-05-26 23:40:00', '2025-05-26 23:40:00'),
(368, 'ุงููุฏุฑุฉ ุนูู ุงูุนูู ุฏูู ูุฑุงูุจุฉ ูุงูุชุฌุงูุจ ูุน ุถุบุท ุงูุนูู', NULL, 'employee', 1, 63, '2025-05-26 23:40:09', '2025-05-26 23:40:09'),
(369, 'ุงููุฏุฑุฉ ุนูู ุงูุงุจุชูุงุฑ ูุงูุงุจุฏุงุน ูุงูุชุทููุฑ ูุชุญุณูู ูุณุชูู ุงูุนูู', NULL, 'employee', 1, 63, '2025-05-26 23:40:20', '2025-05-26 23:40:20'),
(370, 'ูุชุงุจุนุฉ ุงูุดูุช ุงูุฎุงุต ุจุงูุชุณูุงุช ูุงุถุงูุฉ ุงูููุงู ุจุดูู ุฏูุฑู', NULL, 'employee', 1, 63, '2025-05-26 23:40:28', '2025-05-26 23:40:28'),
(371, 'ุงูุชุนุงูู ููุณุงุนุฏุฉ ุงูุฒููุงุก ูู ุฃุฏุงุก ููุงููู ูุงูุฌุงุฒ ุงูููุงู ูู ุงูููุช ุงููุทููุจ ููู (it)', NULL, 'employee', 1, 63, '2025-05-26 23:40:40', '2025-05-28 16:35:57'),
(372, 'ุฅูุฌุงุฒ ุงูุนูู ุจุงููุณุชูู ุงููุทููุจ (it)', NULL, 'employee', 1, 63, '2025-05-26 23:40:50', '2025-05-28 16:34:03'),
(373, 'ุงููุฏุฑุฉ ุนูู ุชูููุฐ ูุญู ุงููุดููุงุช ูู ุงูุธูุฉ ุงูุชุดุบูู ูุงูุธูุฉ ุงูุงุชุตุงู (it)', NULL, 'employee', 1, 63, '2025-05-26 23:41:00', '2025-05-28 16:35:02'),
(375, 'ุงูุฅูุชุฒุงู ุจููุงุนูุฏ ุงูุญุถูุฑ ูุงูุฅูุตุฑุงู ูุงูุชุฃุฎูุฑุงุช', NULL, 'employee', 1, 64, '2025-05-26 23:42:12', '2025-05-26 23:42:12'),
(376, 'ุฅูุฌุงุฒ ุงูุนูู ุจุงููุณุชูู ุงููุทููุจ', NULL, 'employee', 1, 64, '2025-05-26 23:42:12', '2025-05-26 23:42:12'),
(377, 'ุงูุชุนุงูู ููุณุงุนุฏุฉ ุงูุฒููุงุก ูู ุฃุฏุงุก ููุงููู', NULL, 'employee', 1, 64, '2025-05-26 23:42:12', '2025-05-26 23:42:12'),
(378, 'ุชูุจู ูุงุณุชุฌุงุจุฉ ุชูุฌููุงุช ุฑุฆูุณ ุงููุณู', NULL, 'employee', 1, 64, '2025-05-26 23:42:12', '2025-05-26 23:42:12'),
(379, 'ุงููุฏุฑุฉ ุนูู ุงูุนูู ุฏูู ูุฑุงูุจุฉ ูุงูุชุฌุงูุจ ูุน ุถุบุท ุงูุนูู', NULL, 'employee', 1, 64, '2025-05-26 23:42:12', '2025-05-26 23:42:12'),
(380, 'ุงููุฏุฑุฉ ุนูู ุงูุงุจุชูุงุฑ ูุงูุงุจุฏุงุน ูุงูุชุทููุฑ ูุชุญุณูู ูุณุชูู ุงูุนูู', NULL, 'employee', 1, 64, '2025-05-26 23:42:12', '2025-05-26 23:42:12'),
(381, 'ูุชุงุจุนุฉ ุงูุดูุช ุงูุฎุงุต ุจุงูุชุณูุงุช ูุงุถุงูุฉ ุงูููุงู ุจุดูู ุฏูุฑู', NULL, 'employee', 1, 64, '2025-05-26 23:42:12', '2025-05-26 23:42:12'),
(382, 'ุงุจุฏุงุก ุงูุฑุบุจุฉ ูู ุงุณุชูุงู ููุงู ุฌุฏูุฏุฉ', NULL, 'employee', 1, 64, '2025-05-26 23:42:12', '2025-05-26 23:42:12'),
(383, 'ุงูุชุนููู ูุงูุชุทููุฑ ุงููุณุชูุฑ ูุฅูุชุณุงุจ ููุงุฑุงุช ูุชูููุงุช ุฌุฏูุฏุฉ ุชุณุงูู ูู ุฑูุน ููุงุกุฉ ุงูุนูู', NULL, 'employee', 1, 64, '2025-05-26 23:42:12', '2025-05-26 23:42:12'),
(384, 'ุงูุงูุชูุงุก ูู ุฌููุน ุงูุชุงุณูุงุช ูู ุงูููุช ุงููุญุฏุฏ ุฏูู ุงูุญุงุฌุฉ  ุฅูู ููุช ุงุถุงูู', NULL, 'employee', 1, 64, '2025-05-26 23:42:12', '2025-05-26 23:42:12'),
(385, 'ุงูุฅูุชุฒุงู ุจููุงุนูุฏ ุงูุญุถูุฑ ูุงูุฅูุตุฑุงู ูุงูุชุฃุฎูุฑุงุช', NULL, 'employee', 1, 65, '2025-05-26 23:42:12', '2025-05-26 23:42:12'),
(386, 'ุฅูุฌุงุฒ ุงูุนูู ุจุงููุณุชูู ุงููุทููุจ', NULL, 'employee', 1, 65, '2025-05-26 23:42:12', '2025-05-26 23:42:12'),
(387, 'ุงูุชุนุงูู ููุณุงุนุฏุฉ ุงูุฒููุงุก ูู ุฃุฏุงุก ููุงููู', NULL, 'employee', 1, 65, '2025-05-26 23:42:12', '2025-05-26 23:42:12'),
(388, 'ุชูุจู ูุงุณุชุฌุงุจุฉ ุชูุฌููุงุช ุฑุฆูุณ ุงููุณู', NULL, 'employee', 1, 65, '2025-05-26 23:42:12', '2025-05-26 23:42:12'),
(389, 'ุงููุฏุฑุฉ ุนูู ุงูุนูู ุฏูู ูุฑุงูุจุฉ ูุงูุชุฌุงูุจ ูุน ุถุบุท ุงูุนูู', NULL, 'employee', 1, 65, '2025-05-26 23:42:12', '2025-05-26 23:42:12'),
(390, 'ุงููุฏุฑุฉ ุนูู ุงูุงุจุชูุงุฑ ูุงูุงุจุฏุงุน ูุงูุชุทููุฑ ูุชุญุณูู ูุณุชูู ุงูุนูู', NULL, 'employee', 1, 65, '2025-05-26 23:42:12', '2025-05-26 23:42:12'),
(391, 'ูุชุงุจุนุฉ ุงูุดูุช ุงูุฎุงุต ุจุงูุชุณูุงุช ูุงุถุงูุฉ ุงูููุงู ุจุดูู ุฏูุฑู', NULL, 'employee', 1, 65, '2025-05-26 23:42:12', '2025-05-26 23:42:12'),
(392, 'ุงุจุฏุงุก ุงูุฑุบุจุฉ ูู ุงุณุชูุงู ููุงู ุฌุฏูุฏุฉ', NULL, 'employee', 1, 65, '2025-05-26 23:42:12', '2025-05-26 23:42:12'),
(393, 'ุงูุชุนููู ูุงูุชุทููุฑ ุงููุณุชูุฑ ูุฅูุชุณุงุจ ููุงุฑุงุช ูุชูููุงุช ุฌุฏูุฏุฉ ุชุณุงูู ูู ุฑูุน ููุงุกุฉ ุงูุนูู', NULL, 'employee', 1, 65, '2025-05-26 23:42:12', '2025-05-26 23:42:12'),
(394, 'ุงูุงูุชูุงุก ูู ุฌููุน ุงูุชุงุณูุงุช ูู ุงูููุช ุงููุญุฏุฏ ุฏูู ุงูุญุงุฌุฉ  ุฅูู ููุช ุงุถุงูู', NULL, 'employee', 1, 65, '2025-05-26 23:42:12', '2025-05-26 23:42:12'),
(395, 'ุงูุฅูุชุฒุงู ุจููุงุนูุฏ ุงูุญุถูุฑ ูุงูุฅูุตุฑุงู ูุงูุชุฃุฎูุฑุงุช', NULL, 'employee', 1, 66, '2025-05-26 23:42:12', '2025-05-26 23:42:12'),
(396, 'ุฅูุฌุงุฒ ุงูุนูู ุจุงููุณุชูู ุงููุทููุจ', NULL, 'employee', 1, 66, '2025-05-26 23:42:12', '2025-05-26 23:42:12'),
(397, 'ุงูุชุนุงูู ููุณุงุนุฏุฉ ุงูุฒููุงุก ูู ุฃุฏุงุก ููุงููู', NULL, 'employee', 1, 66, '2025-05-26 23:42:12', '2025-05-26 23:42:12'),
(398, 'ุชูุจู ูุงุณุชุฌุงุจุฉ ุชูุฌููุงุช ุฑุฆูุณ ุงููุณู', NULL, 'employee', 1, 66, '2025-05-26 23:42:12', '2025-05-26 23:42:12'),
(399, 'ุงููุฏุฑุฉ ุนูู ุงูุนูู ุฏูู ูุฑุงูุจุฉ ูุงูุชุฌุงูุจ ูุน ุถุบุท ุงูุนูู', NULL, 'employee', 1, 66, '2025-05-26 23:42:12', '2025-05-26 23:42:12'),
(400, 'ุงููุฏุฑุฉ ุนูู ุงูุงุจุชูุงุฑ ูุงูุงุจุฏุงุน ูุงูุชุทููุฑ ูุชุญุณูู ูุณุชูู ุงูุนูู', NULL, 'employee', 1, 66, '2025-05-26 23:42:12', '2025-05-26 23:42:12'),
(401, 'ูุชุงุจุนุฉ ุงูุดูุช ุงูุฎุงุต ุจุงูุชุณูุงุช ูุงุถุงูุฉ ุงูููุงู ุจุดูู ุฏูุฑู', NULL, 'employee', 1, 66, '2025-05-26 23:42:12', '2025-05-26 23:42:12'),
(402, 'ุงุจุฏุงุก ุงูุฑุบุจุฉ ูู ุงุณุชูุงู ููุงู ุฌุฏูุฏุฉ', NULL, 'employee', 1, 66, '2025-05-26 23:42:12', '2025-05-26 23:42:12'),
(403, 'ุงูุชุนููู ูุงูุชุทููุฑ ุงููุณุชูุฑ ูุฅูุชุณุงุจ ููุงุฑุงุช ูุชูููุงุช ุฌุฏูุฏุฉ ุชุณุงูู ูู ุฑูุน ููุงุกุฉ ุงูุนูู', NULL, 'employee', 1, 66, '2025-05-26 23:42:12', '2025-05-26 23:42:12'),
(404, 'ุงูุงูุชูุงุก ูู ุฌููุน ุงูุชุงุณูุงุช ูู ุงูููุช ุงููุญุฏุฏ ุฏูู ุงูุญุงุฌุฉ  ุฅูู ููุช ุงุถุงูู', NULL, 'employee', 1, 66, '2025-05-26 23:42:12', '2025-05-26 23:42:12'),
(405, 'ุงูุฅูุชุฒุงู ุจููุงุนูุฏ ุงูุญุถูุฑ ูุงูุฅูุตุฑุงู ูุงูุชุฃุฎูุฑุงุช', NULL, 'employee', 1, 67, '2025-05-26 23:42:12', '2025-05-26 23:42:12'),
(406, 'ุฅูุฌุงุฒ ุงูุนูู ุจุงููุณุชูู ุงููุทููุจ', NULL, 'employee', 1, 67, '2025-05-26 23:42:12', '2025-05-26 23:42:12'),
(407, 'ุงูุชุนุงูู ููุณุงุนุฏุฉ ุงูุฒููุงุก ูู ุฃุฏุงุก ููุงููู', NULL, 'employee', 1, 67, '2025-05-26 23:42:12', '2025-05-26 23:42:12'),
(408, 'ุชูุจู ูุงุณุชุฌุงุจุฉ ุชูุฌููุงุช ุฑุฆูุณ ุงููุณู', NULL, 'employee', 1, 67, '2025-05-26 23:42:12', '2025-05-26 23:42:12'),
(409, 'ุงููุฏุฑุฉ ุนูู ุงูุนูู ุฏูู ูุฑุงูุจุฉ ูุงูุชุฌุงูุจ ูุน ุถุบุท ุงูุนูู', NULL, 'employee', 1, 67, '2025-05-26 23:42:12', '2025-05-26 23:42:12'),
(410, 'ุงููุฏุฑุฉ ุนูู ุงูุงุจุชูุงุฑ ูุงูุงุจุฏุงุน ูุงูุชุทููุฑ ูุชุญุณูู ูุณุชูู ุงูุนูู', NULL, 'employee', 1, 67, '2025-05-26 23:42:12', '2025-05-26 23:42:12'),
(411, 'ูุชุงุจุนุฉ ุงูุดูุช ุงูุฎุงุต ุจุงูุชุณูุงุช ูุงุถุงูุฉ ุงูููุงู ุจุดูู ุฏูุฑู', NULL, 'employee', 1, 67, '2025-05-26 23:42:12', '2025-05-26 23:42:12'),
(412, 'ุงุจุฏุงุก ุงูุฑุบุจุฉ ูู ุงุณุชูุงู ููุงู ุฌุฏูุฏุฉ', NULL, 'employee', 1, 67, '2025-05-26 23:42:12', '2025-05-26 23:42:12'),
(413, 'ุงูุชุนููู ูุงูุชุทููุฑ ุงููุณุชูุฑ ูุฅูุชุณุงุจ ููุงุฑุงุช ูุชูููุงุช ุฌุฏูุฏุฉ ุชุณุงูู ูู ุฑูุน ููุงุกุฉ ุงูุนูู', NULL, 'employee', 1, 67, '2025-05-26 23:42:12', '2025-05-26 23:42:12'),
(414, 'ุงูุงูุชูุงุก ูู ุฌููุน ุงูุชุงุณูุงุช ูู ุงูููุช ุงููุญุฏุฏ ุฏูู ุงูุญุงุฌุฉ  ุฅูู ููุช ุงุถุงูู', NULL, 'employee', 1, 67, '2025-05-26 23:42:12', '2025-05-26 23:42:12'),
(415, 'ุงูุฅูุชุฒุงู ุจููุงุนูุฏ ุงูุญุถูุฑ ูุงูุฅูุตุฑุงู ูุงูุชุฃุฎูุฑุงุช', NULL, 'employee', 1, 68, '2025-05-26 23:42:12', '2025-05-26 23:42:12'),
(416, 'ุฅูุฌุงุฒ ุงูุนูู ุจุงููุณุชูู ุงููุทููุจ', NULL, 'employee', 1, 68, '2025-05-26 23:42:12', '2025-05-26 23:42:12'),
(417, 'ุงูุชุนุงูู ููุณุงุนุฏุฉ ุงูุฒููุงุก ูู ุฃุฏุงุก ููุงููู', NULL, 'employee', 1, 68, '2025-05-26 23:42:12', '2025-05-26 23:42:12'),
(418, 'ุชูุจู ูุงุณุชุฌุงุจุฉ ุชูุฌููุงุช ุฑุฆูุณ ุงููุณู', NULL, 'employee', 1, 68, '2025-05-26 23:42:12', '2025-05-26 23:42:12'),
(419, 'ุงููุฏุฑุฉ ุนูู ุงูุนูู ุฏูู ูุฑุงูุจุฉ ูุงูุชุฌุงูุจ ูุน ุถุบุท ุงูุนูู', NULL, 'employee', 1, 68, '2025-05-26 23:42:12', '2025-05-26 23:42:12'),
(420, 'ุงููุฏุฑุฉ ุนูู ุงูุงุจุชูุงุฑ ูุงูุงุจุฏุงุน ูุงูุชุทููุฑ ูุชุญุณูู ูุณุชูู ุงูุนูู', NULL, 'employee', 1, 68, '2025-05-26 23:42:12', '2025-05-26 23:42:12'),
(421, 'ูุชุงุจุนุฉ ุงูุดูุช ุงูุฎุงุต ุจุงูุชุณูุงุช ูุงุถุงูุฉ ุงูููุงู ุจุดูู ุฏูุฑู', NULL, 'employee', 1, 68, '2025-05-26 23:42:12', '2025-05-26 23:42:12'),
(422, 'ุงุจุฏุงุก ุงูุฑุบุจุฉ ูู ุงุณุชูุงู ููุงู ุฌุฏูุฏุฉ', NULL, 'employee', 1, 68, '2025-05-26 23:42:12', '2025-05-26 23:42:12'),
(423, 'ุงูุชุนููู ูุงูุชุทููุฑ ุงููุณุชูุฑ ูุฅูุชุณุงุจ ููุงุฑุงุช ูุชูููุงุช ุฌุฏูุฏุฉ ุชุณุงูู ูู ุฑูุน ููุงุกุฉ ุงูุนูู', NULL, 'employee', 1, 68, '2025-05-26 23:42:12', '2025-05-26 23:42:12'),
(424, 'ุงูุงูุชูุงุก ูู ุฌููุน ุงูุชุงุณูุงุช ูู ุงูููุช ุงููุญุฏุฏ ุฏูู ุงูุญุงุฌุฉ  ุฅูู ููุช ุงุถุงูู', NULL, 'employee', 1, 68, '2025-05-26 23:42:12', '2025-05-26 23:42:12'),
(425, 'ุงูุงูุชุฒุงู ุจุงูููุงุนูุฏ', NULL, 'employee', 1, 61, '2025-05-27 02:32:25', '2025-05-27 02:32:25'),
(426, 'ุณุฑุนุฉ ุชูููุฐ ุงูููุงู', NULL, 'employee', 1, 61, '2025-05-27 02:32:25', '2025-05-27 02:32:25'),
(427, 'ุงุชุจุงุน ุชุนูููุงุช ุฑุฆูุณ ุงููุณู ูุชูููุฐูุง', NULL, 'employee', 1, 61, '2025-05-27 02:32:25', '2025-05-27 02:32:25'),
(428, 'ุงูููููุฉ ูุงููุฑููุฉ ูู ุงูุชุนุงูู', NULL, 'employee', 1, 61, '2025-05-27 02:32:25', '2025-05-27 02:32:25'),
(429, 'ุงูุชุญููู ุจุงููุฏูุก ูู ููุงุฌูุฉ ุงูุถุบูุท ูุงููุดููุงุช ูุงูุนูู ุนูู ุญููุง [ุจูุฏูุก]', NULL, 'employee', 1, 61, '2025-05-27 02:32:25', '2025-05-27 02:32:25'),
(430, 'ุงูุชููุน ูู ุงูููุงู ูุงูุชุนุงูู ูุน ุงูุฎุตุงุฆุต ุงูุฌุฏูุฏุฉ', NULL, 'employee', 1, 61, '2025-05-27 02:38:17', '2025-05-27 02:38:17'),
(431, 'ุงูุงุณุชุฌุงุจุฉ ุงูุณุฑูุนุฉ ุฎุงุฑุฌ ููุงุนูุฏ ุงูุนูู [Plus]', 'ูุชู ุทูุจ ุจุนุถ ุงูููุงู ูู ุงูููุธู ูุชุนููุถ ุงููุฑุงุบ ูู ุจุนุถ ุงูุญุงูุงุช\r\nูก- ูุดุงูู ูููุฉ \r\nูข- ุบูุงุจุงุช ุงู ุธุฑูู ุทุงุฑุฆุฉ.', 'employee', 1, 61, '2025-05-27 02:45:31', '2025-05-27 02:49:16'),
(432, 'ุงูุชููุน ูู ุงูููุงู ูุงูุชุนุงูู ูุน ุงูุฎุตุงุฆุต ุงูุฌุฏูุฏุฉ', NULL, 'employee', 1, 62, '2025-05-27 02:48:03', '2025-05-27 02:48:03'),
(433, 'ุงูุงุณุชุฌุงุจุฉ ุงูุณุฑูุนุฉ ุฎุงุฑุฌ ููุงุนูุฏ ุงูุนูู [Plus]', 'ูุชู ุทูุจ ุจุนุถ ุงูููุงู ูู ุงูููุธู ูุชุนููุถ ุงููุฑุงุบ ูู ุจุนุถ ุงูุญุงูุงุช\r\nูก- ูุดุงูู ูููุฉ \r\nูข- ุบูุงุจุงุช ุงู ุธุฑูู ุทุงุฑุฆุฉ.', 'employee', 1, 62, '2025-05-27 02:48:03', '2025-05-27 02:49:39'),
(434, 'ุงูุงูุชุฒุงู ุจุงูููุงุนูุฏ', NULL, 'employee', 1, 75, '2025-05-27 02:52:09', '2025-05-27 02:52:09'),
(435, 'ุณุฑุนุฉ ุชูููุฐ ุงูููุงู', NULL, 'employee', 1, 75, '2025-05-27 02:52:09', '2025-05-27 02:52:09'),
(436, 'ุงุชุจุงุน ุชุนูููุงุช ุฑุฆูุณ ุงููุณู ูุชูููุฐูุง', NULL, 'employee', 1, 75, '2025-05-27 02:52:09', '2025-05-27 02:52:09'),
(437, 'ุงูููููุฉ ูุงููุฑููุฉ ูู ุงูุชุนุงูู', NULL, 'employee', 1, 75, '2025-05-27 02:52:09', '2025-05-27 02:52:09'),
(438, 'ุงูุชุญููู ุจุงููุฏูุก ูู ููุงุฌูุฉ ุงูุถุบูุท ูุงููุดููุงุช ูุงูุนูู ุนูู ุญููุง [ุจูุฏูุก]', NULL, 'employee', 1, 75, '2025-05-27 02:52:09', '2025-05-27 02:52:09'),
(439, 'ุงูุชููุน ูู ุงูููุงู ูุงูุชุนุงูู ูุน ุงูุฎุตุงุฆุต ุงูุฌุฏูุฏุฉ', NULL, 'employee', 1, 75, '2025-05-27 02:52:09', '2025-05-27 02:52:09'),
(440, 'ุงูุงุณุชุฌุงุจุฉ ุงูุณุฑูุนุฉ ุฎุงุฑุฌ ููุงุนูุฏ ุงูุนูู [Plus]', 'ูุชู ุทูุจ ุจุนุถ ุงูููุงู ูู ุงูููุธู ูุชุนููุถ ุงููุฑุงุบ ูู ุจุนุถ ุงูุญุงูุงุช\r\nูก- ูุดุงูู ูููุฉ \r\nูข- ุบูุงุจุงุช ุงู ุธุฑูู ุทุงุฑุฆุฉ.', 'employee', 1, 75, '2025-05-27 02:52:09', '2025-05-27 02:52:09'),
(441, 'ุฌูุฏุฉ ุชูููุฐ ุงูููุงู', 'ุงูุงูุชูุงู ุจุฌูุฏุฉ ุงูุชูููุฐ ูููุน ุงููุซูุฑ ูู ุงูุชุณุงุคูุงุช ูุงููุดุงูู.\r\nุนูู ุณุจูู ุงููุซุงู:- ุฑูุน ูุญุงุถุฑุฉ ูู ููุงู ุบูุฑ ููุงููุง.', 'employee', 1, 61, '2025-05-27 03:16:08', '2025-05-27 03:16:08'),
(442, 'ุฌูุฏุฉ ุชูููุฐ ุงูููุงู', 'ุงูุงูุชูุงู ุจุฌูุฏุฉ ุงูุชูููุฐ ูููุน ุงููุซูุฑ ูู ุงูุชุณุงุคูุงุช ูุงููุดุงูู.\r\nุนูู ุณุจูู ุงููุซุงู:- ุฑูุน ูุญุงุถุฑุฉ ูู ููุงู ุบูุฑ ููุงููุง.', 'employee', 1, 62, '2025-05-27 03:16:24', '2025-05-27 03:16:24'),
(443, 'ุฌูุฏุฉ ุชูููุฐ ุงูููุงู', 'ุงูุงูุชูุงู ุจุฌูุฏุฉ ุงูุชูููุฐ ูููุน ุงููุซูุฑ ูู ุงูุชุณุงุคูุงุช ูุงููุดุงูู.\r\nุนูู ุณุจูู ุงููุซุงู:- ุฑูุน ูุญุงุถุฑุฉ ูู ููุงู ุบูุฑ ููุงููุง.', 'employee', 1, 75, '2025-05-27 03:16:24', '2025-05-27 03:16:24'),
(444, 'ุงููุธุงูุฉ ุงูุดุฎุตูุฉ ู ุงูุฅูุชุฒุงู ุจุงูุฒู ููุธุงูุชู', NULL, 'employee', 1, 76, '2025-05-27 16:00:11', '2025-05-27 16:00:11'),
(445, 'ุงูุฅูุชุฒุงู ุจููุงุนูุฏ ุงูุญุถูุฑ ูุงูุฅูุตุฑุงู ูุงูุชุฃุฎูุฑุงุช (ุชูุฑูุฑ ุฅุฏุงุฑุฉ ุงูููุงุฑุฏ ุงูุจุดุฑูุฉ)', NULL, 'employee', 1, 76, '2025-05-27 16:00:34', '2025-05-27 16:00:34'),
(446, 'ุฅุชุจุงุน ูุชุทุจูู ููุงุฆุญ ูุณูุงุณุงุช ุงูุนูู', NULL, 'employee', 1, 76, '2025-05-27 16:00:46', '2025-05-27 16:00:46'),
(447, 'ูุณุชุบู ููุช ุงูุนูู ูุงููุง ูุงูุฌุงุฒ ุงูููุงู ุงููุทููุจุฉ', NULL, 'employee', 1, 76, '2025-05-27 16:01:32', '2025-05-27 16:01:32'),
(448, 'ููุชู ุจุชูููุฉ ููุณู ููููุง ููุฏุฑุจ ุงุนุถุงุก ุงููุฑูู ููุทูุฑ ููุงุฑุงุชูู ููุธูุฑ ุฐูู ูู ุงุฏุงุก ุงููุฑูู', NULL, 'employee', 1, 76, '2025-05-27 16:01:48', '2025-05-27 16:01:48'),
(449, 'ูุฏูู ูุฏุฑุฉ ุนูู ุญู ุงููุดููุงุช ุงูููุงุฌุฆุฉ ูุงุฏุงุฑุฉ ุงูุงุฒูุงุช', NULL, 'employee', 1, 76, '2025-05-27 16:02:13', '2025-05-27 16:02:13'),
(450, 'ูุณูู ุงูููุงู ูู ุงูููุช ุงููุทููุจ', NULL, 'employee', 1, 76, '2025-05-27 16:02:25', '2025-05-27 16:02:25'),
(451, 'ูุฏูู ูุฏุฑุฉ ุนูู ุงูุงุจุฏุงุน ููุณุงูู ุงุจุฏุงุน ูุฑููู ูู ุชุทููุฑ ุงูุดุฑูุฉ', NULL, 'employee', 1, 76, '2025-05-27 16:02:43', '2025-05-27 16:02:43'),
(452, 'ูุชุนุงูู ูุน ุฑุคุณุงุก ุงูุงูุณุงู ุงูุงุฎุฑู ููุฏูู ูุฑููุฉ ูููุงุฑุงุช ุชูุงุตู ูุน ูุฑููู ูุงููุฑู ุงูุงุฎุฑู (ูุซู ูุชุงุจุนุฉ ุฌูุฏุฉ ุงูุดุงุช ูุน ูุฑูู ุงูุฏุนู ูุงูุชุณููู)', NULL, 'employee', 1, 76, '2025-05-27 16:02:57', '2025-05-27 16:02:57'),
(453, 'ุงููุฏุฑุฉ ุนูู ุชูููู ุงููุฑูู (ูุชุถูู ุงููุนูููู) ููุชุงุจุฉ ููุญูุธุงุช ุฏูููุฉ ุนู ุงูุงุฏุงุก ูููุงุท ุงูููุฉ ูุงูุถุนู ูุชูุตูุงุช ูุชุญุณูู ุงูุงุฏุงุก', NULL, 'employee', 1, 76, '2025-05-27 16:03:17', '2025-05-27 16:03:17'),
(454, 'ูุฏุฑุณ ูุดููุงุช ุงููุณู ููุถุน ุงูุฎุทุท ูุญููุง', NULL, 'employee', 1, 76, '2025-05-27 16:03:30', '2025-05-27 16:03:30'),
(455, 'ูููู ุจุฏุฑุงุณู ุงูุณูู ูุงูููุงูุณูู ููุฌูุน ุงููุนูููุงุช ุนู ููุงุท ุงูููุฉ ูุงูุถุนู ูู ุงูุฏูุฑุงุช', NULL, 'employee', 1, 76, '2025-05-27 16:03:48', '2025-05-27 16:03:48'),
(456, 'ูุฏูู ุฎุทุท ูุนุงูุฉ ูุชุทููุฑ ุงุฏุงุก ุงููุณู ูุฒูุงุฏุฉ ุงุนุฏุงุฏ ุงููุดุงุฑููู ูุชุญุณูู ุงููุณุชูู ูุชุนููู ุงููุฏุฑุณูู ุงูุฌุฏุฏ ุฐูู ุงูููุงุกุฉ', NULL, 'employee', 1, 76, '2025-05-27 16:04:07', '2025-05-27 16:04:07'),
(457, 'ุงูุชุฃูุฏ ูู ุฌูุฏุฉ ุงููุญุชูู ุงูุชุนูููู ูุชุญุฏูุซู ุจุงุณุชูุฑุงุฑ ุจูุง ูุชูุงุณุจ ูุน ูุนุงููุฑ ุงูููุงุณ.', NULL, 'employee', 1, 76, '2025-05-27 16:04:20', '2025-05-27 16:04:20'),
(458, 'ูุถุน ุฎุทุฉ ูุชุทููุฑ ูุชุญุณูู ุขุฏุงุก ุงููุณู ูุงูุนุงูููู ุจู ููุง ูุคุฏู ุจุฏูุฑู ุงูู ุฐูุงุฏุฉ ุงุนุฏุงุฏ ุงูุนููุงุก', NULL, 'employee', 1, 76, '2025-05-27 16:04:32', '2025-05-27 16:04:32'),
(459, 'ูุชุงุจุนุฉ ุณูุฑ ุงูุนูู ู ุงูุงูุชุงุฌูุฉ ูุงุนุทุงุก feedback ููุฑูู ุงูุนุบูู ุจุดูู ูุณุชูุฑ', NULL, 'employee', 1, 76, '2025-05-27 16:04:41', '2025-05-27 16:04:41'),
(460, 'ุณุฑุนุฉ ุงูุงุณุชุฌุงุจุฉ ูุงูุชูุงุนู ูุน ุงูุนููุงุก', 'ุงูุณุฑุนุฉ ูู ุงูุฑุฏ ุนูู ุงูุงุณุชูุณุงุฑุงุชุ ููุนุฏู ุงูุงุณุชุฌุงุจุฉุ ูุณุฑุนุฉ ุงูุชุนุงูู ูุน ุงูุนููุงุกุ ูุน ุชุญุฏูุฏ ูููุฉ ุงูุนููู ุฏุงุฎู ุงููุญุงุฏุซุฉ ุจุดูู ูุณุชูุฑ.', 'employee', 1, 60, '2025-05-27 19:49:32', '2025-05-27 19:49:32'),
(461, 'ุฏูุฉ ููุถูุญ ุงูุฑุฏูุฏ', 'ุงูุชุญูู ูู ุตุญุฉ ุงููุนูููุงุช ุงูููุฏูุฉุ ูุงููุถูุญ ูู ุงูุชูุงุตูุ ูุงูุญุฏ ูู ุงุณุชุฎุฏุงู ุงูุฏุจุงุฌุงุช ุงูุฌุงูุฒุฉ ูู ุงููุญุงุฏุซุงุช.', 'employee', 1, 60, '2025-05-27 19:49:44', '2025-05-27 19:49:44'),
(462, 'ุงูุงุญุชุฑุงููุฉ ูุฃุฎูุงููุงุช ุงูุชุนุงูู', 'ุงูุชุนุงูู ูุน ุฌููุน ุงูุนููุงุก ุจุฃุฎูุงู ุนุงููุฉ ูุงุญุชุฑุงู ูุงููุ ุจูุง ูุนูุณ ุตูุฑุฉ ุฅูุฌุงุจูุฉ ุนู ุงููุฑูู.', 'employee', 1, 60, '2025-05-27 19:49:54', '2025-05-27 19:49:54'),
(463, 'ุฅุฏุงุฑุฉ ุงูููุงูู ุงูุตุนุจุฉ ูุงูุทูุงุฑุฆ', 'ุงููุฏุฑุฉ ุนูู ุงูุชุตุฑู ุงูุณุฑูุน ูู ุงูุญุงูุงุช ุงูุทุงุฑุฆุฉ ุฃู ูุน ุงูุนููุงุก ุงูุบุงุถุจูู ุณูุงุก ูู ุงูุชูุงุตู ุงููุจุงุดุฑ ุฃู ุนูู ุงููููุงุช ุงูุนุงูุฉุ ูุน ุงูุฌุงูุฒูุฉ ุงูุชุงูุฉ ุจุงููุนูููุงุช ุงููุทููุจุฉ.', 'employee', 1, 60, '2025-05-27 19:50:04', '2025-05-27 19:50:04'),
(464, 'ุงูุงูุชุฒุงู ุจุงูุญุถูุฑ ูุงูุงูุถุจุงุท ูู ุงูุนูู', 'ุงูุญุฑุต ุนูู ุงูุชูุงุฌุฏ ูู ุงูููุช ุงููุญุฏุฏ ูุงูุงูุชุฒุงู ุงููุงูู ุจุณุงุนุงุช ุงูููุงูุจุฉ.', 'employee', 1, 60, '2025-05-27 19:50:14', '2025-05-27 19:50:14'),
(465, 'ุงููุนุฑูุฉ ุงูุชุงูุฉ ุจุงููุญุชูู ูุงูุฎุฏูุงุช', 'ุงูุฅููุงู ุงููุงูู ุจุงูุฏูุฑุงุช ูุชูุงุตูููุง ุฏูู ุงูุญุงุฌุฉ ุงููุณุชูุฑุฉ ููุฑุฌูุน ุฅูู ุฒููุงุก ุฃู ูุณุคูููู.', 'employee', 1, 60, '2025-05-27 19:50:28', '2025-05-27 19:50:28'),
(466, 'ุงุณุชุฎุฏุงู ุฃุฏูุงุช ุงูุฏุนู ุจููุงุกุฉ', 'ุงูุงุณุชูุงุฏุฉ ุงููุตูู ูู ุฃุฏูุงุช ุงูุฏุนู ุงูููู ููุณุงุฆู ุงูุชูุงุตู ุงูุงุฌุชูุงุนู ุงููุชุงุญุฉ ูุฎุฏูุฉ ุงูุนููุงุก ุจูุนุงููุฉ.', 'employee', 1, 60, '2025-05-27 19:50:39', '2025-05-27 19:50:39'),
(467, 'ุงุญุชุฑุงู ุชูุฒูุน ุงูููุงู ุฎูุงู ุงูุดููุช', 'ุงูุงูุชุฒุงู ุจุนุฏู ุชุฎุทู ุฒูููู ูู ููุณ ุงููุญุงุฏุซุฉ ุฎูุงู ููุณ ุงูุดููุชุ ูุถูุงู ุงูุชูุธูู ูุนุฏู ุงูุชุฏุงุฎู.', 'employee', 1, 60, '2025-05-27 19:50:48', '2025-05-27 19:50:48'),
(468, 'ุฅุนุฏุงุฏ ุงูุชูุงุฑูุฑ ุงูููููุฉ ุจุฏูุฉ', 'ุชูุฏูู ุชูุงุฑูุฑ ุฏูููุฉ ูููุชุธูุฉ ุนู ุงูุงุณุชูุณุงุฑุงุช ูุงูุฅูุตุงูุงุช ูุน ุงูุญูุงุธ ุนูู ุงููุตุฏุงููุฉ ูู ูู ุงูุจูุงูุงุช.', 'employee', 1, 60, '2025-05-27 19:50:57', '2025-05-27 19:50:57'),
(469, 'ุชูุจู ุงูุชูุฌูู ูุงูุชุทููุฑ ุงููุณุชูุฑ', 'ุงูุงุณุชุฌุงุจุฉ ูุชุนูููุงุช ุฑุฆูุณ ุงููุณู ูุชูุจู ุงูููุฏ ุงูุจูุงุก ุจูุฏู ุงูุชุญุณูู ุงููุณุชูุฑ ูู ุงูุฃุฏุงุก.', 'employee', 1, 60, '2025-05-27 19:51:06', '2025-05-27 19:51:06'),
(470, 'ุณุฑุนุฉ ุงูุงุณุชุฌุงุจุฉ ูุงูุชูุงุนู ูุน ุงูุนููุงุก', 'ุงูุณุฑุนุฉ ูู ุงูุฑุฏ ุนูู ุงูุงุณุชูุณุงุฑุงุชุ ููุนุฏู ุงูุงุณุชุฌุงุจุฉุ ูุณุฑุนุฉ ุงูุชุนุงูู ูุน ุงูุนููุงุกุ ูุน ุชุญุฏูุฏ ูููุฉ ุงูุนููู ุฏุงุฎู ุงููุญุงุฏุซุฉ ุจุดูู ูุณุชูุฑ.', 'employee', 1, 48, '2025-05-27 19:51:34', '2025-05-27 19:51:34'),
(471, 'ุฏูุฉ ููุถูุญ ุงูุฑุฏูุฏ', 'ุงูุชุญูู ูู ุตุญุฉ ุงููุนูููุงุช ุงูููุฏูุฉุ ูุงููุถูุญ ูู ุงูุชูุงุตูุ ูุงูุญุฏ ูู ุงุณุชุฎุฏุงู ุงูุฏุจุงุฌุงุช ุงูุฌุงูุฒุฉ ูู ุงููุญุงุฏุซุงุช.', 'employee', 1, 48, '2025-05-27 19:51:34', '2025-05-27 19:51:34'),
(472, 'ุงูุงุญุชุฑุงููุฉ ูุฃุฎูุงููุงุช ุงูุชุนุงูู', 'ุงูุชุนุงูู ูุน ุฌููุน ุงูุนููุงุก ุจุฃุฎูุงู ุนุงููุฉ ูุงุญุชุฑุงู ูุงููุ ุจูุง ูุนูุณ ุตูุฑุฉ ุฅูุฌุงุจูุฉ ุนู ุงููุฑูู.', 'employee', 1, 48, '2025-05-27 19:51:34', '2025-05-27 19:51:34'),
(473, 'ุฅุฏุงุฑุฉ ุงูููุงูู ุงูุตุนุจุฉ ูุงูุทูุงุฑุฆ', 'ุงููุฏุฑุฉ ุนูู ุงูุชุตุฑู ุงูุณุฑูุน ูู ุงูุญุงูุงุช ุงูุทุงุฑุฆุฉ ุฃู ูุน ุงูุนููุงุก ุงูุบุงุถุจูู ุณูุงุก ูู ุงูุชูุงุตู ุงููุจุงุดุฑ ุฃู ุนูู ุงููููุงุช ุงูุนุงูุฉุ ูุน ุงูุฌุงูุฒูุฉ ุงูุชุงูุฉ ุจุงููุนูููุงุช ุงููุทููุจุฉ.', 'employee', 1, 48, '2025-05-27 19:51:34', '2025-05-27 19:51:34'),
(474, 'ุงูุงูุชุฒุงู ุจุงูุญุถูุฑ ูุงูุงูุถุจุงุท ูู ุงูุนูู', 'ุงูุญุฑุต ุนูู ุงูุชูุงุฌุฏ ูู ุงูููุช ุงููุญุฏุฏ ูุงูุงูุชุฒุงู ุงููุงูู ุจุณุงุนุงุช ุงูููุงูุจุฉ.', 'employee', 1, 48, '2025-05-27 19:51:34', '2025-05-27 19:51:34'),
(475, 'ุงููุนุฑูุฉ ุงูุชุงูุฉ ุจุงููุญุชูู ูุงูุฎุฏูุงุช', 'ุงูุฅููุงู ุงููุงูู ุจุงูุฏูุฑุงุช ูุชูุงุตูููุง ุฏูู ุงูุญุงุฌุฉ ุงููุณุชูุฑุฉ ููุฑุฌูุน ุฅูู ุฒููุงุก ุฃู ูุณุคูููู.', 'employee', 1, 48, '2025-05-27 19:51:34', '2025-05-27 19:51:34'),
(476, 'ุงุณุชุฎุฏุงู ุฃุฏูุงุช ุงูุฏุนู ุจููุงุกุฉ', 'ุงูุงุณุชูุงุฏุฉ ุงููุตูู ูู ุฃุฏูุงุช ุงูุฏุนู ุงูููู ููุณุงุฆู ุงูุชูุงุตู ุงูุงุฌุชูุงุนู ุงููุชุงุญุฉ ูุฎุฏูุฉ ุงูุนููุงุก ุจูุนุงููุฉ.', 'employee', 1, 48, '2025-05-27 19:51:34', '2025-05-27 19:51:34'),
(477, 'ุงุญุชุฑุงู ุชูุฒูุน ุงูููุงู ุฎูุงู ุงูุดููุช', 'ุงูุงูุชุฒุงู ุจุนุฏู ุชุฎุทู ุฒูููู ูู ููุณ ุงููุญุงุฏุซุฉ ุฎูุงู ููุณ ุงูุดููุชุ ูุถูุงู ุงูุชูุธูู ูุนุฏู ุงูุชุฏุงุฎู.', 'employee', 1, 48, '2025-05-27 19:51:34', '2025-05-27 19:51:34'),
(478, 'ุฅุนุฏุงุฏ ุงูุชูุงุฑูุฑ ุงูููููุฉ ุจุฏูุฉ', 'ุชูุฏูู ุชูุงุฑูุฑ ุฏูููุฉ ูููุชุธูุฉ ุนู ุงูุงุณุชูุณุงุฑุงุช ูุงูุฅูุตุงูุงุช ูุน ุงูุญูุงุธ ุนูู ุงููุตุฏุงููุฉ ูู ูู ุงูุจูุงูุงุช.', 'employee', 1, 48, '2025-05-27 19:51:34', '2025-05-27 19:51:34'),
(479, 'ุชูุจู ุงูุชูุฌูู ูุงูุชุทููุฑ ุงููุณุชูุฑ', 'ุงูุงุณุชุฌุงุจุฉ ูุชุนูููุงุช ุฑุฆูุณ ุงููุณู ูุชูุจู ุงูููุฏ ุงูุจูุงุก ุจูุฏู ุงูุชุญุณูู ุงููุณุชูุฑ ูู ุงูุฃุฏุงุก.', 'employee', 1, 48, '2025-05-27 19:51:34', '2025-05-27 19:51:34'),
(480, 'ุฌูุฏุฉ ุงููุญุชูู ูุฏูุฉ ุงููุนูููุงุช', 'ุงูุญุฑุต ุนูู ุชูุฏูู ูุญุชูู ุฏูููุ ุตุญูุญุ ูุฌุฐุงุจ ููุจู ุชุทูุนุงุช ุงูุฌูููุฑ.', 'employee', 1, 45, '2025-05-27 19:52:22', '2025-05-27 19:52:22'),
(481, 'ุงูุฅุจุฏุงุน ูุงูุงุจุชูุงุฑ ูู ุตูุงุนุฉ ุงููุญุชูู', 'ุงููุฏุฑุฉ ุนูู ุชูููุฏ ุฃููุงุฑ ุฌุฏูุฏุฉ ูุชูุฏูู ูุญุชูู ูุจุชูุฑ ููุชููุฒ ุนู ุงูููุงูุณูู.', 'employee', 1, 45, '2025-05-27 19:52:35', '2025-05-27 19:52:35'),
(482, 'ุงูุงูุชุฒุงู ุจุงูููุงุนูุฏ ูุฌุฏููุฉ ุงูุชุณููู', 'ุงูุงูุชุฒุงู ุจุชุณููู ุงููุญุชูู ูู ุงูููุช ุงููุญุฏุฏ ููููุง ููุฎุทุฉ ุงูุฒูููุฉ ุงูููุถูุนุฉ.', 'employee', 1, 45, '2025-05-27 19:52:45', '2025-05-27 19:52:45'),
(483, 'ุงูุชููุน ูุชูุจูุฉ ุงุญุชูุงุฌุงุช ุงูุฌูููุฑ', 'ุฅูุชุงุฌ ูุญุชูู ูุชููุน ููุงุฆู ุงููุฆุงุช ุงููุฎุชููุฉ ูู ุงูุฌูููุฑ ุงููุณุชูุฏู ููุบุทู ูุฎุชูู ุงูููุงุถูุน.', 'employee', 1, 45, '2025-05-27 19:52:53', '2025-05-27 19:52:53'),
(484, 'ุชูุงูู ุงููุญุชูู ูุน ุงูุฃูุฏุงู ุงูุชุณููููุฉ', 'ุถูุงู ุงุชุณุงู ุงููุญุชูู ูุน ุฃูุฏุงู ูุงุณุชุฑุงุชูุฌูุฉ ุงูุดุฑูุฉ ุงูุชุณููููุฉ.', 'employee', 1, 45, '2025-05-27 19:53:01', '2025-05-27 19:53:01'),
(485, 'ุงูุชุญููู ูุงูุชุทููุฑ ุงููุณุชูุฑ ูููุญุชูู', 'ุงููุฏุฑุฉ ุนูู ุชุญููู ุฃุฏุงุก ุงููุญุชููุ ุฅุนุงุฏุฉ ุตูุงุบุฉ ุงููุญุชูู ุงููุงุฌุญุ ูุชุนุฏููู ูุชุญุณูู ุงููุชุงุฆุฌ ุงููุณุชูุจููุฉ.', 'employee', 1, 45, '2025-05-27 19:53:12', '2025-05-27 19:53:12'),
(486, 'ุงูุชูุณูู ูุน ูุฑูู ุงูุชุตููู ูุงูุชูุธูู ุงูุฒููู', 'ุงูุชุนุงูู ูุน ุงููุตููููุ ุชูุธูู ุงููุญุชูู ุนูู ุฎุทุฉ ูุดุฑ ูุงุถุญุฉุ ุงูุงูุชุฒุงู ุจุงููDeadlineุ ููุชุงุจุนุฉ ุงูุนุฏ ุงูุชูุงุฒูู ููุฏูุฑุงุช ุฏูู ุงูุญุงุฌุฉ ููุชุฐููุฑ.', 'employee', 1, 45, '2025-05-27 19:53:20', '2025-05-27 19:53:20'),
(487, 'ุชุญุณูู ูุญุฑูุงุช ุงูุจุญุซ (SEO)', 'ุงูุงูุชูุงู ุจุงุณุชุฎุฏุงู ุงููููุงุช ุงูููุชุงุญูุฉ ุงูุตุญูุญุฉุ ุชุญููู ูุนุงููุฑ SEOุ ููุชุงุจุนุฉ ุงููุงุดุชุงุฌุงุช ุฐุงุช ุงูุตูุฉ.', 'employee', 1, 45, '2025-05-27 19:53:29', '2025-05-27 19:53:29'),
(488, 'ููุงูุจุฉ ุงูุชุญุฏูุซุงุช ูุงูููุงูุณูู', 'ูุชุงุจุนุฉ ูุณุชูุฑุฉ ูุชุทูุฑุงุช ุงููุฌุงูุ ูุถูุงู ุฃู ุงููุญุชูู ูุจูู ุญุฏูุซูุง ูููุงุณุจูุงุ ุฅูู ุฌุงูุจ ูุฑุงูุจุฉ ูุญุชูู ุงูููุงูุณูู.', 'employee', 1, 45, '2025-05-27 19:53:38', '2025-05-27 19:53:38'),
(489, 'ุงูุชุฃุซูุฑ ุนูู ุงูุชูุงุนู ูุฒูุงุฏุฉ ุงููุชุงุจุนูู', 'ุงููุฏุฑุฉ ุนูู ุฎูู ูุญุชูู ูุฑูุน ูู ูุณุชูู ุงูุชูุงุนูุ ูุฒูุฏ ุนุฏุฏ ุงููุชุงุจุนููุ ููุฌุฐุจ ุงูุฌูููุฑ ุจุดูู ูุนุงู.', 'employee', 1, 45, '2025-05-27 19:53:46', '2025-05-27 19:53:46'),
(490, 'ุฌูุฏุฉ ุงููุญุชูู ูุฏูุฉ ุงููุนูููุงุช', 'ุงูุญุฑุต ุนูู ุชูุฏูู ูุญุชูู ุฏูููุ ุตุญูุญุ ูุฌุฐุงุจ ููุจู ุชุทูุนุงุช ุงูุฌูููุฑ.', 'employee', 1, 46, '2025-05-27 19:54:04', '2025-05-27 19:54:04'),
(491, 'ุงูุฅุจุฏุงุน ูุงูุงุจุชูุงุฑ ูู ุตูุงุนุฉ ุงููุญุชูู', 'ุงููุฏุฑุฉ ุนูู ุชูููุฏ ุฃููุงุฑ ุฌุฏูุฏุฉ ูุชูุฏูู ูุญุชูู ูุจุชูุฑ ููุชููุฒ ุนู ุงูููุงูุณูู.', 'employee', 1, 46, '2025-05-27 19:54:04', '2025-05-27 19:54:04'),
(492, 'ุงูุงูุชุฒุงู ุจุงูููุงุนูุฏ ูุฌุฏููุฉ ุงูุชุณููู', 'ุงูุงูุชุฒุงู ุจุชุณููู ุงููุญุชูู ูู ุงูููุช ุงููุญุฏุฏ ููููุง ููุฎุทุฉ ุงูุฒูููุฉ ุงูููุถูุนุฉ.', 'employee', 1, 46, '2025-05-27 19:54:04', '2025-05-27 19:54:04'),
(493, 'ุงูุชููุน ูุชูุจูุฉ ุงุญุชูุงุฌุงุช ุงูุฌูููุฑ', 'ุฅูุชุงุฌ ูุญุชูู ูุชููุน ููุงุฆู ุงููุฆุงุช ุงููุฎุชููุฉ ูู ุงูุฌูููุฑ ุงููุณุชูุฏู ููุบุทู ูุฎุชูู ุงูููุงุถูุน.', 'employee', 1, 46, '2025-05-27 19:54:04', '2025-05-27 19:54:04'),
(494, 'ุชูุงูู ุงููุญุชูู ูุน ุงูุฃูุฏุงู ุงูุชุณููููุฉ', 'ุถูุงู ุงุชุณุงู ุงููุญุชูู ูุน ุฃูุฏุงู ูุงุณุชุฑุงุชูุฌูุฉ ุงูุดุฑูุฉ ุงูุชุณููููุฉ.', 'employee', 1, 46, '2025-05-27 19:54:04', '2025-05-27 19:54:04'),
(495, 'ุงูุชุญููู ูุงูุชุทููุฑ ุงููุณุชูุฑ ูููุญุชูู', 'ุงููุฏุฑุฉ ุนูู ุชุญููู ุฃุฏุงุก ุงููุญุชููุ ุฅุนุงุฏุฉ ุตูุงุบุฉ ุงููุญุชูู ุงููุงุฌุญุ ูุชุนุฏููู ูุชุญุณูู ุงููุชุงุฆุฌ ุงููุณุชูุจููุฉ.', 'employee', 1, 46, '2025-05-27 19:54:04', '2025-05-27 19:54:04'),
(496, 'ุงูุชูุณูู ูุน ูุฑูู ุงูุชุตููู ูุงูุชูุธูู ุงูุฒููู', 'ุงูุชุนุงูู ูุน ุงููุตููููุ ุชูุธูู ุงููุญุชูู ุนูู ุฎุทุฉ ูุดุฑ ูุงุถุญุฉุ ุงูุงูุชุฒุงู ุจุงููDeadlineุ ููุชุงุจุนุฉ ุงูุนุฏ ุงูุชูุงุฒูู ููุฏูุฑุงุช ุฏูู ุงูุญุงุฌุฉ ููุชุฐููุฑ.', 'employee', 1, 46, '2025-05-27 19:54:04', '2025-05-27 19:54:04'),
(497, 'ุชุญุณูู ูุญุฑูุงุช ุงูุจุญุซ (SEO)', 'ุงูุงูุชูุงู ุจุงุณุชุฎุฏุงู ุงููููุงุช ุงูููุชุงุญูุฉ ุงูุตุญูุญุฉุ ุชุญููู ูุนุงููุฑ SEOุ ููุชุงุจุนุฉ ุงููุงุดุชุงุฌุงุช ุฐุงุช ุงูุตูุฉ.', 'employee', 1, 46, '2025-05-27 19:54:04', '2025-05-27 19:54:04'),
(498, 'ููุงูุจุฉ ุงูุชุญุฏูุซุงุช ูุงูููุงูุณูู', 'ูุชุงุจุนุฉ ูุณุชูุฑุฉ ูุชุทูุฑุงุช ุงููุฌุงูุ ูุถูุงู ุฃู ุงููุญุชูู ูุจูู ุญุฏูุซูุง ูููุงุณุจูุงุ ุฅูู ุฌุงูุจ ูุฑุงูุจุฉ ูุญุชูู ุงูููุงูุณูู.', 'employee', 1, 46, '2025-05-27 19:54:04', '2025-05-27 19:54:04'),
(499, 'ุงูุชุฃุซูุฑ ุนูู ุงูุชูุงุนู ูุฒูุงุฏุฉ ุงููุชุงุจุนูู', 'ุงููุฏุฑุฉ ุนูู ุฎูู ูุญุชูู ูุฑูุน ูู ูุณุชูู ุงูุชูุงุนูุ ูุฒูุฏ ุนุฏุฏ ุงููุชุงุจุนููุ ููุฌุฐุจ ุงูุฌูููุฑ ุจุดูู ูุนุงู.', 'employee', 1, 46, '2025-05-27 19:54:04', '2025-05-27 19:54:04'),
(500, 'ุฌูุฏุฉ ูุงุญุชุฑุงููุฉ ุงูุชุตููู', 'ุชูุฏูู ุชุตุงููู ุฏูููุฉุ ุฌูููุฉุ ูุงุญุชุฑุงููุฉ ุชุนูุณ ุฌูุฏุฉ ุงูุนูู.', 'employee', 1, 49, '2025-05-27 19:55:25', '2025-05-27 19:55:25'),
(501, 'ุงูุฅุจุฏุงุน ูุงูุงุจุชูุงุฑ ูู ุงูุชุตุงููู', 'ุงููุฏุฑุฉ ุนูู ุฅูุชุงุฌ ุฃููุงุฑ ุฌุฏูุฏุฉ ูุฌุฐุงุจุฉ \"ุฎุงุฑุฌ ุงูุตูุฏูู\" ุชุถูู ูููุฉ ุจุตุฑูุฉ ูููุญุชูู.', 'employee', 1, 49, '2025-05-27 19:55:34', '2025-05-27 19:55:34'),
(502, 'ุงูุงูุชุฒุงู ุจุงููููุฉ ุงูุจุตุฑูุฉ', 'ุชูุญูุฏ ุงูููุท ุงูุจุตุฑู ูู ุฌููุน ุงูุชุตุงููู ุจูุง ูุชูุงุดู ูุน ุงููููุฉ ุงูุจุตุฑูุฉ ุงูุฎุงุตุฉ ุจุงูุดุฑูุฉ.', 'employee', 1, 49, '2025-05-27 19:55:51', '2025-05-27 19:55:51'),
(503, 'ุงูุงูุชุฒุงู ุจุงูููุงุนูุฏ ุงูููุงุฆูุฉ', 'ุชุณููู ุงูุฃุนูุงู ุงููุทููุจุฉ ูู ุงูููุช ุงููุญุฏุฏ ููููุง ููุฌุฏูู ุงูุฒููู ุงููุชูู ุนููู.', 'employee', 1, 49, '2025-05-27 19:56:02', '2025-05-27 19:56:02'),
(504, 'ุงููุฑููุฉ ูู ุชูููุฐ ุงูุชุนุฏููุงุช', 'ุงูุงุณุชุฌุงุจุฉ ุงูุณุฑูุนุฉ ููููุงุญุธุงุช ูุงููุฏุฑุฉ ุนูู ุชุนุฏูู ุงูุชุตุงููู ุจููุงุกุฉ ุฏูู ุชุฃุฎูุฑ.', 'employee', 1, 49, '2025-05-27 19:56:10', '2025-05-27 19:56:10'),
(505, 'ุงูุชุนุงูู ูุงูุงูุณุฌุงู ูุน ุงููุฑูู', 'ุงูุชูุงุนู ุงูุฅูุฌุงุจู ูุน ุงููุฑููุ ุฎุงุตุฉ ูุน ุตูุงุน ุงููุญุชููุ ูุถูุงู ุชูุงูู ุงูุนูู.', 'employee', 1, 49, '2025-05-27 19:56:22', '2025-05-27 19:56:22'),
(506, 'ุงูููุงุกุฉ ูู ุงุณุชุฎุฏุงู ุฃุฏูุงุช ุงูุชุตููู', 'ุงูุชููู ูู ุงุณุชุฎุฏุงู ุงูุจุฑุงูุฌ ุงูุงุญุชุฑุงููุฉ ุงููุฎุชููุฉ ูุฅูุชุงุฌ ุชุตุงููู ุนุงููุฉ ุงูุฌูุฏุฉ.', 'employee', 1, 49, '2025-05-27 19:56:36', '2025-05-27 19:56:36'),
(507, 'ุงูุชูุงูู ูุน ูุชุทูุจุงุช ุงูููุตุงุช', 'ุชุตููู ูุญุชูู ูุชูุงุณุจ ูุน ููุงุตูุงุช ูุฃุจุนุงุฏ ุงูููุตุงุช ุงููุฎุชููุฉ (ุณูุดูุงู ููุฏูุงุ ูููุนุ ุฅุนูุงูุงุช... ุฅูุฎ).', 'employee', 1, 49, '2025-05-27 19:56:45', '2025-05-27 19:56:45'),
(508, 'ุงูุชุทููุฑ ุงูุฐุงุชู ูุงูุฅุจุฏุงุน ุงููุณุชูุฑ', 'ุงูุญุฑุต ุนูู ุชุทููุฑ ุงูุฐุงุชุ ูุงุจุชูุงุฑ ุฃููุงุฑ ุฌุฏูุฏุฉ ุชูุงูุจ ุงุญุชูุงุฌุงุช ุงูุณูู.', 'employee', 1, 49, '2025-05-27 19:56:54', '2025-05-27 19:56:54'),
(509, 'ููุงูุจุฉ ุงูุชุทูุฑุงุช ูู ุงููุฌุงู', 'ูุชุงุจุนุฉ ุงูุงุชุฌุงูุงุช ุงูุฌุฏูุฏุฉ ูู ุนุงูู ุงูุชุตููู ูุชุนูู ุฃุฏูุงุช ูุชูููุงุช ุญุฏูุซุฉ ูุชุญุณูู ุฌูุฏุฉ ุงูุนูู.', 'employee', 1, 49, '2025-05-27 19:57:07', '2025-05-27 19:57:07'),
(510, 'ุฌูุฏุฉ ูุงุญุชุฑุงููุฉ ุงูุชุตููู', 'ุชูุฏูู ุชุตุงููู ุฏูููุฉุ ุฌูููุฉุ ูุงุญุชุฑุงููุฉ ุชุนูุณ ุฌูุฏุฉ ุงูุนูู.', 'employee', 1, 50, '2025-05-27 19:57:33', '2025-05-27 19:57:33'),
(511, 'ุงูุฅุจุฏุงุน ูุงูุงุจุชูุงุฑ ูู ุงูุชุตุงููู', 'ุงููุฏุฑุฉ ุนูู ุฅูุชุงุฌ ุฃููุงุฑ ุฌุฏูุฏุฉ ูุฌุฐุงุจุฉ \"ุฎุงุฑุฌ ุงูุตูุฏูู\" ุชุถูู ูููุฉ ุจุตุฑูุฉ ูููุญุชูู.', 'employee', 1, 50, '2025-05-27 19:57:33', '2025-05-27 19:57:33'),
(512, 'ุงูุงูุชุฒุงู ุจุงููููุฉ ุงูุจุตุฑูุฉ', 'ุชูุญูุฏ ุงูููุท ุงูุจุตุฑู ูู ุฌููุน ุงูุชุตุงููู ุจูุง ูุชูุงุดู ูุน ุงููููุฉ ุงูุจุตุฑูุฉ ุงูุฎุงุตุฉ ุจุงูุดุฑูุฉ.', 'employee', 1, 50, '2025-05-27 19:57:33', '2025-05-27 19:57:33'),
(513, 'ุงูุงูุชุฒุงู ุจุงูููุงุนูุฏ ุงูููุงุฆูุฉ', 'ุชุณููู ุงูุฃุนูุงู ุงููุทููุจุฉ ูู ุงูููุช ุงููุญุฏุฏ ููููุง ููุฌุฏูู ุงูุฒููู ุงููุชูู ุนููู.', 'employee', 1, 50, '2025-05-27 19:57:33', '2025-05-27 19:57:33'),
(514, 'ุงููุฑููุฉ ูู ุชูููุฐ ุงูุชุนุฏููุงุช', 'ุงูุงุณุชุฌุงุจุฉ ุงูุณุฑูุนุฉ ููููุงุญุธุงุช ูุงููุฏุฑุฉ ุนูู ุชุนุฏูู ุงูุชุตุงููู ุจููุงุกุฉ ุฏูู ุชุฃุฎูุฑ.', 'employee', 1, 50, '2025-05-27 19:57:33', '2025-05-27 19:57:33'),
(515, 'ุงูุชุนุงูู ูุงูุงูุณุฌุงู ูุน ุงููุฑูู', 'ุงูุชูุงุนู ุงูุฅูุฌุงุจู ูุน ุงููุฑููุ ุฎุงุตุฉ ูุน ุตูุงุน ุงููุญุชููุ ูุถูุงู ุชูุงูู ุงูุนูู.', 'employee', 1, 50, '2025-05-27 19:57:33', '2025-05-27 19:57:33'),
(516, 'ุงูููุงุกุฉ ูู ุงุณุชุฎุฏุงู ุฃุฏูุงุช ุงูุชุตููู', 'ุงูุชููู ูู ุงุณุชุฎุฏุงู ุงูุจุฑุงูุฌ ุงูุงุญุชุฑุงููุฉ ุงููุฎุชููุฉ ูุฅูุชุงุฌ ุชุตุงููู ุนุงููุฉ ุงูุฌูุฏุฉ.', 'employee', 1, 50, '2025-05-27 19:57:33', '2025-05-27 19:57:33'),
(517, 'ุงูุชูุงูู ูุน ูุชุทูุจุงุช ุงูููุตุงุช', 'ุชุตููู ูุญุชูู ูุชูุงุณุจ ูุน ููุงุตูุงุช ูุฃุจุนุงุฏ ุงูููุตุงุช ุงููุฎุชููุฉ (ุณูุดูุงู ููุฏูุงุ ูููุนุ ุฅุนูุงูุงุช... ุฅูุฎ).', 'employee', 1, 50, '2025-05-27 19:57:33', '2025-05-27 19:57:33'),
(518, 'ุงูุชุทููุฑ ุงูุฐุงุชู ูุงูุฅุจุฏุงุน ุงููุณุชูุฑ', 'ุงูุญุฑุต ุนูู ุชุทููุฑ ุงูุฐุงุชุ ูุงุจุชูุงุฑ ุฃููุงุฑ ุฌุฏูุฏุฉ ุชูุงูุจ ุงุญุชูุงุฌุงุช ุงูุณูู.', 'employee', 1, 50, '2025-05-27 19:57:33', '2025-05-27 19:57:33'),
(519, 'ููุงูุจุฉ ุงูุชุทูุฑุงุช ูู ุงููุฌุงู', 'ูุชุงุจุนุฉ ุงูุงุชุฌุงูุงุช ุงูุฌุฏูุฏุฉ ูู ุนุงูู ุงูุชุตููู ูุชุนูู ุฃุฏูุงุช ูุชูููุงุช ุญุฏูุซุฉ ูุชุญุณูู ุฌูุฏุฉ ุงูุนูู.', 'employee', 1, 50, '2025-05-27 19:57:33', '2025-05-27 19:57:33'),
(520, 'ุชุญููู ุงูุฌูููุฑ ูุงุฎุชูุงุฑ ุงููููุงุช', 'ูุฏู ุงููุฏุฑุฉ ุนูู ุชุญููู ุงูุฌูููุฑ ุงููุณุชูุฏู ูุงุฎุชูุงุฑ ุงููููุงุช ุงูุฅุนูุงููุฉ ุงูููุงุณุจุฉ.', 'employee', 1, 51, '2025-05-27 20:02:14', '2025-05-27 20:02:14'),
(521, 'ุฅุฏุงุฑุฉ ุงูููุฒุงููุฉ ุจูุนุงููุฉ', 'ุฅุฏุงุฑุฉ ุงูููุฒุงููุฉ ุงูุฅุนูุงููุฉ ูุงููุฏุฑุฉ ุนูู ุชูุฒูุน ูุฅููุงู ุงูููุฒุงููุฉ ุจุดูู ูุนุงู ูุชุญุตูู ุฃูุถู ุนุงุฆุฏ ุนูู ุงูุงุณุชุซูุงุฑ (ROI).', 'employee', 1, 51, '2025-05-27 20:02:22', '2025-05-27 20:02:22'),
(522, 'ุฅุฏุงุฑุฉ ุงูุญููุงุช ูุชูููุฐูุง', 'ุฅุฏุงุฑุฉ ุงูุญููุงุช ุงูุฅุนูุงููุฉ ูุงูุชุฎุทูุทุ ุงูุชูููุฐุ ูุงููุฑุงูุจุฉ ุงูุฏูููุฉ ููุญููุงุช ุงูุฅุนูุงููุฉ ุนูู ูุฎุชูู ุงูููุตุงุช.', 'employee', 1, 51, '2025-05-27 20:02:30', '2025-05-27 20:02:30'),
(523, 'ุงุณุชุฎุฏุงู ุฃุฏูุงุช ุงูุชุญููู', 'ุงุณุชุฎุฏุงู ุฃุฏูุงุช ุงูุชุญููู ูููุงุณ ุฃุฏุงุก ุงูุญููุงุช ูุซู Google Analytics ูFacebook Ads Manager.', 'employee', 1, 51, '2025-05-27 20:02:51', '2025-05-27 20:02:51'),
(524, 'ุชุญููู ุงูุฃูุฏุงู ุงููุญุฏุฏุฉ', 'ุงูุงูุชุฒุงู ูุชุญููู ุงูุฃูุฏุงู ุงููุญุฏุฏุฉ ูุซู ุฒูุงุฏุฉ ุงููุจูุนุงุช ุฃู ุงูุชูุงุนู.', 'employee', 1, 51, '2025-05-27 20:03:00', '2025-05-27 20:03:00'),
(525, 'ุฅุนุฏุงุฏ ุฎุทุท ุงูุดุฑุงุก ุงูุฅุนูุงูู ูุงูุชูุงุฑูุฑ', 'ุฅุนุฏุงุฏ ุฎุทุท ุงูููmedia buying ุงูููุงุณุจุฉ ูุชุญููู ุงูุฃูุฏุงู ูู ุงูุญููุงุช ูุชูุฏูู ุงูุชูุงุฑูุฑ ุนู ุงูุญููุงุช ูู ุงูููุช ุงููุญุฏุฏ.', 'employee', 1, 51, '2025-05-27 20:03:09', '2025-05-27 20:03:09'),
(526, 'ุงูุชุญุณูู ุงููุณุชูุฑ ููุฃุฏุงุก', 'ุงูุชุญุณูู ุงููุณุชูุฑ (Optimization) ุจุฅุฌุฑุงุก ุชุญุณููุงุช ูุณุชูุฑุฉ ุนูู ุงูุฅุนูุงูุงุช ุจูุงุกู ุนูู ุงูุจูุงูุงุช ุงููุชุงุญุฉ ูุฒูุงุฏุฉ ุงูุฃุฏุงุก.', 'employee', 1, 51, '2025-05-27 20:03:17', '2025-05-27 20:03:17'),
(527, 'ุงูุชููู ูุน ุงูุชุบูุฑุงุช', 'ุงููุฏุฑุฉ ุนูู ุงูุชููู ูุน ุงูุชุบูุฑุงุช ูู ุณูุงุณุงุช ุงูุฅุนูุงูุงุช ุฃู ุชุบูุฑุงุช ุงูุณูู ููุชุงุจุนุฉ ุงูุชุญุฏูุซุงุช ููุฏู ุชุฃุซูุฑูุง ุนูู ุงูุญููุงุช ุงูุฅุนูุงููุฉ.', 'employee', 1, 51, '2025-05-27 20:03:28', '2025-05-27 20:03:28'),
(528, 'ุงูุฅููุงู ุจุงูููุตุงุช ุงูุฅุนูุงููุฉ', 'ุงูุฅููุงู ุจุงูููุตุงุช ุงูุฅุนูุงููุฉ ุงููุฎุชููุฉ (ูุนุฑูุฉ ุดุงููุฉ ูุฅุชูุงู ุงุณุชุฎุฏุงู ููุตุงุช ูุซู Google Adsุ Facebook Adsุ ูInstagram Ads).', 'employee', 1, 51, '2025-05-27 20:03:36', '2025-05-27 20:03:36'),
(529, 'ุฅุฏุงุฑุฉ ุงููุฎุงุทุฑ ูู ุงูุญููุงุช', 'ุฅุฏุงุฑุฉ ุงููุฎุงุทุฑ ูุงููุฏุฑุฉ ุนูู ุชุญุฏูุฏ ูุชุฌูุจ ุงููุฎุงุทุฑ ูู ุงูุญููุงุช ุงูุฅุนูุงููุฉุ ูุซู ุงูุฅุนูุงูุงุช ุบูุฑ ุงูููุงุฆูุฉ ุฃู ุงูุฅููุงู ุงูุฒุงุฆุฏ.', 'employee', 1, 51, '2025-05-27 20:03:44', '2025-05-27 20:03:44'),
(530, 'ุงููุชุงุจุฉ ุงููุบููุฉ ุงูุณูููุฉ', 'ุงููุชุงุจุฉ ุจูุบุฉ ุณูููุฉ ูุฏูููุฉุ ุฎุงููุฉ ูู ุงูุฃุฎุทุงุก ุงููุบููุฉ ูุงููุญููุฉ.', 'employee', 1, 44, '2025-05-27 20:04:14', '2025-05-27 20:04:14'),
(531, 'ุชูุฏูู ูุญุชูู ุฃุตูู', 'ุชูุฏูู ูุญุชูู ุฃุตูู ุบูุฑ ููุณูุฎุ ูุน ุชุฌูุจ ุงูุงูุชุญุงู.', 'employee', 1, 44, '2025-05-27 20:04:22', '2025-05-27 20:04:22'),
(532, 'ุงูุจุญุซ ุงูุนููู ูุงูุฏููู', 'ุฅุฌุฑุงุก ุจุญุซ ุนููู ุนู ุงูููุถูุนุงุช ูุถูุงู ุชูุฏูู ูุนูููุงุช ุฏูููุฉ ููุญุฏุซุฉ.', 'employee', 1, 44, '2025-05-27 20:04:30', '2025-05-27 20:04:30'),
(533, 'ุงูุงูุชุฒุงู ุจุงูููุงุนูุฏ ุงูููุงุฆูุฉ', 'ุงูุงูุชุฒุงู ุจุงูููุงุนูุฏ ุงูููุงุฆูุฉ ูุชุณููู ุงูููุงูุงุช.', 'employee', 1, 44, '2025-05-27 20:04:37', '2025-05-27 20:04:37'),
(534, 'ุชูุณูู ุงููุญุชูู ุงูุฌุฐุงุจ', 'ุงููุฏุฑุฉ ุนูู ุชูุณูู ุงูููุงูุงุช ุจุดูู ูุณูู ูุฑุงุกุชูุง ููุฌุฐุจ ุงูุงูุชุจุงู.', 'employee', 1, 44, '2025-05-27 20:05:11', '2025-05-27 20:05:11'),
(535, 'ุชุญุณูู ูุญุฑูุงุช ุงูุจุญุซ (SEO)', 'ูุชุงุจุฉ ูุญุชูู ูุชูุงูู ูุน ูุนุงููุฑ ุชุญุณูู ูุญุฑูุงุช ุงูุจุญุซ ูุฒูุงุฏุฉ ุธููุฑู ูุงูููููranking ุจุงููููุงุช ูุชุนุฒูุฒ ุงูุธููุฑ ูุชุงุฆุฌ ุฃููู.', 'employee', 1, 44, '2025-05-27 20:05:20', '2025-05-27 20:05:20'),
(536, 'ุชููุน ุงููุญุชูู ูุงูุงุจุชูุงุฑ', 'ุงููุฏุฑุฉ ุนูู ูุชุงุจุฉ ูุญุชูู ูุชููุน ูู ูุฌุงูุงุช ูุฎุชููุฉุ ุณูุงุก ุชุนููููุฉุ ุชุฑููุฌูุฉุ ุฃู ุชูููุฉ ูุงุจุชูุงุฑ ููุถูุนุงุช ูุฎุชููุฉ ูููุชุงุจุฉ ุนููุง.', 'employee', 1, 44, '2025-05-27 20:05:33', '2025-05-27 20:05:33'),
(537, 'ูุชุงุจุฉ ุนูุงููู ุฌุฐุงุจุฉ', 'ูุชุงุจุฉ ุนูุงููู ุฌุฐุงุจุฉ ุชููุช ุงูุชุจุงู ุงููุงุฑุฆ ูุชุฒูุฏ ูู ูุณุจุฉ ุงูููุฑุงุช.', 'employee', 1, 44, '2025-05-27 20:05:40', '2025-05-27 20:05:40'),
(538, 'ุงุณุชูุจุงู ุงูููุงุญุธุงุช ูุงูุชุนุฏูู', 'ุงููุฏุฑุฉ ุนูู ุงุณุชูุจุงู ุงูููุงุญุธุงุช ูุฅุฌุฑุงุก ุงูุชุนุฏููุงุช ุงููุทููุจุฉ ุนูู ุงููุญุชูู.', 'employee', 1, 44, '2025-05-27 20:05:50', '2025-05-27 20:05:50'),
(539, 'ููู ุงูุฌูููุฑ ุงููุณุชูุฏู', 'ููู ุงุญุชูุงุฌุงุช ุงูุฌูููุฑ ุงููุณุชูุฏู ููุชุงุจุฉ ูุญุชูู ูุชูุงุณุจ ูุน ุชููุนุงุชู ููุชุทูุจุงุชู.', 'employee', 1, 44, '2025-05-27 20:06:00', '2025-05-27 20:06:00'),
(540, 'ุฃุฏุงุก ุงููุณุงุนุฏ ูุชุทููุฑ ุงูููุงุฉ', 'ุฃุฏุงุก ุฌูุฏ ุฌุฏุง ูู ุงูุฑุฏูุฏ ูุชุฑููุฒ ุฅุถุงูุฉ ุฅูู ุฅุญุฏุงุซ ุชุทูุฑ ูู ููุงุฉ ุงูุชููุฌุฑุงู ููุฃููุชุณ ูุฃุฏุงุก ุฌูุฏ ููุณุงุนุฏ ููุฃููุชุณ ูุชุทูุฑ ูู ุชูุนูู ุงูููุงุฉ - ุฃูุตู ุจุงูุจุญุซ ูู ููููุฉ ุงุฎุชูุงุฑ ุงูููุงูุงุช ุงููุฎุชููุฉ.', 'employee', 1, 44, '2025-05-27 20:06:09', '2025-05-27 20:06:09'),
(541, 'ุณุฑุนุฉ ุงูุงุณุชุฌุงุจุฉ ูุงูุชูุงุนู ูุน ุงูุนููุงุก', 'ุงูุณุฑุนุฉ ูู ุงูุฑุฏ ุนูู ุงูุงุณุชูุณุงุฑุงุชุ ููุนุฏู ุงูุงุณุชุฌุงุจุฉุ ูุณุฑุนุฉ ุงูุชุนุงูู ูุน ุงูุนููุงุกุ ูุน ุชุญุฏูุฏ ูููุฉ ุงูุนููู ุฏุงุฎู ุงููุญุงุฏุซุฉ ุจุดูู ูุณุชูุฑ.', 'employee', 1, 53, '2025-05-27 20:08:09', '2025-05-27 20:08:09'),
(542, 'ุฏูุฉ ููุถูุญ ุงูุฑุฏูุฏ', 'ุงูุชุญูู ูู ุตุญุฉ ุงููุนูููุงุช ุงูููุฏูุฉุ ูุงููุถูุญ ูู ุงูุชูุงุตูุ ูุงูุญุฏ ูู ุงุณุชุฎุฏุงู ุงูุฏุจุงุฌุงุช ุงูุฌุงูุฒุฉ ูู ุงููุญุงุฏุซุงุช.', 'employee', 1, 53, '2025-05-27 20:08:09', '2025-05-27 20:08:09'),
(543, 'ุงูุงุญุชุฑุงููุฉ ูุฃุฎูุงููุงุช ุงูุชุนุงูู', 'ุงูุชุนุงูู ูุน ุฌููุน ุงูุนููุงุก ุจุฃุฎูุงู ุนุงููุฉ ูุงุญุชุฑุงู ูุงููุ ุจูุง ูุนูุณ ุตูุฑุฉ ุฅูุฌุงุจูุฉ ุนู ุงููุฑูู.', 'employee', 1, 53, '2025-05-27 20:08:09', '2025-05-27 20:08:09'),
(544, 'ุฅุฏุงุฑุฉ ุงูููุงูู ุงูุตุนุจุฉ ูุงูุทูุงุฑุฆ', 'ุงููุฏุฑุฉ ุนูู ุงูุชุตุฑู ุงูุณุฑูุน ูู ุงูุญุงูุงุช ุงูุทุงุฑุฆุฉ ุฃู ูุน ุงูุนููุงุก ุงูุบุงุถุจูู ุณูุงุก ูู ุงูุชูุงุตู ุงููุจุงุดุฑ ุฃู ุนูู ุงููููุงุช ุงูุนุงูุฉุ ูุน ุงูุฌุงูุฒูุฉ ุงูุชุงูุฉ ุจุงููุนูููุงุช ุงููุทููุจุฉ.', 'employee', 1, 53, '2025-05-27 20:08:09', '2025-05-27 20:08:09'),
(545, 'ุงูุงูุชุฒุงู ุจุงูุญุถูุฑ ูุงูุงูุถุจุงุท ูู ุงูุนูู', 'ุงูุญุฑุต ุนูู ุงูุชูุงุฌุฏ ูู ุงูููุช ุงููุญุฏุฏ ูุงูุงูุชุฒุงู ุงููุงูู ุจุณุงุนุงุช ุงูููุงูุจุฉ.', 'employee', 1, 53, '2025-05-27 20:08:09', '2025-05-27 20:08:09'),
(546, 'ุงููุนุฑูุฉ ุงูุชุงูุฉ ุจุงููุญุชูู ูุงูุฎุฏูุงุช', 'ุงูุฅููุงู ุงููุงูู ุจุงูุฏูุฑุงุช ูุชูุงุตูููุง ุฏูู ุงูุญุงุฌุฉ ุงููุณุชูุฑุฉ ููุฑุฌูุน ุฅูู ุฒููุงุก ุฃู ูุณุคูููู.', 'employee', 1, 53, '2025-05-27 20:08:09', '2025-05-27 20:08:09'),
(547, 'ุงุณุชุฎุฏุงู ุฃุฏูุงุช ุงูุฏุนู ุจููุงุกุฉ', 'ุงูุงุณุชูุงุฏุฉ ุงููุตูู ูู ุฃุฏูุงุช ุงูุฏุนู ุงูููู ููุณุงุฆู ุงูุชูุงุตู ุงูุงุฌุชูุงุนู ุงููุชุงุญุฉ ูุฎุฏูุฉ ุงูุนููุงุก ุจูุนุงููุฉ.', 'employee', 1, 53, '2025-05-27 20:08:09', '2025-05-27 20:08:09'),
(548, 'ุงุญุชุฑุงู ุชูุฒูุน ุงูููุงู ุฎูุงู ุงูุดููุช', 'ุงูุงูุชุฒุงู ุจุนุฏู ุชุฎุทู ุฒูููู ูู ููุณ ุงููุญุงุฏุซุฉ ุฎูุงู ููุณ ุงูุดููุชุ ูุถูุงู ุงูุชูุธูู ูุนุฏู ุงูุชุฏุงุฎู.', 'employee', 1, 53, '2025-05-27 20:08:09', '2025-05-27 20:08:09'),
(549, 'ุฅุนุฏุงุฏ ุงูุชูุงุฑูุฑ ุงูููููุฉ ุจุฏูุฉ', 'ุชูุฏูู ุชูุงุฑูุฑ ุฏูููุฉ ูููุชุธูุฉ ุนู ุงูุงุณุชูุณุงุฑุงุช ูุงูุฅูุตุงูุงุช ูุน ุงูุญูุงุธ ุนูู ุงููุตุฏุงููุฉ ูู ูู ุงูุจูุงูุงุช.', 'employee', 1, 53, '2025-05-27 20:08:09', '2025-05-27 20:08:09'),
(550, 'ุชูุจู ุงูุชูุฌูู ูุงูุชุทููุฑ ุงููุณุชูุฑ', 'ุงูุงุณุชุฌุงุจุฉ ูุชุนูููุงุช ุฑุฆูุณ ุงููุณู ูุชูุจู ุงูููุฏ ุงูุจูุงุก ุจูุฏู ุงูุชุญุณูู ุงููุณุชูุฑ ูู ุงูุฃุฏุงุก.', 'employee', 1, 53, '2025-05-27 20:08:09', '2025-05-27 20:08:09'),
(551, 'ุฌูุฏุฉ ูุงุญุชุฑุงููุฉ ุงูุชุตููู', 'ุชูุฏูู ุชุตุงููู ุฏูููุฉุ ุฌูููุฉุ ูุงุญุชุฑุงููุฉ ุชุนูุณ ุฌูุฏุฉ ุงูุนูู.', 'employee', 1, 43, '2025-05-27 20:09:02', '2025-05-27 20:09:02'),
(552, 'ุงูุฅุจุฏุงุน ูุงูุงุจุชูุงุฑ ูู ุงูุชุตุงููู', 'ุงููุฏุฑุฉ ุนูู ุฅูุชุงุฌ ุฃููุงุฑ ุฌุฏูุฏุฉ ูุฌุฐุงุจุฉ \"ุฎุงุฑุฌ ุงูุตูุฏูู\" ุชุถูู ูููุฉ ุจุตุฑูุฉ ูููุญุชูู.', 'employee', 1, 43, '2025-05-27 20:09:02', '2025-05-27 20:09:02'),
(553, 'ุงูุงูุชุฒุงู ุจุงููููุฉ ุงูุจุตุฑูุฉ', 'ุชูุญูุฏ ุงูููุท ุงูุจุตุฑู ูู ุฌููุน ุงูุชุตุงููู ุจูุง ูุชูุงุดู ูุน ุงููููุฉ ุงูุจุตุฑูุฉ ุงูุฎุงุตุฉ ุจุงูุดุฑูุฉ.', 'employee', 1, 43, '2025-05-27 20:09:02', '2025-05-27 20:09:02'),
(554, 'ุงูุงูุชุฒุงู ุจุงูููุงุนูุฏ ุงูููุงุฆูุฉ', 'ุชุณููู ุงูุฃุนูุงู ุงููุทููุจุฉ ูู ุงูููุช ุงููุญุฏุฏ ููููุง ููุฌุฏูู ุงูุฒููู ุงููุชูู ุนููู.', 'employee', 1, 43, '2025-05-27 20:09:02', '2025-05-27 20:09:02'),
(555, 'ุงููุฑููุฉ ูู ุชูููุฐ ุงูุชุนุฏููุงุช', 'ุงูุงุณุชุฌุงุจุฉ ุงูุณุฑูุนุฉ ููููุงุญุธุงุช ูุงููุฏุฑุฉ ุนูู ุชุนุฏูู ุงูุชุตุงููู ุจููุงุกุฉ ุฏูู ุชุฃุฎูุฑ.', 'employee', 1, 43, '2025-05-27 20:09:02', '2025-05-27 20:09:02'),
(556, 'ุงูุชุนุงูู ูุงูุงูุณุฌุงู ูุน ุงููุฑูู', 'ุงูุชูุงุนู ุงูุฅูุฌุงุจู ูุน ุงููุฑููุ ุฎุงุตุฉ ูุน ุตูุงุน ุงููุญุชููุ ูุถูุงู ุชูุงูู ุงูุนูู.', 'employee', 1, 43, '2025-05-27 20:09:02', '2025-05-27 20:09:02'),
(557, 'ุงูููุงุกุฉ ูู ุงุณุชุฎุฏุงู ุฃุฏูุงุช ุงูุชุตููู', 'ุงูุชููู ูู ุงุณุชุฎุฏุงู ุงูุจุฑุงูุฌ ุงูุงุญุชุฑุงููุฉ ุงููุฎุชููุฉ ูุฅูุชุงุฌ ุชุตุงููู ุนุงููุฉ ุงูุฌูุฏุฉ.', 'employee', 1, 43, '2025-05-27 20:09:02', '2025-05-27 20:09:02'),
(558, 'ุงูุชูุงูู ูุน ูุชุทูุจุงุช ุงูููุตุงุช', 'ุชุตููู ูุญุชูู ูุชูุงุณุจ ูุน ููุงุตูุงุช ูุฃุจุนุงุฏ ุงูููุตุงุช ุงููุฎุชููุฉ (ุณูุดูุงู ููุฏูุงุ ูููุนุ ุฅุนูุงูุงุช... ุฅูุฎ).', 'employee', 1, 43, '2025-05-27 20:09:02', '2025-05-27 20:09:02'),
(559, 'ุงูุชุทููุฑ ุงูุฐุงุชู ูุงูุฅุจุฏุงุน ุงููุณุชูุฑ', 'ุงูุญุฑุต ุนูู ุชุทููุฑ ุงูุฐุงุชุ ูุงุจุชูุงุฑ ุฃููุงุฑ ุฌุฏูุฏุฉ ุชูุงูุจ ุงุญุชูุงุฌุงุช ุงูุณูู.', 'employee', 1, 43, '2025-05-27 20:09:02', '2025-05-27 20:09:02'),
(560, 'ููุงูุจุฉ ุงูุชุทูุฑุงุช ูู ุงููุฌุงู', 'ูุชุงุจุนุฉ ุงูุงุชุฌุงูุงุช ุงูุฌุฏูุฏุฉ ูู ุนุงูู ุงูุชุตููู ูุชุนูู ุฃุฏูุงุช ูุชูููุงุช ุญุฏูุซุฉ ูุชุญุณูู ุฌูุฏุฉ ุงูุนูู.', 'employee', 1, 43, '2025-05-27 20:09:02', '2025-05-27 20:09:02'),
(561, 'ุฌูุฏุฉ ูุงุญุชุฑุงููุฉ ุงูุชุตููู', 'ุชูุฏูู ุชุตุงููู ุฏูููุฉุ ุฌูููุฉุ ูุงุญุชุฑุงููุฉ ุชุนูุณ ุฌูุฏุฉ ุงูุนูู.', 'employee', 1, 47, '2025-05-27 20:12:05', '2025-05-27 20:12:05'),
(562, 'ุงูุฅุจุฏุงุน ูุงูุงุจุชูุงุฑ ูู ุงูุชุตุงููู', 'ุงููุฏุฑุฉ ุนูู ุฅูุชุงุฌ ุฃููุงุฑ ุฌุฏูุฏุฉ ูุฌุฐุงุจุฉ \"ุฎุงุฑุฌ ุงูุตูุฏูู\" ุชุถูู ูููุฉ ุจุตุฑูุฉ ูููุญุชูู.', 'employee', 1, 47, '2025-05-27 20:12:05', '2025-05-27 20:12:05'),
(563, 'ุงูุงูุชุฒุงู ุจุงููููุฉ ุงูุจุตุฑูุฉ', 'ุชูุญูุฏ ุงูููุท ุงูุจุตุฑู ูู ุฌููุน ุงูุชุตุงููู ุจูุง ูุชูุงุดู ูุน ุงููููุฉ ุงูุจุตุฑูุฉ ุงูุฎุงุตุฉ ุจุงูุดุฑูุฉ.', 'employee', 1, 47, '2025-05-27 20:12:05', '2025-05-27 20:12:05'),
(564, 'ุงูุงูุชุฒุงู ุจุงูููุงุนูุฏ ุงูููุงุฆูุฉ', 'ุชุณููู ุงูุฃุนูุงู ุงููุทููุจุฉ ูู ุงูููุช ุงููุญุฏุฏ ููููุง ููุฌุฏูู ุงูุฒููู ุงููุชูู ุนููู.', 'employee', 1, 47, '2025-05-27 20:12:05', '2025-05-27 20:12:05'),
(565, 'ุงููุฑููุฉ ูู ุชูููุฐ ุงูุชุนุฏููุงุช', 'ุงูุงุณุชุฌุงุจุฉ ุงูุณุฑูุนุฉ ููููุงุญุธุงุช ูุงููุฏุฑุฉ ุนูู ุชุนุฏูู ุงูุชุตุงููู ุจููุงุกุฉ ุฏูู ุชุฃุฎูุฑ.', 'employee', 1, 47, '2025-05-27 20:12:05', '2025-05-27 20:12:05'),
(566, 'ุงูุชุนุงูู ูุงูุงูุณุฌุงู ูุน ุงููุฑูู', 'ุงูุชูุงุนู ุงูุฅูุฌุงุจู ูุน ุงููุฑููุ ุฎุงุตุฉ ูุน ุตูุงุน ุงููุญุชููุ ูุถูุงู ุชูุงูู ุงูุนูู.', 'employee', 1, 47, '2025-05-27 20:12:05', '2025-05-27 20:12:05'),
(567, 'ุงูููุงุกุฉ ูู ุงุณุชุฎุฏุงู ุฃุฏูุงุช ุงูุชุตููู', 'ุงูุชููู ูู ุงุณุชุฎุฏุงู ุงูุจุฑุงูุฌ ุงูุงุญุชุฑุงููุฉ ุงููุฎุชููุฉ ูุฅูุชุงุฌ ุชุตุงููู ุนุงููุฉ ุงูุฌูุฏุฉ.', 'employee', 1, 47, '2025-05-27 20:12:05', '2025-05-27 20:12:05'),
(568, 'ุงูุชูุงูู ูุน ูุชุทูุจุงุช ุงูููุตุงุช', 'ุชุตููู ูุญุชูู ูุชูุงุณุจ ูุน ููุงุตูุงุช ูุฃุจุนุงุฏ ุงูููุตุงุช ุงููุฎุชููุฉ (ุณูุดูุงู ููุฏูุงุ ูููุนุ ุฅุนูุงูุงุช... ุฅูุฎ).', 'employee', 1, 47, '2025-05-27 20:12:05', '2025-05-27 20:12:05'),
(569, 'ุงูุชุทููุฑ ุงูุฐุงุชู ูุงูุฅุจุฏุงุน ุงููุณุชูุฑ', 'ุงูุญุฑุต ุนูู ุชุทููุฑ ุงูุฐุงุชุ ูุงุจุชูุงุฑ ุฃููุงุฑ ุฌุฏูุฏุฉ ุชูุงูุจ ุงุญุชูุงุฌุงุช ุงูุณูู.', 'employee', 1, 47, '2025-05-27 20:12:05', '2025-05-27 20:12:05'),
(570, 'ููุงูุจุฉ ุงูุชุทูุฑุงุช ูู ุงููุฌุงู', 'ูุชุงุจุนุฉ ุงูุงุชุฌุงูุงุช ุงูุฌุฏูุฏุฉ ูู ุนุงูู ุงูุชุตููู ูุชุนูู ุฃุฏูุงุช ูุชูููุงุช ุญุฏูุซุฉ ูุชุญุณูู ุฌูุฏุฉ ุงูุนูู.', 'employee', 1, 47, '2025-05-27 20:12:05', '2025-05-27 20:12:05'),
(571, 'ุงููุธุงูุฉ ุงูุดุฎุตูุฉ ู ุงูุฅูุชุฒุงู ุจุงูุฒู ููุธุงูุชู', NULL, 'employee', 1, 81, '2025-05-28 11:31:12', '2025-05-28 11:31:12'),
(572, 'ุงูุฅูุชุฒุงู ุจููุงุนูุฏ ุงูุญุถูุฑ ูุงูุฅูุตุฑุงู ูุงูุชุฃุฎูุฑุงุช (ุชูุฑูุฑ ุฅุฏุงุฑุฉ ุงูููุงุฑุฏ ุงูุจุดุฑูุฉ)', NULL, 'employee', 1, 81, '2025-05-28 11:31:25', '2025-05-28 11:31:25'),
(573, 'ุฅุชุจุงุน ูุชุทุจูู ููุงุฆุญ ูุณูุงุณุงุช ุงูุนูู ูุงูุงุณุชุฌุงุจุฉ ูุฑุฆูุณ ุงููุณู', NULL, 'employee', 1, 81, '2025-05-28 11:31:39', '2025-05-28 11:34:01'),
(575, 'ุงูุฅููุงู ุจุงููุญุชูู ุงูุนููู ูู ูุงุฏุชู ุงูุงุญูุงุก ูุงูุนููู', NULL, 'employee', 1, 81, '2025-05-28 11:31:58', '2025-05-28 11:31:58'),
(576, 'ุงุฏุงุก ุงููุญุงุถุฑุงุช ูุงูุชุญุถูุฑ ุงูุฌูุฏ ููุง', NULL, 'employee', 1, 81, '2025-05-28 11:32:05', '2025-05-28 11:32:05'),
(577, 'ูุชุงุจุนุฉ ุงูุฌุฑูุจุงุช ุงูุฎุงุตู ุจุงูุฏูุฑุงุช ูุงูุฑุฏ ุนูู ุงุณุฆูุฉ ุงูุทูุงุจ ุจุดูู ุฏูุฑู', NULL, 'employee', 1, 81, '2025-05-28 11:32:14', '2025-05-28 11:32:14'),
(578, 'ุงุนุฏุงุฏ ุฎุทุท ูุฐุงูุฑุฉ ุฎุงุตู ุจุงูุทูุงุจ ูู ุงูุฏูุฑุงุช ุงููุทููุจุฉ ูููุง', NULL, 'employee', 1, 81, '2025-05-28 11:32:33', '2025-05-28 11:32:33'),
(581, 'ุงููุณุงุนุฏุฉ ูู ููุงู ุฃุฎุฑู ุนูุฏ ุงูุญุงุฌุฉ ูุฐูู ูุงุนุทุงุก ุงููุงุฑ ุฌุฏูุฏุฉ', NULL, 'employee', 1, 81, '2025-05-28 11:33:07', '2025-05-28 11:33:07'),
(582, 'ุงูุชุฎุทูุท ูุงูุงุดุฑุงู ุงููุงูู ุนูู ุงูุฏูุฑุงุช ุงููุณุคููู ุนููุง ูู ุญูุซ ุฌูุฏุฉ ุงููุญุชูู ูุงุฑุงุก ุงูุทูุงุจ', NULL, 'employee', 1, 81, '2025-05-28 11:33:21', '2025-05-28 11:33:21'),
(584, 'ุชูุฏูู ุงูุฏูุฑุงุช ุงูุฎุงุตู ุจูุง ุจููููุฉ ูููุงุกุฉ ุนุงููุฉ  ูุน ุงูุชุทููุฑ ุงููุณุชูุฑ ูู ุฃุณููุจ ุงูุฅุนุฏุงุฏ ุฃู ุงูุดุฑุญ', NULL, 'employee', 1, 81, '2025-05-28 11:33:30', '2025-05-28 11:33:30'),
(585, 'ุงููุธุงูุฉ ุงูุดุฎุตูุฉ ู ุงูุฅูุชุฒุงู ุจุงูุฒู ููุธุงูุชู', NULL, 'employee', 1, 79, '2025-05-28 11:34:49', '2025-05-28 11:34:49'),
(586, 'ุงูุฅูุชุฒุงู ุจููุงุนูุฏ ุงูุญุถูุฑ ูุงูุฅูุตุฑุงู ูุงูุชุฃุฎูุฑุงุช (ุชูุฑูุฑ ุฅุฏุงุฑุฉ ุงูููุงุฑุฏ ุงูุจุดุฑูุฉ)', NULL, 'employee', 1, 79, '2025-05-28 11:34:55', '2025-05-28 11:34:55'),
(587, 'ุฅุชุจุงุน ูุชุทุจูู ููุงุฆุญ ูุณูุงุณุงุช ุงูุนูู ูุงูุงุณุชุฌุงุจุฉ ูุฑุฆูุณ ุงููุณู', NULL, 'employee', 1, 79, '2025-05-28 11:35:03', '2025-05-28 11:35:03'),
(588, 'ุงูุฅููุงู ุจุงููุญุชูู ุงูุนููู ูู ุงููุบุฉ ุงูุนุฑุจูุฉ ูุงููุณู ุงูููุธู', NULL, 'employee', 1, 79, '2025-05-28 11:35:11', '2025-05-28 11:35:11'),
(589, 'ุงุฏุงุก ุงููุญุงุถุฑุงุช ูุงูุชุญุถูุฑ ุงูุฌูุฏ ููุง', NULL, 'employee', 1, 79, '2025-05-28 11:35:18', '2025-05-28 11:35:18'),
(590, 'ูุชุงุจุนุฉ ุงูุฌุฑูุจุงุช ุงูุฎุงุตู ุจุงูุฏูุฑุงุช ูุงูุฑุฏ ุนูู ุงุณุฆูุฉ ุงูุทูุงุจ ุจุดูู ุฏูุฑู', NULL, 'employee', 1, 79, '2025-05-28 11:35:26', '2025-05-28 11:35:26'),
(591, 'ุงุนุฏุงุฏ ุฎุทุท ูุฐุงูุฑุฉ ุฎุงุตู ุจุงูุทูุงุจ ูู ุงูุฏูุฑุงุช ุงููุทููุจุฉ ููู', NULL, 'employee', 1, 79, '2025-05-28 11:35:34', '2025-05-28 11:35:34'),
(592, 'ุงููุณุงุนุฏุฉ ูู ููุงู ุฃุฎุฑู ุนูุฏ ุงูุญุงุฌุฉ ูุฐูู', NULL, 'employee', 1, 79, '2025-05-28 11:35:46', '2025-05-28 11:35:46'),
(593, 'ุชูุฏูู ุงูุฏูุฑุงุช ุงูุฎุงุตู ุจู ุจููููุฉ ูููุงุกุฉ ุนุงููุฉ ูุน ุงูุชุทููุฑ ุงููุณุชูุฑ ูู ุฃุณููุจ ุงูุฅุนุฏุงุฏ ุฃู ุงูุดุฑุญ', NULL, 'employee', 1, 79, '2025-05-28 11:35:56', '2025-05-28 11:35:56'),
(594, 'ุงูุชุฑุงุญ ุฃููุงุฑ ุฌุฏูุฏุฉ ููุจุชูุฑุฉ', NULL, 'employee', 1, 79, '2025-05-28 11:36:04', '2025-05-28 11:36:04'),
(595, 'ุงููุธุงูุฉ ุงูุดุฎุตูุฉ ู ุงูุฅูุชุฒุงู ุจุงูุฒู ููุธุงูุชู', NULL, 'employee', 1, 80, '2025-05-28 11:42:56', '2025-05-28 11:42:56'),
(596, 'ุงูุฅูุชุฒุงู ุจููุงุนูุฏ ุงูุญุถูุฑ ูุงูุฅูุตุฑุงู ูุงูุชุฃุฎูุฑุงุช (ุชูุฑูุฑ ุฅุฏุงุฑุฉ ุงูููุงุฑุฏ ุงูุจุดุฑูุฉ)', NULL, 'employee', 1, 80, '2025-05-28 11:43:02', '2025-05-28 11:43:02'),
(597, 'ุฅุชุจุงุน ูุชุทุจูู ููุงุฆุญ ูุณูุงุณุงุช ุงูุนูู ูุงูุงุณุชุฌุงุจุฉ ูุฑุฆูุณ ุงููุณู', NULL, 'employee', 1, 80, '2025-05-28 11:43:09', '2025-05-28 11:43:09'),
(598, 'ุงูููุงู ุจุฃุนูุงู ุงููุชุงุจู ูุงูุชูุณูู ูููุณู ุงู ุชุทูุจ ุงูุงูุฑ ุฐูู', NULL, 'employee', 1, 80, '2025-05-28 11:43:23', '2025-05-28 11:43:23'),
(599, 'ุงููุชุงุจุนู ูุงูุงุดุฑุงู ูุงูุชูุงุตู ุนูู ุฌุฑูุจุงุช ุงูุชููุฌุฑุงู ูู ุญูุซ ูุฒูู ุงูุงุณุฆูุฉ ูุงูุชุญุฏูุซุงุช', NULL, 'employee', 1, 80, '2025-05-28 11:43:30', '2025-05-28 11:43:30'),
(600, 'ุฌูุฏุฉ ุงูุจูุงูุงุช ุงููุฏุฎูุฉ ูุฎูููุง ูู ุงูุงุฎุทุงุก', NULL, 'employee', 1, 80, '2025-05-28 11:43:35', '2025-05-28 11:43:35'),
(601, 'ุชูุธูู ุงููุญุชูู ุจุดูู ูุงุถุญ ูุณูู ุงููุฑุงุกุฉ ูุงููุฏุฑุฉ ุนูู ุงูุชุนุฏูู ูุงูุชุญุณูู ุจูุงุกู ุนูู ุงูููุงุญุธุงุช.', NULL, 'employee', 1, 80, '2025-05-28 11:43:42', '2025-05-28 11:44:46'),
(603, 'ุงููุณุงุนุฏุฉ ูู ููุงู ุฃุฎุฑู ุนูุฏ ุงูุญุงุฌุฉ ูุฐูู', NULL, 'employee', 1, 80, '2025-05-28 11:43:54', '2025-05-28 11:43:54'),
(604, 'ุงุถุงูู ุงูุงุฎุชุจุงุฑุงุช ุงููุญุงููู ุนูู ุงููููุน ูุงูุชุฃูุฏ ูู ุตุญุชูุง', NULL, 'employee', 1, 80, '2025-05-28 11:44:01', '2025-05-28 11:44:01'),
(605, 'ุงููุฏุฑุฉ ุนูู ุงูุชุนุงูู ูุน ุงูุถุบุท ูุฅูุฌุงุฒ ุงูููุงู ุจุณุฑุนุฉ ูุฌูุฏุฉ.', NULL, 'employee', 1, 80, '2025-05-28 11:44:12', '2025-05-28 11:44:12'),
(606, 'ุงููุธุงูุฉ ุงูุดุฎุตูุฉ ู ุงูุฅูุชุฒุงู ุจุงูุฒู ููุธุงูุชู', NULL, 'employee', 1, 78, '2025-05-28 11:45:08', '2025-05-28 11:45:08'),
(607, 'ุงูุฅูุชุฒุงู ุจููุงุนูุฏ ุงูุญุถูุฑ ูุงูุฅูุตุฑุงู ูุงูุชุฃุฎูุฑุงุช (ุชูุฑูุฑ ุฅุฏุงุฑุฉ ุงูููุงุฑุฏ ุงูุจุดุฑูุฉ)', NULL, 'employee', 1, 78, '2025-05-28 11:45:08', '2025-05-28 11:45:08'),
(608, 'ุฅุชุจุงุน ูุชุทุจูู ููุงุฆุญ ูุณูุงุณุงุช ุงูุนูู ูุงูุงุณุชุฌุงุจุฉ ูุฑุฆูุณ ุงููุณู', NULL, 'employee', 1, 78, '2025-05-28 11:45:08', '2025-05-28 11:45:08'),
(616, 'ุงูุฅููุงู ุจุงููุญุชูู ุงูุนููู ูู ูุงุฏุฉ ุงูุฑูุงุถูุงุช ูุงููุณู ุงูููู', NULL, 'employee', 1, 78, '2025-05-28 11:45:25', '2025-05-28 11:45:49'),
(617, 'ุงุฏุงุก ุงููุญุงุถุฑุงุช ูุงูุชุญุถูุฑ ุงูุฌูุฏ ููุง', NULL, 'employee', 1, 78, '2025-05-28 11:45:25', '2025-05-28 11:45:25'),
(618, 'ูุชุงุจุนุฉ ุงูุฌุฑูุจุงุช ุงูุฎุงุตู ุจุงูุฏูุฑุงุช ูุงูุฑุฏ ุนูู ุงุณุฆูุฉ ุงูุทูุงุจ ุจุดูู ุฏูุฑู', NULL, 'employee', 1, 78, '2025-05-28 11:45:25', '2025-05-28 11:45:25'),
(619, 'ุงุนุฏุงุฏ ุฎุทุท ูุฐุงูุฑุฉ ุฎุงุตู ุจุงูุทูุงุจ ูู ุงูุฏูุฑุงุช ุงููุทููุจุฉ ููู', NULL, 'employee', 1, 78, '2025-05-28 11:45:25', '2025-05-28 11:45:25'),
(620, 'ุชูุฏูู ุงูุฏูุฑุงุช ุงูุฎุงุตู ุจู ุจููููุฉ ูููุงุกุฉ ุนุงููุฉ ูุน ุงูุชุทููุฑ ุงููุณุชูุฑ ูู ุฃุณููุจ ุงูุฅุนุฏุงุฏ ุฃู ุงูุดุฑุญ', NULL, 'employee', 1, 78, '2025-05-28 11:45:25', '2025-05-28 11:45:25'),
(621, 'ุงูุชุฑุงุญ ุฃููุงุฑ ุฌุฏูุฏุฉ ููุจุชูุฑุฉ', NULL, 'employee', 1, 78, '2025-05-28 11:45:25', '2025-05-28 11:45:25'),
(622, 'ุงููุณุงุนุฏุฉ ูู ููุงู ุฃุฎุฑู ุนูุฏ ุงูุญุงุฌุฉ ูุฐูู', NULL, 'employee', 1, 78, '2025-05-28 11:47:06', '2025-05-28 11:47:06'),
(623, 'ุงููุธุงูุฉ ุงูุดุฎุตูุฉ ู ุงูุฅูุชุฒุงู ุจุงูุฒู ููุธุงูุชู', NULL, 'employee', 1, 77, '2025-05-28 11:47:18', '2025-05-28 11:47:18'),
(624, 'ุงูุฅูุชุฒุงู ุจููุงุนูุฏ ุงูุญุถูุฑ ูุงูุฅูุตุฑุงู ูุงูุชุฃุฎูุฑุงุช (ุชูุฑูุฑ ุฅุฏุงุฑุฉ ุงูููุงุฑุฏ ุงูุจุดุฑูุฉ)', NULL, 'employee', 1, 77, '2025-05-28 11:47:18', '2025-05-28 11:47:18'),
(625, 'ุฅุชุจุงุน ูุชุทุจูู ููุงุฆุญ ูุณูุงุณุงุช ุงูุนูู ูุงูุงุณุชุฌุงุจุฉ ูุฑุฆูุณ ุงููุณู', NULL, 'employee', 1, 77, '2025-05-28 11:47:18', '2025-05-28 11:47:18'),
(626, 'ุงูููุงู ุจุฃุนูุงู ุงููุชุงุจู ูุงูุชูุณูู ูููุณู ุงู ุชุทูุจ ุงูุงูุฑ ุฐูู', NULL, 'employee', 1, 77, '2025-05-28 11:47:18', '2025-05-28 11:47:18'),
(627, 'ุงููุณุงุนุฏุฉ ูู ููุงู ุฃุฎุฑู ุนูุฏ ุงูุญุงุฌุฉ ูุฐูู', NULL, 'employee', 1, 77, '2025-05-28 11:47:18', '2025-06-30 14:15:21'),
(628, 'ุฌูุฏุฉ ุงูุจูุงูุงุช ุงููุฏุฎูุฉ ูุฎูููุง ูู ุงูุงุฎุทุงุก', NULL, 'employee', 1, 77, '2025-05-28 11:47:18', '2025-05-28 11:47:18'),
(629, 'ุชูุธูู ุงููุญุชูู ุจุดูู ูุงุถุญ ูุณูู ุงููุฑุงุกุฉ ูุงููุฏุฑุฉ ุนูู ุงูุชุนุฏูู ูุงูุชุญุณูู ุจูุงุกู ุนูู ุงูููุงุญุธุงุช.', NULL, 'employee', 1, 77, '2025-05-28 11:47:18', '2025-05-28 11:47:18'),
(631, 'ุงุถุงูู ุงูุงุฎุชุจุงุฑุงุช ุงููุญุงููู ุนูู ุงููููุน ูุงูุชุฃูุฏ ูู ุตุญุชูุง', NULL, 'employee', 1, 77, '2025-05-28 11:47:18', '2025-05-28 11:47:18'),
(632, 'ุงููุฏุฑุฉ ุนูู ุงูุชุนุงูู ูุน ุงูุถุบุท ูุฅูุฌุงุฒ ุงูููุงู ุจุณุฑุนุฉ ูุฌูุฏุฉ.', NULL, 'employee', 1, 77, '2025-05-28 11:47:18', '2025-05-28 11:47:18'),
(633, 'ุงูุชูุงุตู ูุน ุงููุดุชุฑููู ูู ุฎูุงู ุงููุงุชุณุงุจ ูุงุฎุฐ ุงุฑุงุฆูู ุนู ุงูุฏูุฑุงุช ุจุดูู ุฏูุฑู', NULL, 'employee', 1, 77, '2025-05-28 11:47:40', '2025-05-28 11:47:40'),
(634, 'ุงูุชุนููู ูุงูุชุทููุฑ ุงููุณุชูุฑ ูุฅูุชุณุงุจ ููุงุฑุงุช ูุชูููุงุช ุฌุฏูุฏุฉ ุชุณุงูู ูู ุฑูุน ููุงุกุฉ ุงูุนูู (it)', NULL, 'employee', 1, 63, '2025-05-28 16:36:44', '2025-05-28 16:36:44'),
(635, 'ุณุฑุนุฉ ุงูุงุณุชุฌุงุจุฉ ูุงูุชูุงุนู ูุน ุงูุนููุงุก', 'ุงูุณุฑุนุฉ ูู ุงูุฑุฏ ุนูู ุงูุงุณุชูุณุงุฑุงุชุ ููุนุฏู ุงูุงุณุชุฌุงุจุฉุ ูุณุฑุนุฉ ุงูุชุนุงูู ูุน ุงูุนููุงุกุ ูุน ุชุญุฏูุฏ ูููุฉ ุงูุนููู ุฏุงุฎู ุงููุญุงุฏุซุฉ ุจุดูู ูุณุชูุฑ.', 'employee', 1, 83, '2025-05-29 11:33:13', '2025-05-29 11:33:13');
INSERT INTO `standards` (`id`, `name`, `description`, `type`, `status`, `employee_id`, `created_at`, `updated_at`) VALUES
(636, 'ุฏูุฉ ููุถูุญ ุงูุฑุฏูุฏ', 'ุงูุชุญูู ูู ุตุญุฉ ุงููุนูููุงุช ุงูููุฏูุฉุ ูุงููุถูุญ ูู ุงูุชูุงุตูุ ูุงูุญุฏ ูู ุงุณุชุฎุฏุงู ุงูุฏุจุงุฌุงุช ุงูุฌุงูุฒุฉ ูู ุงููุญุงุฏุซุงุช.', 'employee', 1, 83, '2025-05-29 11:33:13', '2025-05-29 11:33:13'),
(637, 'ุงูุงุญุชุฑุงููุฉ ูุฃุฎูุงููุงุช ุงูุชุนุงูู', 'ุงูุชุนุงูู ูุน ุฌููุน ุงูุนููุงุก ุจุฃุฎูุงู ุนุงููุฉ ูุงุญุชุฑุงู ูุงููุ ุจูุง ูุนูุณ ุตูุฑุฉ ุฅูุฌุงุจูุฉ ุนู ุงููุฑูู.', 'employee', 1, 83, '2025-05-29 11:33:13', '2025-05-29 11:33:13'),
(638, 'ุฅุฏุงุฑุฉ ุงูููุงูู ุงูุตุนุจุฉ ูุงูุทูุงุฑุฆ', 'ุงููุฏุฑุฉ ุนูู ุงูุชุตุฑู ุงูุณุฑูุน ูู ุงูุญุงูุงุช ุงูุทุงุฑุฆุฉ ุฃู ูุน ุงูุนููุงุก ุงูุบุงุถุจูู ุณูุงุก ูู ุงูุชูุงุตู ุงููุจุงุดุฑ ุฃู ุนูู ุงููููุงุช ุงูุนุงูุฉุ ูุน ุงูุฌุงูุฒูุฉ ุงูุชุงูุฉ ุจุงููุนูููุงุช ุงููุทููุจุฉ.', 'employee', 1, 83, '2025-05-29 11:33:13', '2025-05-29 11:33:13'),
(639, 'ุงูุงูุชุฒุงู ุจุงูุญุถูุฑ ูุงูุงูุถุจุงุท ูู ุงูุนูู', 'ุงูุญุฑุต ุนูู ุงูุชูุงุฌุฏ ูู ุงูููุช ุงููุญุฏุฏ ูุงูุงูุชุฒุงู ุงููุงูู ุจุณุงุนุงุช ุงูููุงูุจุฉ.', 'employee', 1, 83, '2025-05-29 11:33:13', '2025-05-29 11:33:13'),
(640, 'ุงููุนุฑูุฉ ุงูุชุงูุฉ ุจุงููุญุชูู ูุงูุฎุฏูุงุช', 'ุงูุฅููุงู ุงููุงูู ุจุงูุฏูุฑุงุช ูุชูุงุตูููุง ุฏูู ุงูุญุงุฌุฉ ุงููุณุชูุฑุฉ ููุฑุฌูุน ุฅูู ุฒููุงุก ุฃู ูุณุคูููู.', 'employee', 1, 83, '2025-05-29 11:33:13', '2025-05-29 11:33:13'),
(641, 'ุงุณุชุฎุฏุงู ุฃุฏูุงุช ุงูุฏุนู ุจููุงุกุฉ', 'ุงูุงุณุชูุงุฏุฉ ุงููุตูู ูู ุฃุฏูุงุช ุงูุฏุนู ุงูููู ููุณุงุฆู ุงูุชูุงุตู ุงูุงุฌุชูุงุนู ุงููุชุงุญุฉ ูุฎุฏูุฉ ุงูุนููุงุก ุจูุนุงููุฉ.', 'employee', 1, 83, '2025-05-29 11:33:13', '2025-05-29 11:33:13'),
(642, 'ุงุญุชุฑุงู ุชูุฒูุน ุงูููุงู ุฎูุงู ุงูุดููุช', 'ุงูุงูุชุฒุงู ุจุนุฏู ุชุฎุทู ุฒูููู ูู ููุณ ุงููุญุงุฏุซุฉ ุฎูุงู ููุณ ุงูุดููุชุ ูุถูุงู ุงูุชูุธูู ูุนุฏู ุงูุชุฏุงุฎู.', 'employee', 1, 83, '2025-05-29 11:33:13', '2025-05-29 11:33:13'),
(643, 'ุฅุนุฏุงุฏ ุงูุชูุงุฑูุฑ ุงูููููุฉ ุจุฏูุฉ', 'ุชูุฏูู ุชูุงุฑูุฑ ุฏูููุฉ ูููุชุธูุฉ ุนู ุงูุงุณุชูุณุงุฑุงุช ูุงูุฅูุตุงูุงุช ูุน ุงูุญูุงุธ ุนูู ุงููุตุฏุงููุฉ ูู ูู ุงูุจูุงูุงุช.', 'employee', 1, 83, '2025-05-29 11:33:13', '2025-05-29 11:33:13'),
(644, 'ุชูุจู ุงูุชูุฌูู ูุงูุชุทููุฑ ุงููุณุชูุฑ', 'ุงูุงุณุชุฌุงุจุฉ ูุชุนูููุงุช ุฑุฆูุณ ุงููุณู ูุชูุจู ุงูููุฏ ุงูุจูุงุก ุจูุฏู ุงูุชุญุณูู ุงููุณุชูุฑ ูู ุงูุฃุฏุงุก.', 'employee', 1, 83, '2025-05-29 11:33:13', '2025-05-29 11:33:13'),
(645, 'ุชุถููู ุงููููุงุช ุงูููุชุงุญูุฉ ูู ุงูุนููุงู ูุงููุตู', NULL, 'employee', 1, 85, '2025-05-29 11:40:21', '2025-05-29 11:44:13'),
(646, 'ูุชุงุจุฉ ูุตู ุบูู ููุญุณูู ููุญุฑูุงุช ุงูุจุญุซ', NULL, 'employee', 1, 85, '2025-05-29 11:44:33', '2025-05-29 11:44:33'),
(647, 'ุงุฎุชูุงุฑ ุตูุฑ ูุตุบุฑุฉ ุฌุฐุงุจุฉ ููุฑุชุจุทุฉ ุจุงูููุฏูู', NULL, 'employee', 1, 85, '2025-05-29 11:44:55', '2025-05-29 11:44:55'),
(648, 'ุชูุธูู ุงูููุฏูููุงุช ูู ููุงุฆู ุชุดุบูู ููุงุณุจุฉ', NULL, 'employee', 1, 85, '2025-05-29 11:45:34', '2025-05-29 11:45:34'),
(649, 'ุนุฏุฏ ุงูููุฏูููุงุช ุงูุธุงูุฑุฉ ูู ูุชุงุฆุฌ ุงูุจุญุซ', NULL, 'employee', 1, 85, '2025-05-29 11:45:57', '2025-05-29 11:45:57'),
(650, 'ุงูุงูุชุฒุงู ุจุงูููุงุนูุฏ ูุงูููุงุนูุฏ ุงูููุงุฆูุฉ ููุชุณููู', NULL, 'employee', 1, 85, '2025-05-29 11:46:20', '2025-05-29 11:46:20'),
(651, 'ุธููุฑ ุงูููุฏูููุงุช ููุญุชูู ููุชุฑุญ', NULL, 'employee', 1, 85, '2025-05-29 11:46:36', '2025-05-29 11:46:36'),
(652, 'ุงูุชูุณูู ูุน ุฎุทุฉ ุงููุญุชูู ูุงูุฏูุฑุงุช', NULL, 'employee', 1, 85, '2025-05-29 11:46:59', '2025-05-29 11:46:59'),
(653, 'ุฅุนุฏุงุฏ ุชูุงุฑูุฑ ุฃุฏุงุก ุดูุฑูุฉ ูุงุถุญุฉ', NULL, 'employee', 1, 85, '2025-05-29 11:47:14', '2025-05-29 11:47:14'),
(654, 'ูุนุฏู ุงูููู ูู ุงููุดุชุฑููู ุงููุงุฏููู ูู ุงูุจุญุซ.', NULL, 'employee', 1, 85, '2025-05-29 11:50:33', '2025-05-29 11:50:42'),
(655, 'ูุณุจุฉ ุงูุชููููุงุช ููุนุฏูุงุช ุงูุชุญูููุงุช', NULL, 'employee', 1, 60, '2025-05-29 11:55:08', '2025-05-29 11:55:08'),
(656, 'ูุณุจุฉ ุงูุชููููุงุช ููุนุฏูุงุช ุงูุชุญูููุงุช', NULL, 'employee', 1, 53, '2025-05-29 11:56:04', '2025-06-30 17:48:50'),
(657, 'ูุณุจุฉ ุงูุชููููุงุช ููุนุฏูุงุช ุงูุชุญูููุงุช', NULL, 'employee', 1, 83, '2025-05-29 11:56:22', '2025-05-29 11:56:22'),
(658, 'ุฌูุฏุฉ ูุงุญุชุฑุงููุฉ ุงูุชุตููู', 'ุชูุฏูู ุชุตุงููู ุฏูููุฉุ ุฌูููุฉุ ูุงุญุชุฑุงููุฉ ุชุนูุณ ุฌูุฏุฉ ุงูุนูู.', 'employee', 1, 84, '2025-05-29 13:15:58', '2025-05-29 13:15:58'),
(659, 'ุงูุฅุจุฏุงุน ูุงูุงุจุชูุงุฑ ูู ุงูุชุตุงููู', 'ุงููุฏุฑุฉ ุนูู ุฅูุชุงุฌ ุฃููุงุฑ ุฌุฏูุฏุฉ ูุฌุฐุงุจุฉ \"ุฎุงุฑุฌ ุงูุตูุฏูู\" ุชุถูู ูููุฉ ุจุตุฑูุฉ ูููุญุชูู.', 'employee', 1, 84, '2025-05-29 13:15:58', '2025-05-29 13:15:58'),
(660, 'ุงูุงูุชุฒุงู ุจุงููููุฉ ุงูุจุตุฑูุฉ', 'ุชูุญูุฏ ุงูููุท ุงูุจุตุฑู ูู ุฌููุน ุงูุชุตุงููู ุจูุง ูุชูุงุดู ูุน ุงููููุฉ ุงูุจุตุฑูุฉ ุงูุฎุงุตุฉ ุจุงูุดุฑูุฉ.', 'employee', 1, 84, '2025-05-29 13:15:58', '2025-05-29 13:15:58'),
(661, 'ุงูุงูุชุฒุงู ุจุงูููุงุนูุฏ ุงูููุงุฆูุฉ', 'ุชุณููู ุงูุฃุนูุงู ุงููุทููุจุฉ ูู ุงูููุช ุงููุญุฏุฏ ููููุง ููุฌุฏูู ุงูุฒููู ุงููุชูู ุนููู.', 'employee', 1, 84, '2025-05-29 13:15:58', '2025-05-29 13:15:58'),
(662, 'ุงููุฑููุฉ ูู ุชูููุฐ ุงูุชุนุฏููุงุช', 'ุงูุงุณุชุฌุงุจุฉ ุงูุณุฑูุนุฉ ููููุงุญุธุงุช ูุงููุฏุฑุฉ ุนูู ุชุนุฏูู ุงูุชุตุงููู ุจููุงุกุฉ ุฏูู ุชุฃุฎูุฑ.', 'employee', 1, 84, '2025-05-29 13:15:58', '2025-05-29 13:15:58'),
(663, 'ุงูุชุนุงูู ูุงูุงูุณุฌุงู ูุน ุงููุฑูู', 'ุงูุชูุงุนู ุงูุฅูุฌุงุจู ูุน ุงููุฑููุ ุฎุงุตุฉ ูุน ุตูุงุน ุงููุญุชููุ ูุถูุงู ุชูุงูู ุงูุนูู.', 'employee', 1, 84, '2025-05-29 13:15:58', '2025-05-29 13:15:58'),
(664, 'ุงูููุงุกุฉ ูู ุงุณุชุฎุฏุงู ุฃุฏูุงุช ุงูุชุตููู', 'ุงูุชููู ูู ุงุณุชุฎุฏุงู ุงูุจุฑุงูุฌ ุงูุงุญุชุฑุงููุฉ ุงููุฎุชููุฉ ูุฅูุชุงุฌ ุชุตุงููู ุนุงููุฉ ุงูุฌูุฏุฉ.', 'employee', 1, 84, '2025-05-29 13:15:58', '2025-05-29 13:15:58'),
(665, 'ุงูุชูุงูู ูุน ูุชุทูุจุงุช ุงูููุตุงุช', 'ุชุตููู ูุญุชูู ูุชูุงุณุจ ูุน ููุงุตูุงุช ูุฃุจุนุงุฏ ุงูููุตุงุช ุงููุฎุชููุฉ (ุณูุดูุงู ููุฏูุงุ ูููุนุ ุฅุนูุงูุงุช... ุฅูุฎ).', 'employee', 1, 84, '2025-05-29 13:15:58', '2025-05-29 13:15:58'),
(666, 'ุงูุชุทููุฑ ุงูุฐุงุชู ูุงูุฅุจุฏุงุน ุงููุณุชูุฑ', 'ุงูุญุฑุต ุนูู ุชุทููุฑ ุงูุฐุงุชุ ูุงุจุชูุงุฑ ุฃููุงุฑ ุฌุฏูุฏุฉ ุชูุงูุจ ุงุญุชูุงุฌุงุช ุงูุณูู.', 'employee', 1, 84, '2025-05-29 13:15:58', '2025-05-29 13:15:58'),
(667, 'ููุงูุจุฉ ุงูุชุทูุฑุงุช ูู ุงููุฌุงู', 'ูุชุงุจุนุฉ ุงูุงุชุฌุงูุงุช ุงูุฌุฏูุฏุฉ ูู ุนุงูู ุงูุชุตููู ูุชุนูู ุฃุฏูุงุช ูุชูููุงุช ุญุฏูุซุฉ ูุชุญุณูู ุฌูุฏุฉ ุงูุนูู.', 'employee', 1, 84, '2025-05-29 13:15:58', '2025-05-29 13:15:58'),
(668, 'ุงุฏุงุฑุฉ ุงูููุงู ููุชุงุจุนุฉ ุงูุชูููุฐ', NULL, 'employee', 1, 24, '2025-05-31 17:20:20', '2025-05-31 17:20:20'),
(669, 'ุงูุงูุชุฒุงู ุจุงูููุงุนูุฏ ุงูููุงุฆูุฉ', NULL, 'employee', 1, 24, '2025-05-31 17:20:49', '2025-05-31 17:20:49'),
(670, 'ุฌูุฏุฉ ูููุชุงุฌ ุงูููุฏูููุงุช ุงูุชุนููููุฉ', NULL, 'employee', 1, 24, '2025-05-31 17:21:15', '2025-05-31 17:21:15'),
(671, 'ุงุญุชุฑุงู ููุฏูููุงุช ุงูููุดู ุฌุฑุงููู', NULL, 'employee', 1, 24, '2025-05-31 17:21:30', '2025-05-31 17:21:30'),
(673, 'ุงูุชูุงุณู ุงูุจุตุฑู ูุชุตููู ุงููุญุชูู', NULL, 'employee', 1, 24, '2025-05-31 17:21:50', '2025-05-31 17:21:50'),
(674, 'ุญู ุงููุดููุงุช ุงููููุฉ', NULL, 'employee', 1, 24, '2025-05-31 17:21:59', '2025-05-31 17:21:59'),
(675, 'ุงูุชุนุงูู ูุน ุงููุฑู ุงููุฎุชููุฉ', NULL, 'employee', 1, 24, '2025-05-31 17:22:13', '2025-05-31 17:22:13'),
(676, 'ุชูุธูู ุงููููุงุช ูุชูุซูู ุงููุดุงุฑูุน', NULL, 'employee', 1, 24, '2025-05-31 17:22:38', '2025-05-31 17:22:38'),
(677, 'ุงูุชุทููุฑ ุงูุฐุงุชู ููุชุงุจุนุฉ ุงูุชุฑููุฏุงุช', NULL, 'employee', 1, 24, '2025-05-31 17:22:54', '2025-05-31 17:22:54'),
(678, 'ุงูุงุจุชูุงุฑ ูู ุนุฑุถ ุงูุฏูุฑุงุช', NULL, 'employee', 1, 24, '2025-05-31 17:23:06', '2025-05-31 17:23:06'),
(679, 'ุงููุฑููุฉ ูู ุงูุชุนุงูู ูุน ุงูุชุนุฏููุงุช', NULL, 'employee', 1, 24, '2025-05-31 17:23:18', '2025-05-31 17:23:18'),
(680, 'ุงููุฑููุฉ ูู ุงูุชุนุงูู ูุน ุงูุชุนุฏููุงุช', NULL, 'employee', 0, 24, '2025-05-31 17:23:20', '2025-05-31 17:34:57'),
(681, 'ุฏุนู ุงููุฑูู ูุชูุฌูู ุงูุฒููุงุก', NULL, 'employee', 1, 24, '2025-05-31 17:23:38', '2025-05-31 17:23:38');

-- --------------------------------------------------------

--
-- Table structure for table `users`
--

CREATE TABLE `users` (
  `id` bigint(20) UNSIGNED NOT NULL,
  `name` varchar(255) NOT NULL,
  `email` varchar(255) NOT NULL,
  `password` varchar(255) NOT NULL,
  `role` enum('super_manager','manager','department_manager','employee') NOT NULL,
  `position` varchar(255) NOT NULL,
  `manager_id` bigint(20) UNSIGNED DEFAULT NULL,
  `department_id` bigint(20) UNSIGNED DEFAULT NULL,
  `status` tinyint(4) NOT NULL DEFAULT 1,
  `verification_code` varchar(255) DEFAULT NULL,
  `verification_code_expires_at` timestamp NULL DEFAULT NULL,
  `remember_token` varchar(100) DEFAULT NULL,
  `created_at` timestamp NULL DEFAULT NULL,
  `updated_at` timestamp NULL DEFAULT NULL,
  `assigned_by` bigint(20) UNSIGNED DEFAULT NULL
) ENGINE=InnoDB DEFAULT CHARSET=utf8mb4 COLLATE=utf8mb4_unicode_ci;

--
-- Dumping data for table `users`
--

INSERT INTO `users` (`id`, `name`, `email`, `password`, `role`, `position`, `manager_id`, `department_id`, `status`, `verification_code`, `verification_code_expires_at`, `remember_token`, `created_at`, `updated_at`, `assigned_by`) VALUES
(1, 'Main Manager', 'Manager@ceo', '$2y$12$4PjrMee8z3IHA4HB.7oIUuWLjTpdbagDZq5dbsdY8AFjJG1bZdmhu', 'manager', 'CEO', NULL, NULL, 1, NULL, NULL, NULL, '2025-05-04 07:07:33', '2025-05-12 18:20:39', NULL),
(2, 'Super Manager', 'mosabry820@gmail.com', '$2y$12$HO4rgX58qfmaz.FAEMWobO8rE8w.VzNF0zeJr2l7w34gchM22uMhq', 'super_manager', 'ADMIN', NULL, NULL, 1, NULL, NULL, NULL, '2025-05-04 07:07:33', '2025-05-26 13:39:33', NULL),
(23, 'tox', 'tox@legend', '$2y$12$ItHmL0Jmn4eLtZEnn91e1.OIlGN.Fd2rrWT7/scHmuMqiDMXN0qoa', 'department_manager', 'department manager', NULL, 5, 0, NULL, NULL, NULL, '2025-05-10 15:07:23', '2025-06-19 11:43:38', NULL),
(24, 'ูุญูุฏ ุนุจูุฏุฉ', 'mohmedaboda1111@gmail.com', '$2y$12$ghhf0CWiWNdq93eVWQ0BFe5kiCI.D2AOulG9Numy7YssQgulHv1Pq', 'department_manager', 'department manager', NULL, 6, 1, NULL, NULL, NULL, '2025-05-10 15:19:31', '2025-06-19 17:03:32', 25),
(25, 'ุญูุงู ุงููุฑุงูุจู', 'hananelmarakbi@gmail.com', '$2y$12$tbd3fAkD5hOkrf43TCNKsuSnuCKbSLhiD5h8iIYV57p.GmV/fDlGe', 'department_manager', 'department manager', NULL, 8, 1, NULL, NULL, NULL, '2025-05-10 15:20:23', '2025-06-19 01:51:51', NULL),
(26, 'ุฌูุนุฉ', 'gomaaayedsales2@gmail.com', '$2y$12$zzf16.ZLrdERKGZQ2Oqmquv9g18.geAGzwreggHexkVtag2JVqZqK', 'department_manager', 'department manager', NULL, 10, 1, '3b8Fyi', '2025-05-26 20:01:24', NULL, '2025-05-10 15:22:18', '2025-06-22 20:08:00', NULL),
(27, 'ูุณ ููุช', 'hematalhanfy@gmail.com', '$2y$12$Yq8Hv1xDm17toQyPWjRGtuShyyBoa4WnIe3/Wz68njoAyeSCqxiOK', 'department_manager', 'department manager', NULL, 7, 1, NULL, NULL, NULL, '2025-05-10 15:24:12', '2025-05-18 13:06:59', NULL),
(28, 'ุฏ/ ุนุจุฏ ุงูุนุฒูุฒ ุนุจุฏ ุงูุฏุงูู', 'pilotzizo@gmail.com', '$2y$12$5Cfzli0tnbVQC6i5hEPsVueBfUb.oYvKkUht45mRNEXGKbFyTiACG', 'department_manager', 'department manager', NULL, 9, 1, NULL, NULL, NULL, '2025-05-15 15:03:36', '2025-06-19 01:51:58', NULL),
(29, 'ุนุจุฏ ุงูุฑุญูู ูุฑุฌ', 'abdofarag.ayed@gmail.com', '$2y$12$1MHTAJCNg7NU.vTE4rsT8ON2hbBpA8WUvVIXMI7bEWfL7ydbYgueK', 'employee', 'ุฏุนู ููู ู ุชุณุฌูู', NULL, 10, 1, NULL, NULL, NULL, '2025-05-18 11:30:36', '2025-06-02 20:48:08', NULL),
(30, 'ุนูุง ูุญูุฏ', 'Olaorban162@gmail.com', '$2y$12$bV3i6rEZbNIwt0l0CqcVxerjq0qbNf8CEUPVlLbsbMfsXWPGo8Ai.', 'employee', 'ุฏุนู ููู ู ุชุณุฌูู', NULL, 8, 1, NULL, NULL, NULL, '2025-05-18 11:31:18', '2025-06-30 05:32:43', NULL),
(31, 'ูุญูุฏ ุงูููุงู', 'melfawal281@gmail.com', '$2y$12$o8lwONFJYqF8chbHvnq8CudlgvzxcO6haDdfPvTPmRpGmG6XQ5Zyy', 'employee', 'ูุจูุนุงุช', NULL, 10, 1, NULL, NULL, NULL, '2025-05-18 11:32:33', '2025-07-01 20:08:46', NULL),
(32, 'ูุญูุฏ ููุงูู', 'mekawy.mk0@gmail.com', '$2y$12$NINsqTQgEZqsgpQ.jQFT9OuxgoAMdM0rzlLlIbyNaVZ5ilC0sOHa.', 'employee', 'ูุจูุนุงุช', NULL, 10, 1, NULL, NULL, NULL, '2025-05-18 11:33:07', '2025-06-02 22:49:11', NULL),
(33, 'ูุญูุฏ ุงูุดุฑุจููู', 'mohamedelshrbenyayed24@gmail.com', '$2y$12$HOYkqbonAPNvra.gYxt15.FkfMOs13.VxZp3Tfv06GfDmHUS3tKf.', 'employee', 'ูุจูุนุงุช', NULL, 10, 1, NULL, NULL, NULL, '2025-05-18 11:33:39', '2025-06-03 14:26:24', NULL),
(34, 'ุงูุณุนูุฏ ุนูุงุก', 'sa3ed3laa.work@gmail.com', '$2y$12$Ugd89qrKuguUCIjYo3bBXOYhlJzig8qBJvaM7VXg8YKRhq9AulrlO', 'employee', 'ุฏุนู ููู ู ุชุณุฌูู', NULL, 10, 1, NULL, NULL, NULL, '2025-05-18 11:34:20', '2025-06-02 20:53:31', NULL),
(35, 'ููุฏูุญ ุนุตุงู', 'mamdouhayed8@gmail.com', '$2y$12$vZBnO9VMAIO9vbC69dT4wOqdIFkxbrLIBwJWqYNw3kJswMDGJ/PCS', 'employee', 'ูุจูุนุงุช', NULL, 10, 1, NULL, NULL, NULL, '2025-05-18 11:35:02', '2025-06-03 12:35:25', NULL),
(36, 'ูุจูู ูุคุงุฏ', 'lobnafouad122@gmail.com', '$2y$12$wyyUvYfoX12cMRmkOrm.gOkSPm3xlpXnKDxgbSHFtmCV6TeyogS.i', 'employee', 'ุฏุนู ููู ู ุชุณุฌูู', NULL, 10, 0, NULL, NULL, NULL, '2025-05-18 11:35:40', '2025-06-30 05:32:54', NULL),
(37, 'ูุญููุฏ ุฎูุงุฌู', 'elkhafagy70@gmail.com', '$2y$12$ixTTNB8/JHxuByzaQJKmAe3Xra7dkCVkqh60qdfSzfnKxqGHGbsLq', 'employee', 'ูุจูุนุงุช', NULL, 10, 1, NULL, NULL, NULL, '2025-05-18 11:36:30', '2025-07-01 15:16:38', NULL),
(38, 'ุนุจุฏ ุงูุฑุญูู ููุงุน', 'abdelrahmanmanaaayed24@gmail.com', '$2y$12$ynlb/kA6q8ruOqqajNlJ3uan8PfGIUnB/kRmHSTwWacoYgdzHp/RG', 'employee', 'ูุจูุนุงุช', NULL, 10, 1, NULL, NULL, NULL, '2025-05-18 11:40:30', '2025-06-02 20:38:55', NULL),
(39, 'ููุฑูุงู ูุงุฌุฏ', 'normaged41@gmail.com', '$2y$12$SXrNd1YWAR5uGyQI8.oIA.V.7NnLgtTa4ECD5aThs8u0/DYQRgo6G', 'employee', 'ูุจูุนุงุช', NULL, 10, 1, NULL, NULL, NULL, '2025-05-18 11:41:15', '2025-06-02 20:40:08', NULL),
(40, 'ููุฑุง ููุงูู', 'noramekawyayed24@gmail.com', '$2y$12$h63nYGVD2lb.U14PR5n0e.I88qdqAkFm057ThbYTsdKcicNz1XRgi', 'employee', 'ุฏุนู ููู ู ุชุณุฌูู', NULL, 10, 1, NULL, NULL, NULL, '2025-05-18 11:41:55', '2025-07-01 14:51:36', NULL),
(41, 'ูุญููุฏ ุนูู', 'mahmoudali.ayedacaddemy@gmail.com', '$2y$12$07PtwiFqaNwW5muIpf80kuH3lX6fh.H1qL7jHsE/xqNkIa3rjgSpW', 'employee', 'ูุจูุนุงุช', NULL, 10, 1, NULL, NULL, NULL, '2025-05-18 11:42:29', '2025-07-01 08:31:04', NULL),
(42, 'ูุญููุฏ ุนุงุฏู', 'Mahmoudadelayed24@gmail.com', '$2y$12$E/zmYTdMnVJKk3CGYDyY8OVOGi/jKmzVfZTxCsM60Iimgx8HOXFTu', 'employee', 'ุฏุนู ููู ู ุชุณุฌูู', NULL, 10, 1, NULL, NULL, NULL, '2025-05-18 11:43:19', '2025-06-02 20:51:48', NULL),
(43, 'ูุญูุฏ ุงููุญูุฏู', 'mmm.mohamedy8989@gmail.com', '$2y$12$VkpVGkvXqwOivQK9Vml4eeJuePBztXQeXxFYIAOWCkIJCmHhHLz3a', 'employee', 'graphic designer', NULL, 8, 1, NULL, NULL, NULL, '2025-05-18 11:46:29', '2025-06-02 11:04:38', NULL),
(44, 'ุฃุดูุงู ุฃุญูุฏ', 'awork4001@gmail.com', '$2y$12$SJcY5Fb0wMwLy0zXHP2yeuKYvWLeQrvSpajT9LGGe0HyHU5Svbxby', 'employee', 'content writer seo', NULL, 8, 1, NULL, NULL, NULL, '2025-05-18 11:47:26', '2025-06-02 11:25:44', NULL),
(45, 'ุฏููุง ุญุณู', 'donia.hassan.mohamed251@gmail.com', '$2y$12$BHOcFVeGLneblPsjxj1Bg.fXbfDAFcYI03eCs7Mkw6QqcSCzfh7ZW', 'employee', 'content writer', NULL, 8, 1, NULL, NULL, NULL, '2025-05-18 11:48:12', '2025-06-02 10:32:06', NULL),
(46, 'ููู ูุงูู', 'nohahaniiii756@gmail.com', '$2y$12$ZFb4l9rWmGKVJfzmkApP5evoxRIDyNuGLbtQJiKtS9aemd8o1Yiwu', 'employee', 'content writer', NULL, 8, 1, NULL, NULL, NULL, '2025-05-18 11:49:04', '2025-06-02 09:53:51', NULL),
(47, 'ุขูุฉ ุนูุงู', 'Allamayoosh8@gmail.com', '$2y$12$jiwLEnzEXMaaGUFr339to.fhNLgeCe.ev0JWGO6ttyN3AidNVUTx.', 'employee', 'graphic designer', NULL, 8, 1, NULL, NULL, NULL, '2025-05-18 11:49:49', '2025-05-18 11:49:49', NULL),
(48, 'ูููุฉ ูุดุฃุช', 'lenanashaat273@gmail.com', '$2y$12$kh5sZddjznwIDqLs5QWA9ujGVNm29fiI2Oi.d1FZin4J0J5EdA6Y.', 'employee', 'moderator', NULL, 8, 1, NULL, NULL, NULL, '2025-05-18 11:50:34', '2025-06-30 14:11:02', NULL),
(49, 'ูุฌูู ุญุณู', 'nagwahassan.2468@gmail.com', '$2y$12$WO1L5yDbz2Yhgosnw1163OkrN01uHUJ5ENICL8Z.XYtF3FzBRnIy2', 'employee', 'graphic designer', NULL, 8, 1, NULL, NULL, NULL, '2025-05-18 11:51:33', '2025-06-02 09:54:27', NULL),
(50, 'ููุฑูุง ูุฌุฏู', 'mernamagdiseraj@gmail.com', '$2y$12$A/RjVohFCXgyasY2gQRLGub.AlwTqKPj8ztloF.r.pkl0.Q/ugQtC', 'employee', 'graphic designer', NULL, 8, 1, NULL, NULL, NULL, '2025-05-18 12:34:16', '2025-05-18 12:34:16', NULL),
(51, 'ุฃูููุฉ ุตูุงุญ', 'omniasalah240@gmail.com', '$2y$12$p74F.BeNQeymY3xkCfrPC.RLopS9o5vIgP8P3Eaq2yEBztCpLGoPW', 'employee', 'media buyer', NULL, 8, 1, NULL, NULL, NULL, '2025-05-18 12:34:58', '2025-05-18 12:34:58', NULL),
(52, 'ุนุจุฏ ุงูุฑุญูู ุนุซูุงู', 'abdelrahmanothmanayed24@gmail.com', '$2y$12$fyH36cpS6tvn5L2Qf6tNLuQJrspkCESPW2Ponf/RzmZKHoef/H582', 'employee', 'ูุจูุนุงุช', NULL, 10, 1, NULL, NULL, NULL, '2025-05-18 12:35:52', '2025-06-02 20:33:55', NULL),
(53, 'ูุฑูู ูุญูุฏ', 'mariamayedsales6@gmail.com', '$2y$12$jO9qP17LGl5NEV8KHRaYyedmzHlInNcgJkrxKQLEOaAwEc8R0sEwi', 'employee', 'moderator', NULL, 8, 1, NULL, NULL, NULL, '2025-05-18 12:53:03', '2025-06-02 16:12:00', NULL),
(54, 'Ahmed Wael', 'ahmed111wael999@gmail.com', '$2y$12$2h9XY4h9XZE48NtihAVXEun3CFo94ziMFJZIZS8xY4EiOr5RY1dwi', 'employee', 'ูุฏุฑุณ ูุณุงุนุฏ', NULL, 7, 1, NULL, NULL, NULL, '2025-05-18 20:22:58', '2025-05-18 20:22:58', NULL),
(55, 'Doaa Elsherbiny', 'elsherbinydoaa11@gmail.com', '$2y$12$3Ok2dvUG7pKrftfFjBU.COpjp9JD4RSQI84nWPh1nSYYK5y7ElLRO', 'employee', 'ูุฏุฑุณ ูุณุงุนุฏ', NULL, 7, 1, NULL, NULL, NULL, '2025-05-18 20:23:31', '2025-05-18 20:23:31', NULL),
(56, 'Doha Atef', 'dohaatef2000@gmail.com', '$2y$12$HNmZh2Xy4mX1INbv66kEIeGqcVnGhnfxcsVoNr/OYoveS/5Mqe4pu', 'employee', 'ูุฏุฑุณ ูุณุงุนุฏ', NULL, 7, 1, NULL, NULL, NULL, '2025-05-18 20:23:58', '2025-05-18 20:23:58', NULL),
(57, 'Ahmed Ezzat', 'thepillip99@gmail.com', '$2y$12$cLBRfFHGsJRzRsB3HxBqMOp6kdT42rxJTRM5QLtkXdvAqarhW4vku', 'employee', 'ูุฏุฑุณ ูุณุงุนุฏ', NULL, 7, 1, NULL, NULL, NULL, '2025-05-18 20:24:17', '2025-05-18 20:24:17', NULL),
(58, 'Solaf Elmmancy', 'solaf.elmmancy@gmail.com', '$2y$12$MYzZLJKzuYwkUoDV3wCM7u0gvbnyNMWz3jVY4hD8aHg0KpcqXUAt6', 'employee', 'ูุฏุฑุณ ูุณุงุนุฏ', NULL, 7, 1, NULL, NULL, NULL, '2025-05-18 20:24:45', '2025-05-18 20:24:45', NULL),
(60, 'Mohammed Elashery', 'mohammedelashery19@gmail.com', '$2y$12$Z7wRaYC0pgvOIw.WlsuwZeyjjNxOI.d/ZhMzbHglarWNfL3cJitSK', 'employee', 'moderator', NULL, 8, 1, NULL, NULL, NULL, '2025-05-18 21:28:09', '2025-05-18 21:28:09', NULL),
(61, 'ูุงุฏูู ุงูุฌูุฏู', 'nadeenelgendy2001@gmail.com', '$2y$12$ItHmL0Jmn4eLtZEnn91e1.OIlGN.Fd2rrWT7/scHmuMqiDMXN0qoa', 'employee', 'Site Admin', NULL, 5, 1, NULL, NULL, NULL, '2025-05-25 17:23:00', '2025-06-19 18:57:02', NULL),
(62, 'ูุตุทูู ุทูุงู', 'Mostafataman70@gmail.com', '$2y$12$lfsJPFfW9r1SZ2byvBQ9Tekl0E9lEhU76nKRfghx9H7WfTY/xfE6S', 'employee', 'Site Admin', NULL, 5, 1, NULL, NULL, NULL, '2025-05-25 17:23:27', '2025-05-27 10:27:00', NULL),
(63, 'ุงุณูุงู ูุตุฑ ููุณู', 'ezlamayed4@gmail.com', '$2y$12$sY0eqJN6bWjKdcXPY8f8yuNCr6GePkBjKbLnwKG9RdzwcHHDulzqq', 'employee', 'ูุตูู', NULL, 6, 1, NULL, NULL, NULL, '2025-05-26 14:56:36', '2025-05-26 14:56:36', NULL),
(64, 'ุณุงุฑุฉ ุฐูู', 'Zsaraelsayed6@gmail.com', '$2y$12$c3TvaQRkn/ON9o3H8me/qOZrT5bXdVePf915VPg39pPQcpGR6xcB6', 'employee', 'ูููุชุงุฌ', NULL, 6, 1, NULL, NULL, NULL, '2025-05-26 14:56:56', '2025-05-26 14:56:56', NULL),
(65, 'ูุญูุฏ ุตุจุฑู ุงูุจุงุฒ', 'Mohamedsabry.152000@gmail.com', '$2y$12$d5WmOPwoI1Eo21thwWjOreYsraPhDZFAXywjIRoJuZSToIWtV.99m', 'employee', 'ูุตูู', NULL, 6, 1, NULL, NULL, NULL, '2025-05-26 14:57:14', '2025-05-26 14:57:14', NULL),
(66, 'ูุฏู ุงููุฏูุณู', 'nadaelqudosyayed24@gmail.com', '$2y$12$uGkxFwoYPVDI4TTinx7uzeXHl.w62OPdYSZoEcLxPO4qMpCTohB2G', 'employee', 'ูุตูู', NULL, 6, 1, NULL, NULL, NULL, '2025-05-26 14:58:45', '2025-07-03 19:09:26', NULL),
(67, 'ูุงุฑุง ุทุงุฑู', 'Yaratarek521@gmail.com', '$2y$12$CmD4xgIpGony/iJcLJ1o1.TMzlGhWLIdKqhUr1S4D6YE8oYEYu1pG', 'employee', 'ูุตูู', NULL, 6, 1, NULL, NULL, NULL, '2025-05-26 14:59:02', '2025-05-26 14:59:02', NULL),
(68, 'ุงุญูุฏ ุนุจุฏ ุงูุญููู', 'ahmed.ayedacademy0100@gmail.com', '$2y$12$eMLOcKdsxHCX/MwL87jxUeWwoBj8tB7kHgZIwhF6aOsIvG2EXYWAu', 'employee', 'ูุตูู', NULL, 6, 1, NULL, NULL, NULL, '2025-05-26 14:59:19', '2025-06-22 14:35:56', NULL),
(69, 'ุงููุงุณ ุฐูู', 'enaszaki107@gmail.com', '$2y$12$w71.KpgPm2RoPzzNcuo76Oq/VflP7mk6MSe9op8uHHUuWOHfjbJ0W', 'employee', 'ูุฏุฑุณุฉ ุงูุฌูุด', NULL, 7, 1, NULL, NULL, NULL, '2025-05-26 19:14:30', '2025-05-26 19:14:30', NULL),
(70, 'ุงุญูุฏ ุจุฏุฑ', 'badr.ayed10@gmail.com', '$2y$12$IqbHK7O4oxu7HIm6K8NrDuJjg0i7z4DD9ldsA.Coj7qCfRHU4pKPe', 'employee', 'ุงูุฏุนู ุงูููู ูุงูุชุณุฌูู', NULL, 10, 1, NULL, NULL, NULL, '2025-05-26 19:17:51', '2025-06-02 17:07:57', NULL),
(71, 'ูุญูุฏ ุนุจุงุณ', 'abbas.ayed133@gmail.com', '$2y$12$0Q7u3uQWcr1TXHMXm.l4tuMwiv3uXfMBifv/M.UZC8DKVxPDN3Xfe', 'employee', 'ุฏุนู ููู ูุชุณุฌูู', NULL, 10, 1, NULL, NULL, NULL, '2025-05-26 19:18:56', '2025-06-02 20:36:57', NULL),
(72, 'programmer', 'toxiedo@gmail.com', '$2y$12$WzMVTYvyPEoIrxDD/4.yFu7Qp73Chrb3V9EGPHNQBQwK/r03tFaN.', 'manager', 'manager', NULL, NULL, 0, NULL, NULL, NULL, '2025-05-26 19:19:11', '2025-06-30 14:13:56', NULL),
(73, 'ุนูุฑู ุจุฏุฑุงู', 'amrb2163@gmail.com', '$2y$12$rrnnftStK/hcCsFGOgH5WONwSYYyg.dgqF3VQZV0e69mN5UQtGAe6', 'employee', 'ุฏุนู ููู ูุชุณุฌูู', NULL, 10, 1, NULL, NULL, NULL, '2025-05-26 19:19:33', '2025-05-26 19:19:33', NULL),
(74, 'ุฃูููุฉยูุตุทูู', 'omniaayedsales5@gmail.com', '$2y$12$gynX14qDCVvC/zngAoF2UucVjx.ScD.LB.G67ndGTqnnQ7UduwjWK', 'employee', 'ุฏุนู ููู ูุชุณุฌูู', NULL, 10, 1, NULL, NULL, NULL, '2025-05-26 19:20:04', '2025-06-02 21:44:12', NULL),
(75, 'ูุงุฑุณ ุฑุฌุจ', 'faresragab195@gmail.com', '$2y$12$EfNGgL4lQWMk.eZANAj5zuPRvo4B4cYYemZbSwJ50/gl06Dvtxe6S', 'employee', 'Site Admin', NULL, 5, 1, NULL, NULL, NULL, '2025-05-27 02:51:45', '2025-05-27 17:47:32', NULL),
(76, 'ุฎููุฏ ุงููุฑูุงูู', 'kholodahmed393@gmail.com', '$2y$12$/yZDiHYj1UPsxiLSi9p0ke4OqI5cZXPsrQLvOtihdqBusxqOUCwPW', 'department_manager', 'department manager', NULL, 11, 1, NULL, NULL, NULL, '2025-05-27 12:25:32', '2025-06-19 01:52:15', NULL),
(77, 'ูุฑููู ุงูุณูุฏ', 'nermenelsaied822@gmail.com', '$2y$12$rtn3fgPp8aqHcVt.zCLQ2.ODxrzFqMOHJrJlas3wl5eAY9EoV1s1m', 'employee', 'ููุธูุฉ', NULL, 11, 1, NULL, NULL, NULL, '2025-05-27 17:44:44', '2025-06-22 16:24:42', NULL),
(78, 'ูุญู ูุงุฆู', 'mohywael95@gmail.com', '$2y$12$oQ0jGp0zXqB0C6c.YFFADuIbswB2SVBIl9GL6U9MLLYbWwzgBs9Bu', 'employee', 'ูุฏุฑุณ ูุณุงุนุฏ', NULL, 11, 1, 'XTQPGy', '2025-07-03 17:23:48', NULL, '2025-05-27 17:45:13', '2025-07-03 16:25:17', NULL),
(79, 'ุณุงูุญ ุนูุงุฏ', 'emadsameh264@gmail.com', '$2y$12$K8vgvYfg5Lnq1q6YsMak4eIyepB2detjZVrSU1iCGa9DksRmS6eai', 'employee', 'ูุฏุฑุณ ูุณุงุนุฏ', NULL, 11, 1, NULL, NULL, NULL, '2025-05-27 17:45:34', '2025-06-22 16:12:36', NULL),
(80, 'ุงุณูุงู ูุญูุฏ', 'em6169865@gmail.com', '$2y$12$1hyIjOZpmXBHhwkOK19CuOCSVrmyA0mXAiPbwmMSQ5tekDCXcxrKW', 'employee', 'ููุธูุฉ', NULL, 11, 1, NULL, NULL, NULL, '2025-05-27 17:49:48', '2025-06-22 16:17:22', NULL),
(81, 'ููุฉ ุงููุฑุณู', 'menna.elmoursy8@gmail.com', '$2y$12$K1WEV0suKRAlvKHmQDyZ0..dkiVtgYKcwqOoZio7imwP4wIKxv1JS', 'employee', 'ูุฏุฑุณ ูุณุงุนุฏ', NULL, 11, 1, NULL, NULL, NULL, '2025-05-27 17:50:10', '2025-06-22 16:32:22', NULL),
(82, 'HR', 'Hr.ayedacademy0@gmail.com', '$2y$12$zFI4KI0zB5V87aBxdESFo.er/f74wT/FyQ.Aw6Eq7vVqaDLYFOkOS', 'manager', 'manager', NULL, NULL, 0, NULL, NULL, NULL, '2025-05-28 15:45:31', '2025-05-28 15:45:43', NULL),
(83, 'ูุญูุฏ ุงูุญุถุฑู', 'melahadary475@gmail.com', '$2y$12$LL0wxKaC47K5uGu9UWp4.OkUf6rcxtoF5phnJuYGwBhWs7NOASgxi', 'employee', 'moderator', NULL, 8, 1, NULL, NULL, NULL, '2025-05-29 11:32:49', '2025-07-09 09:01:31', NULL),
(84, 'ูุตุทูู ุนุงุฏู', 'moustafa56734@gmail.com', '$2y$12$oqF33igopeStS1iX6p8OYu2vQvmJpCpSAdSjdPqgL/ysbFm3Mk8ga', 'employee', 'designer', NULL, 8, 1, NULL, NULL, NULL, '2025-05-29 11:38:02', '2025-05-29 11:38:02', NULL),
(85, 'ููุณู ูููุฏ', 'youseffwaleeed@gmail.com', '$2y$12$QlDuLeDY3opzd79kUSxzKuVW8MgjvOTrRBKki0OK6afD3tHBEGBV2', 'employee', 'Seo specialist', NULL, 8, 1, NULL, NULL, NULL, '2025-05-29 11:39:29', '2025-05-29 11:39:29', NULL);

--
-- Indexes for dumped tables
--

--
-- Indexes for table `cache`
--
ALTER TABLE `cache`
  ADD PRIMARY KEY (`key`);

--
-- Indexes for table `cache_locks`
--
ALTER TABLE `cache_locks`
  ADD PRIMARY KEY (`key`);

--
-- Indexes for table `departments`
--
ALTER TABLE `departments`
  ADD PRIMARY KEY (`id`),
  ADD UNIQUE KEY `departments_name_unique` (`name`);

--
-- Indexes for table `employee_evaluations`
--
ALTER TABLE `employee_evaluations`
  ADD PRIMARY KEY (`id`),
  ADD UNIQUE KEY `employee_evaluations_employee_id_month_unique` (`employee_id`,`month`),
  ADD KEY `employee_evaluations_department_id_foreign` (`department_id`),
  ADD KEY `employee_evaluations_assigned_by_foreign` (`assigned_by`);

--
-- Indexes for table `employee_evaluation_details`
--
ALTER TABLE `employee_evaluation_details`
  ADD PRIMARY KEY (`id`),
  ADD KEY `employee_evaluation_details_employee_evaluation_id_foreign` (`employee_evaluation_id`),
  ADD KEY `employee_evaluation_details_standard_id_foreign` (`standard_id`);

--
-- Indexes for table `failed_jobs`
--
ALTER TABLE `failed_jobs`
  ADD PRIMARY KEY (`id`),
  ADD UNIQUE KEY `failed_jobs_uuid_unique` (`uuid`);

--
-- Indexes for table `jobs`
--
ALTER TABLE `jobs`
  ADD PRIMARY KEY (`id`),
  ADD KEY `jobs_queue_index` (`queue`);

--
-- Indexes for table `job_batches`
--
ALTER TABLE `job_batches`
  ADD PRIMARY KEY (`id`);

--
-- Indexes for table `migrations`
--
ALTER TABLE `migrations`
  ADD PRIMARY KEY (`id`);

--
-- Indexes for table `mission_files`
--
ALTER TABLE `mission_files`
  ADD PRIMARY KEY (`id`),
  ADD KEY `mission_files_mission_id_foreign` (`mission_id`),
  ADD KEY `mission_files_user_id_foreign` (`user_id`);

--
-- Indexes for table `mission_reports`
--
ALTER TABLE `mission_reports`
  ADD PRIMARY KEY (`id`),
  ADD KEY `mission_reports_mission_request_id_foreign` (`mission_request_id`),
  ADD KEY `mission_reports_user_id_foreign` (`user_id`);

--
-- Indexes for table `mission_requests`
--
ALTER TABLE `mission_requests`
  ADD PRIMARY KEY (`id`),
  ADD UNIQUE KEY `mission_requests_ticket_number_unique` (`ticket_number`),
  ADD KEY `mission_requests_department_id_foreign` (`department_id`),
  ADD KEY `mission_requests_mission_type_id_foreign` (`mission_type_id`),
  ADD KEY `mission_requests_user_id_foreign` (`user_id`);

--
-- Indexes for table `mission_types`
--
ALTER TABLE `mission_types`
  ADD PRIMARY KEY (`id`),
  ADD KEY `mission_types_department_id_foreign` (`department_id`);

--
-- Indexes for table `password_reset_tokens`
--
ALTER TABLE `password_reset_tokens`
  ADD PRIMARY KEY (`email`);

--
-- Indexes for table `sessions`
--
ALTER TABLE `sessions`
  ADD PRIMARY KEY (`id`),
  ADD KEY `sessions_user_id_index` (`user_id`),
  ADD KEY `sessions_last_activity_index` (`last_activity`);

--
-- Indexes for table `standards`
--
ALTER TABLE `standards`
  ADD PRIMARY KEY (`id`),
  ADD KEY `standards_employee_id_foreign` (`employee_id`);

--
-- Indexes for table `users`
--
ALTER TABLE `users`
  ADD PRIMARY KEY (`id`),
  ADD UNIQUE KEY `users_email_unique` (`email`),
  ADD KEY `users_manager_id_foreign` (`manager_id`),
  ADD KEY `users_department_id_foreign` (`department_id`),
  ADD KEY `users_assigned_by_foreign` (`assigned_by`);

--
-- AUTO_INCREMENT for dumped tables
--

--
-- AUTO_INCREMENT for table `departments`
--
ALTER TABLE `departments`
  MODIFY `id` bigint(20) UNSIGNED NOT NULL AUTO_INCREMENT, AUTO_INCREMENT=17;

--
-- AUTO_INCREMENT for table `employee_evaluations`
--
ALTER TABLE `employee_evaluations`
  MODIFY `id` bigint(20) UNSIGNED NOT NULL AUTO_INCREMENT, AUTO_INCREMENT=150;

--
-- AUTO_INCREMENT for table `employee_evaluation_details`
--
ALTER TABLE `employee_evaluation_details`
  MODIFY `id` bigint(20) UNSIGNED NOT NULL AUTO_INCREMENT, AUTO_INCREMENT=1375;

--
-- AUTO_INCREMENT for table `failed_jobs`
--
ALTER TABLE `failed_jobs`
  MODIFY `id` bigint(20) UNSIGNED NOT NULL AUTO_INCREMENT;

--
-- AUTO_INCREMENT for table `jobs`
--
ALTER TABLE `jobs`
  MODIFY `id` bigint(20) UNSIGNED NOT NULL AUTO_INCREMENT;

--
-- AUTO_INCREMENT for table `migrations`
--
ALTER TABLE `migrations`
  MODIFY `id` int(10) UNSIGNED NOT NULL AUTO_INCREMENT, AUTO_INCREMENT=11;

--
-- AUTO_INCREMENT for table `mission_files`
--
ALTER TABLE `mission_files`
  MODIFY `id` bigint(20) UNSIGNED NOT NULL AUTO_INCREMENT, AUTO_INCREMENT=23;

--
-- AUTO_INCREMENT for table `mission_reports`
--
ALTER TABLE `mission_reports`
  MODIFY `id` bigint(20) UNSIGNED NOT NULL AUTO_INCREMENT, AUTO_INCREMENT=34;

--
-- AUTO_INCREMENT for table `mission_requests`
--
ALTER TABLE `mission_requests`
  MODIFY `id` bigint(20) UNSIGNED NOT NULL AUTO_INCREMENT, AUTO_INCREMENT=28;

--
-- AUTO_INCREMENT for table `mission_types`
--
ALTER TABLE `mission_types`
  MODIFY `id` bigint(20) UNSIGNED NOT NULL AUTO_INCREMENT, AUTO_INCREMENT=14;

--
-- AUTO_INCREMENT for table `standards`
--
ALTER TABLE `standards`
  MODIFY `id` bigint(20) UNSIGNED NOT NULL AUTO_INCREMENT, AUTO_INCREMENT=682;

--
-- AUTO_INCREMENT for table `users`
--
ALTER TABLE `users`
  MODIFY `id` bigint(20) UNSIGNED NOT NULL AUTO_INCREMENT, AUTO_INCREMENT=88;

--
-- Constraints for dumped tables
--

--
-- Constraints for table `employee_evaluations`
--
ALTER TABLE `employee_evaluations`
  ADD CONSTRAINT `employee_evaluations_assigned_by_foreign` FOREIGN KEY (`assigned_by`) REFERENCES `users` (`id`) ON DELETE CASCADE,
  ADD CONSTRAINT `employee_evaluations_department_id_foreign` FOREIGN KEY (`department_id`) REFERENCES `departments` (`id`) ON DELETE CASCADE,
  ADD CONSTRAINT `employee_evaluations_employee_id_foreign` FOREIGN KEY (`employee_id`) REFERENCES `users` (`id`) ON DELETE CASCADE;

--
-- Constraints for table `employee_evaluation_details`
--
ALTER TABLE `employee_evaluation_details`
  ADD CONSTRAINT `employee_evaluation_details_employee_evaluation_id_foreign` FOREIGN KEY (`employee_evaluation_id`) REFERENCES `employee_evaluations` (`id`) ON DELETE CASCADE,
  ADD CONSTRAINT `employee_evaluation_details_standard_id_foreign` FOREIGN KEY (`standard_id`) REFERENCES `standards` (`id`) ON DELETE CASCADE;

--
-- Constraints for table `mission_files`
--
ALTER TABLE `mission_files`
  ADD CONSTRAINT `mission_files_mission_id_foreign` FOREIGN KEY (`mission_id`) REFERENCES `mission_requests` (`id`) ON DELETE CASCADE,
  ADD CONSTRAINT `mission_files_user_id_foreign` FOREIGN KEY (`user_id`) REFERENCES `users` (`id`) ON DELETE CASCADE;

--
-- Constraints for table `mission_reports`
--
ALTER TABLE `mission_reports`
  ADD CONSTRAINT `mission_reports_mission_request_id_foreign` FOREIGN KEY (`mission_request_id`) REFERENCES `mission_requests` (`id`) ON DELETE CASCADE,
  ADD CONSTRAINT `mission_reports_user_id_foreign` FOREIGN KEY (`user_id`) REFERENCES `users` (`id`) ON DELETE CASCADE;

--
-- Constraints for table `mission_requests`
--
ALTER TABLE `mission_requests`
  ADD CONSTRAINT `mission_requests_department_id_foreign` FOREIGN KEY (`department_id`) REFERENCES `departments` (`id`) ON DELETE CASCADE,
  ADD CONSTRAINT `mission_requests_mission_type_id_foreign` FOREIGN KEY (`mission_type_id`) REFERENCES `mission_types` (`id`) ON DELETE CASCADE,
  ADD CONSTRAINT `mission_requests_user_id_foreign` FOREIGN KEY (`user_id`) REFERENCES `users` (`id`) ON DELETE CASCADE;

--
-- Constraints for table `mission_types`
--
ALTER TABLE `mission_types`
  ADD CONSTRAINT `mission_types_department_id_foreign` FOREIGN KEY (`department_id`) REFERENCES `departments` (`id`) ON DELETE CASCADE;

--
-- Constraints for table `standards`
--
ALTER TABLE `standards`
  ADD CONSTRAINT `standards_employee_id_foreign` FOREIGN KEY (`employee_id`) REFERENCES `users` (`id`) ON DELETE CASCADE;

--
-- Constraints for table `users`
--
ALTER TABLE `users`
  ADD CONSTRAINT `users_assigned_by_foreign` FOREIGN KEY (`assigned_by`) REFERENCES `users` (`id`) ON DELETE SET NULL,
  ADD CONSTRAINT `users_department_id_foreign` FOREIGN KEY (`department_id`) REFERENCES `departments` (`id`) ON DELETE SET NULL,
  ADD CONSTRAINT `users_manager_id_foreign` FOREIGN KEY (`manager_id`) REFERENCES `users` (`id`) ON DELETE SET NULL;
COMMIT;

/*!40101 SET CHARACTER_SET_CLIENT=@OLD_CHARACTER_SET_CLIENT */;
/*!40101 SET CHARACTER_SET_RESULTS=@OLD_CHARACTER_SET_RESULTS */;
/*!40101 SET COLLATION_CONNECTION=@OLD_COLLATION_CONNECTION */;
